timestamp,service,cpu_percent,memory_usage_mb,memory_percent,network_rx_bytes,network_tx_bytes,block_read_bytes,block_write_bytes,pids,log_count,error_count,warning_count
2026-10-08 10:09:27.262208700+00:00,socialnetwork-url-shorten-service-1,0.0,2.871001088,0.07,1270000.0,627000.0,971000.0,0.0,3.0,,,
2026-10-08 10:09:27.262208700+00:00,socialnetwork-nginx-thrift-1,0.03,25.82642688,0.65,40600000.0,54100000.0,14100000.0,4100.0,5.0,,,
2026-10-08 10:09:27.262208700+00:00,socialnetwork-media-frontend-1,0.0,23.530045440000002,0.59,10600.0,126.0,10100000.0,4100.0,17.0,,,
2026-10-08 10:09:27.262208700+00:00,socialnetwork-compose-post-service-1,0.0,6.753878016,0.17,11900.0,126.0,6160000.0,0.0,2.0,,,
2026-10-08 10:09:27.262208700+00:00,socialnetwork-post-storage-service-1,0.0,4.620025856,0.12,40300000.0,28800000.0,0.0,0.0,6.0,,,
2026-10-08 10:09:27.262208700+00:00,socialnetwork-media-service-1,0.0,2.0730347520000003,0.05,12100.0,126.0,1120000.0,0.0,2.0,,,
2026-10-08 10:09:27.262208700+00:00,socialnetwork-user-service-1,0.0,7.118782464,0.18,1270000.0,627000.0,5540000.0,0.0,3.0,,,
2026-10-08 10:09:27.262208700+00:00,socialnetwork-home-timeline-service-1,0.08,5.116002303999999,0.13,20800000.0,20700000.0,1890000.0,0.0,4.0,,,
2026-10-08 10:09:27.262208700+00:00,socialnetwork-user-mention-service-1,0.0,2.780823552,0.07,11000.0,126.0,991000.0,0.0,2.0,,,
2026-10-08 10:09:27.262208700+00:00,socialnetwork-unique-id-service-1,0.0,2.080374784,0.05,11700.0,126.0,967000.0,0.0,2.0,,,
2026-10-08 10:09:27.262208700+00:00,socialnetwork-social-graph-service-1,0.0,3.375366144,0.08,1270000.0,627000.0,1710000.0,0.0,3.0,,,
2026-10-08 10:09:27.262208700+00:00,socialnetwork-user-timeline-service-1,0.0,6.6270003200000005,0.17,21300000.0,20500000.0,3620000.0,0.0,5.0,,,
2026-10-08 10:09:27.262208700+00:00,socialnetwork-text-service-1,0.0,2.178940928,0.05,11400.0,126.0,1070000.0,0.0,2.0,,,
2026-10-08 10:09:27.262208700+00:00,socialnetwork-url-shorten-memcached-1,0.01,8.974761983999999,0.22,11800.0,126.0,7470000.0,0.0,10.0,,,
2026-10-08 10:09:27.262208700+00:00,socialnetwork-user-timeline-redis-1,0.16,6.3900221440000005,0.16,419000.0,739000.0,127000.0,0.0,6.0,,,
2026-10-08 10:09:27.262208700+00:00,socialnetwork-media-memcached-1,0.01,2.1663580159999998,0.05,11200.0,126.0,0.0,0.0,10.0,,,
2026-10-08 10:09:27.262208700+00:00,socialnetwork-user-memcached-1,0.01,2.174746624,0.05,11100.0,126.0,0.0,0.0,10.0,,,
2026-10-08 10:09:27.262208700+00:00,socialnetwork-home-timeline-redis-1,0.19,63.25010432,1.58,427000.0,746000.0,35200000.0,0.0,6.0,,,
2026-10-08 10:09:27.262208700+00:00,socialnetwork-post-storage-memcached-1,0.11,8.786018303999999,0.22,4540000.0,56700000.0,0.0,0.0,10.0,,,
2026-10-08 10:09:27.262208700+00:00,socialnetwork-social-graph-redis-1,0.17,7.492075519999999,0.19,10700.0,126.0,782000.0,0.0,6.0,,,
2026-10-08 10:09:27.262208700+00:00,socialnetwork-jaeger-agent-1,0.1,41.75429632,1.04,1250000.0,200000.0,33000000.0,0.0,8.0,,,
2026-10-08 10:09:27.262208700+00:00,socialnetwork-social-graph-mongodb-1,0.28,87.05277952,2.18,639000.0,1260000.0,25800000.0,83900000.0,34.0,,,
2026-10-08 10:09:27.262208700+00:00,socialnetwork-media-mongodb-1,0.27,63.30253312,1.58,10400.0,126.0,2020000.0,78200000.0,32.0,,,
2026-10-08 10:09:27.262208700+00:00,socialnetwork-user-mongodb-1,0.25,73.52614912,1.84,638000.0,1260000.0,12600000.0,83900000.0,34.0,,,
2026-10-08 10:09:27.262208700+00:00,socialnetwork-url-shorten-mongodb-1,0.29,64.16236544,1.61,638000.0,1260000.0,3340000.0,83900000.0,34.0,,,
2026-10-08 10:09:27.262208700+00:00,socialnetwork-post-storage-mongodb-1,0.29,71.90085631999999,1.8,639000.0,1300000.0,11600000.0,84300000.0,34.0,,,
2026-10-08 10:09:27.262208700+00:00,socialnetwork-user-timeline-mongodb-1,0.28,63.8058496,1.6,637000.0,1260000.0,3370000.0,83900000.0,34.0,,,
2026-10-08 10:09:37.274476528+00:00,socialnetwork-url-shorten-service-1,0.0,2.871001088,0.07,1270000.0,628000.0,971000.0,0.0,3.0,,,
2026-10-08 10:09:37.274476528+00:00,socialnetwork-nginx-thrift-1,0.26,25.574768640000002,0.64,40900000.0,54600000.0,14100000.0,4100.0,5.0,,,
2026-10-08 10:09:37.274476528+00:00,socialnetwork-media-frontend-1,0.0,23.530045440000002,0.59,10600.0,126.0,10100000.0,4100.0,17.0,,,
2026-10-08 10:09:37.274476528+00:00,socialnetwork-compose-post-service-1,0.0,6.753878016,0.17,11900.0,126.0,6160000.0,0.0,2.0,,,
2026-10-08 10:09:37.274476528+00:00,socialnetwork-post-storage-service-1,0.07,4.849664,0.12,40900000.0,29100000.0,0.0,0.0,5.0,,,
2026-10-08 10:09:37.274476528+00:00,socialnetwork-media-service-1,0.0,2.0730347520000003,0.05,12100.0,126.0,1120000.0,0.0,2.0,,,
2026-10-08 10:09:37.274476528+00:00,socialnetwork-user-service-1,0.0,7.118782464,0.18,1270000.0,627000.0,5540000.0,0.0,3.0,,,
2026-10-08 10:09:37.274476528+00:00,socialnetwork-home-timeline-service-1,0.03,4.858052608,0.12,21000000.0,20900000.0,1890000.0,0.0,4.0,,,
2026-10-08 10:09:37.274476528+00:00,socialnetwork-user-mention-service-1,0.0,2.780823552,0.07,11000.0,126.0,991000.0,0.0,2.0,,,
2026-10-08 10:09:37.274476528+00:00,socialnetwork-unique-id-service-1,0.0,2.080374784,0.05,11700.0,126.0,967000.0,0.0,2.0,,,
2026-10-08 10:09:37.274476528+00:00,socialnetwork-social-graph-service-1,0.0,3.375366144,0.08,1270000.0,628000.0,1710000.0,0.0,3.0,,,
2026-10-08 10:09:37.274476528+00:00,socialnetwork-user-timeline-service-1,0.0,6.667894784,0.17,21500000.0,20700000.0,3620000.0,0.0,6.0,,,
2026-10-08 10:09:37.274476528+00:00,socialnetwork-text-service-1,0.0,2.178940928,0.05,11400.0,126.0,1070000.0,0.0,2.0,,,
2026-10-08 10:09:37.274476528+00:00,socialnetwork-url-shorten-memcached-1,0.01,8.974761983999999,0.22,11800.0,126.0,7470000.0,0.0,10.0,,,
2026-10-08 10:09:37.274476528+00:00,socialnetwork-user-timeline-redis-1,0.11,6.3900221440000005,0.16,422000.0,745000.0,127000.0,0.0,6.0,,,
2026-10-08 10:09:37.274476528+00:00,socialnetwork-media-memcached-1,0.01,2.1663580159999998,0.05,11200.0,126.0,0.0,0.0,10.0,,,
2026-10-08 10:09:37.274476528+00:00,socialnetwork-user-memcached-1,0.01,2.174746624,0.05,11100.0,126.0,0.0,0.0,10.0,,,
2026-10-08 10:09:37.274476528+00:00,socialnetwork-home-timeline-redis-1,0.18,62.99844608,1.58,430000.0,752000.0,35200000.0,0.0,6.0,,,
2026-10-08 10:09:37.274476528+00:00,socialnetwork-post-storage-memcached-1,0.16,9.035579392,0.23,4580000.0,57300000.0,0.0,0.0,10.0,,,
2026-10-08 10:09:37.274476528+00:00,socialnetwork-social-graph-redis-1,0.17,7.7542195199999995,0.19,10700.0,126.0,782000.0,0.0,6.0,,,
2026-10-08 10:09:37.274476528+00:00,socialnetwork-jaeger-agent-1,0.02,41.75429632,1.04,1250000.0,200000.0,33000000.0,0.0,8.0,,,
2026-10-08 10:09:37.274476528+00:00,socialnetwork-social-graph-mongodb-1,0.24,87.05277952,2.18,639000.0,1260000.0,25800000.0,83900000.0,34.0,,,
2026-10-08 10:09:37.274476528+00:00,socialnetwork-media-mongodb-1,0.26,63.30253312,1.58,10400.0,126.0,2020000.0,78300000.0,32.0,,,
2026-10-08 10:09:37.274476528+00:00,socialnetwork-user-mongodb-1,0.26,73.26400512000001,1.83,638000.0,1260000.0,12600000.0,83900000.0,34.0,,,
2026-10-08 10:09:37.274476528+00:00,socialnetwork-url-shorten-mongodb-1,0.28,64.42450944,1.61,638000.0,1260000.0,3340000.0,83900000.0,34.0,,,
2026-10-08 10:09:37.274476528+00:00,socialnetwork-post-storage-mongodb-1,0.27,71.63871232,1.79,639000.0,1300000.0,11600000.0,84300000.0,34.0,,,
2026-10-08 10:09:37.274476528+00:00,socialnetwork-user-timeline-mongodb-1,0.21,63.5437056,1.59,638000.0,1260000.0,3370000.0,83900000.0,34.0,,,
2026-10-08 10:09:47.279469013+00:00,socialnetwork-url-shorten-service-1,0.0,2.871001088,0.07,1270000.0,628000.0,971000.0,0.0,3.0,,,
2026-10-08 10:09:47.279469013+00:00,socialnetwork-nginx-thrift-1,1.11,25.83691264,0.65,41300000.0,55100000.0,14100000.0,4100.0,5.0,,,
2026-10-08 10:09:47.279469013+00:00,socialnetwork-media-frontend-1,0.0,23.530045440000002,0.59,10600.0,126.0,10100000.0,4100.0,17.0,,,
2026-10-08 10:09:47.279469013+00:00,socialnetwork-compose-post-service-1,0.0,6.753878016,0.17,11900.0,126.0,6160000.0,0.0,2.0,,,
2026-10-08 10:09:47.279469013+00:00,socialnetwork-post-storage-service-1,0.2,4.849664,0.12,41400000.0,29500000.0,0.0,0.0,5.0,,,
2026-10-08 10:09:47.279469013+00:00,socialnetwork-media-service-1,0.0,2.0730347520000003,0.05,12100.0,126.0,1120000.0,0.0,2.0,,,
2026-10-08 10:09:47.279469013+00:00,socialnetwork-user-service-1,0.0,7.118782464,0.18,1270000.0,628000.0,5540000.0,0.0,3.0,,,
2026-10-08 10:09:47.279469013+00:00,socialnetwork-home-timeline-service-1,0.06,5.3781463039999995,0.13,21200000.0,21100000.0,1890000.0,0.0,4.0,,,
2026-10-08 10:09:47.279469013+00:00,socialnetwork-user-mention-service-1,0.0,2.780823552,0.07,11000.0,126.0,991000.0,0.0,2.0,,,
2026-10-08 10:09:47.279469013+00:00,socialnetwork-unique-id-service-1,0.0,2.080374784,0.05,11700.0,126.0,967000.0,0.0,2.0,,,
2026-10-08 10:09:47.279469013+00:00,socialnetwork-social-graph-service-1,0.0,3.375366144,0.08,1270000.0,628000.0,1710000.0,0.0,3.0,,,
2026-10-08 10:09:47.279469013+00:00,socialnetwork-user-timeline-service-1,0.08,6.631194624,0.17,21700000.0,20900000.0,3620000.0,0.0,5.0,,,
2026-10-08 10:09:47.279469013+00:00,socialnetwork-text-service-1,0.0,2.178940928,0.05,11400.0,126.0,1070000.0,0.0,2.0,,,
2026-10-08 10:09:47.279469013+00:00,socialnetwork-url-shorten-memcached-1,0.01,8.974761983999999,0.22,11800.0,126.0,7470000.0,0.0,10.0,,,
2026-10-08 10:09:47.279469013+00:00,socialnetwork-user-timeline-redis-1,0.15,6.394216448,0.16,425000.0,751000.0,127000.0,0.0,6.0,,,
2026-10-08 10:09:47.279469013+00:00,socialnetwork-media-memcached-1,0.01,2.1663580159999998,0.05,11200.0,126.0,0.0,0.0,10.0,,,
2026-10-08 10:09:47.279469013+00:00,socialnetwork-user-memcached-1,0.01,2.174746624,0.05,11100.0,126.0,0.0,0.0,10.0,,,
2026-10-08 10:09:47.279469013+00:00,socialnetwork-home-timeline-redis-1,0.17,62.99844608,1.58,433000.0,757000.0,35200000.0,0.0,6.0,,,
2026-10-08 10:09:47.279469013+00:00,socialnetwork-post-storage-memcached-1,0.23,9.043968,0.23,4620000.0,57800000.0,0.0,0.0,10.0,,,
2026-10-08 10:09:47.279469013+00:00,socialnetwork-social-graph-redis-1,0.16,7.492075519999999,0.19,10700.0,126.0,782000.0,0.0,6.0,,,
2026-10-08 10:09:47.279469013+00:00,socialnetwork-jaeger-agent-1,0.02,41.75429632,1.04,1260000.0,203000.0,33000000.0,0.0,8.0,,,
2026-10-08 10:09:47.279469013+00:00,socialnetwork-social-graph-mongodb-1,0.27,86.79063552,2.17,639000.0,1260000.0,25800000.0,83900000.0,34.0,,,
2026-10-08 10:09:47.279469013+00:00,socialnetwork-media-mongodb-1,0.28,63.30253312,1.58,10400.0,126.0,2020000.0,78300000.0,32.0,,,
2026-10-08 10:09:47.279469013+00:00,socialnetwork-user-mongodb-1,0.23,73.00186112,1.83,638000.0,1260000.0,12600000.0,83900000.0,34.0,,,
2026-10-08 10:09:47.279469013+00:00,socialnetwork-url-shorten-mongodb-1,0.28,64.16236544,1.61,638000.0,1260000.0,3340000.0,83900000.0,34.0,,,
2026-10-08 10:09:47.279469013+00:00,socialnetwork-post-storage-mongodb-1,0.29,71.63871232,1.79,639000.0,1300000.0,11600000.0,84300000.0,34.0,,,
2026-10-08 10:09:47.279469013+00:00,socialnetwork-user-timeline-mongodb-1,0.25,63.5437056,1.59,638000.0,1260000.0,3370000.0,83900000.0,34.0,,,
2026-10-08 10:09:57.280812979+00:00,socialnetwork-url-shorten-service-1,0.0,2.871001088,0.07,1270000.0,628000.0,971000.0,0.0,3.0,0.0,0.0,0.0
2026-10-08 10:09:57.280812979+00:00,socialnetwork-nginx-thrift-1,0.22,25.82642688,0.65,41700000.0,55600000.0,14100000.0,4100.0,5.0,0.0,0.0,0.0
2026-10-08 10:09:57.280812979+00:00,socialnetwork-media-frontend-1,0.0,23.530045440000002,0.59,10600.0,126.0,10100000.0,4100.0,17.0,0.0,0.0,0.0
2026-10-08 10:09:57.280812979+00:00,socialnetwork-compose-post-service-1,0.0,6.753878016,0.17,11900.0,126.0,6160000.0,0.0,2.0,0.0,0.0,0.0
2026-10-08 10:09:57.280812979+00:00,socialnetwork-post-storage-service-1,0.06,4.845469696,0.12,42000000.0,29900000.0,0.0,0.0,5.0,2.0,2.0,0.0
2026-10-08 10:09:57.280812979+00:00,socialnetwork-media-service-1,0.0,2.0730347520000003,0.05,12100.0,126.0,1120000.0,0.0,2.0,0.0,0.0,0.0
2026-10-08 10:09:57.280812979+00:00,socialnetwork-user-service-1,0.0,7.118782464,0.18,1270000.0,628000.0,5540000.0,0.0,3.0,0.0,0.0,0.0
2026-10-08 10:09:57.280812979+00:00,socialnetwork-home-timeline-service-1,0.02,5.111808,0.13,21400000.0,21300000.0,1890000.0,0.0,4.0,2.0,2.0,0.0
2026-10-08 10:09:57.280812979+00:00,socialnetwork-user-mention-service-1,0.0,2.780823552,0.07,11000.0,126.0,991000.0,0.0,2.0,0.0,0.0,0.0
2026-10-08 10:09:57.280812979+00:00,socialnetwork-unique-id-service-1,0.0,2.080374784,0.05,11700.0,126.0,967000.0,0.0,2.0,0.0,0.0,0.0
2026-10-08 10:09:57.280812979+00:00,socialnetwork-social-graph-service-1,0.0,3.375366144,0.08,1270000.0,628000.0,1710000.0,0.0,3.0,0.0,0.0,0.0
2026-10-08 10:09:57.280812979+00:00,socialnetwork-user-timeline-service-1,0.0,6.631194624,0.17,21800000.0,21000000.0,3620000.0,0.0,5.0,2.0,2.0,0.0
2026-10-08 10:09:57.280812979+00:00,socialnetwork-text-service-1,0.0,2.178940928,0.05,11400.0,126.0,1070000.0,0.0,2.0,0.0,0.0,0.0
2026-10-08 10:09:57.280812979+00:00,socialnetwork-url-shorten-memcached-1,0.01,8.974761983999999,0.22,11800.0,126.0,7470000.0,0.0,10.0,0.0,0.0,0.0
2026-10-08 10:09:57.280812979+00:00,socialnetwork-user-timeline-redis-1,0.17,6.127878144,0.15,428000.0,757000.0,127000.0,0.0,6.0,0.0,0.0,0.0
2026-10-08 10:09:57.280812979+00:00,socialnetwork-media-memcached-1,0.01,2.1663580159999998,0.05,11200.0,126.0,0.0,0.0,10.0,0.0,0.0,0.0
2026-10-08 10:09:57.280812979+00:00,socialnetwork-user-memcached-1,0.01,2.174746624,0.05,11100.0,126.0,0.0,0.0,10.0,0.0,0.0,0.0
2026-10-08 10:09:57.280812979+00:00,socialnetwork-home-timeline-redis-1,0.16,62.99844608,1.58,437000.0,764000.0,35200000.0,0.0,6.0,0.0,0.0,0.0
2026-10-08 10:09:57.280812979+00:00,socialnetwork-post-storage-memcached-1,0.19,9.039773696000001,0.23,4670000.0,58300000.0,0.0,0.0,10.0,0.0,0.0,0.0
2026-10-08 10:09:57.280812979+00:00,socialnetwork-social-graph-redis-1,0.15,7.492075519999999,0.19,10700.0,126.0,782000.0,0.0,6.0,0.0,0.0,0.0
2026-10-08 10:09:57.280812979+00:00,socialnetwork-jaeger-agent-1,0.01,41.75429632,1.04,1260000.0,203000.0,33000000.0,0.0,8.0,0.0,0.0,0.0
2026-10-08 10:09:57.280812979+00:00,socialnetwork-social-graph-mongodb-1,0.59,86.79063552,2.17,639000.0,1260000.0,25800000.0,83900000.0,34.0,1.0,0.0,0.0
2026-10-08 10:09:57.280812979+00:00,socialnetwork-media-mongodb-1,0.55,63.30253312,1.58,10400.0,126.0,2020000.0,78300000.0,32.0,0.0,0.0,0.0
2026-10-08 10:09:57.280812979+00:00,socialnetwork-user-mongodb-1,0.56,73.00186112,1.83,638000.0,1260000.0,12600000.0,84000000.0,34.0,1.0,0.0,0.0
2026-10-08 10:09:57.280812979+00:00,socialnetwork-url-shorten-mongodb-1,0.6,64.16236544,1.61,638000.0,1260000.0,3340000.0,84000000.0,34.0,1.0,0.0,0.0
2026-10-08 10:09:57.280812979+00:00,socialnetwork-post-storage-mongodb-1,0.56,71.63871232,1.79,640000.0,1300000.0,11600000.0,84300000.0,34.0,1.0,0.0,0.0
2026-10-08 10:09:57.280812979+00:00,socialnetwork-user-timeline-mongodb-1,0.25,63.5437056,1.59,638000.0,1260000.0,3370000.0,84000000.0,34.0,1.0,0.0,0.0
2026-10-08 10:10:07.295441866+00:00,socialnetwork-url-shorten-service-1,0.0,2.871001088,0.07,1270000.0,628000.0,971000.0,0.0,3.0,,,
2026-10-08 10:10:07.295441866+00:00,socialnetwork-nginx-thrift-1,0.94,25.56428288,0.64,42000000.0,56000000.0,14100000.0,4100.0,5.0,,,
2026-10-08 10:10:07.295441866+00:00,socialnetwork-media-frontend-1,0.0,23.530045440000002,0.59,10600.0,126.0,10100000.0,4100.0,17.0,,,
2026-10-08 10:10:07.295441866+00:00,socialnetwork-compose-post-service-1,0.0,6.753878016,0.17,11900.0,126.0,6160000.0,0.0,2.0,,,
2026-10-08 10:10:07.295441866+00:00,socialnetwork-post-storage-service-1,0.24,4.620025856,0.12,42400000.0,30300000.0,0.0,0.0,6.0,,,
2026-10-08 10:10:07.295441866+00:00,socialnetwork-media-service-1,0.0,2.0730347520000003,0.05,12100.0,126.0,1120000.0,0.0,2.0,,,
2026-10-08 10:10:07.295441866+00:00,socialnetwork-user-service-1,0.0,7.118782464,0.18,1270000.0,628000.0,5540000.0,0.0,3.0,,,
2026-10-08 10:10:07.295441866+00:00,socialnetwork-home-timeline-service-1,0.05,4.890558464,0.12,21600000.0,21400000.0,1890000.0,0.0,5.0,,,
2026-10-08 10:10:07.295441866+00:00,socialnetwork-user-mention-service-1,0.0,2.780823552,0.07,11000.0,126.0,991000.0,0.0,2.0,,,
2026-10-08 10:10:07.295441866+00:00,socialnetwork-unique-id-service-1,0.0,2.080374784,0.05,11700.0,126.0,967000.0,0.0,2.0,,,
2026-10-08 10:10:07.295441866+00:00,socialnetwork-social-graph-service-1,0.0,3.375366144,0.08,1270000.0,628000.0,1710000.0,0.0,3.0,,,
2026-10-08 10:10:07.295441866+00:00,socialnetwork-user-timeline-service-1,0.08,6.635388928,0.17,22000000.0,21200000.0,3620000.0,0.0,5.0,,,
2026-10-08 10:10:07.295441866+00:00,socialnetwork-text-service-1,0.0,2.178940928,0.05,11400.0,126.0,1070000.0,0.0,2.0,,,
2026-10-08 10:10:07.295441866+00:00,socialnetwork-url-shorten-memcached-1,0.01,8.974761983999999,0.22,11800.0,126.0,7470000.0,0.0,10.0,,,
2026-10-08 10:10:07.295441866+00:00,socialnetwork-user-timeline-redis-1,0.15,6.3900221440000005,0.16,431000.0,762000.0,127000.0,0.0,6.0,,,
2026-10-08 10:10:07.295441866+00:00,socialnetwork-media-memcached-1,0.01,2.1663580159999998,0.05,11200.0,126.0,0.0,0.0,10.0,,,
2026-10-08 10:10:07.295441866+00:00,socialnetwork-user-memcached-1,0.01,2.174746624,0.05,11100.0,126.0,0.0,0.0,10.0,,,
2026-10-08 10:10:07.295441866+00:00,socialnetwork-home-timeline-redis-1,0.19,62.99844608,1.58,439000.0,769000.0,35200000.0,0.0,6.0,,,
2026-10-08 10:10:07.295441866+00:00,socialnetwork-post-storage-memcached-1,0.19,8.790212608,0.22,4700000.0,58800000.0,0.0,0.0,10.0,,,
2026-10-08 10:10:07.295441866+00:00,socialnetwork-social-graph-redis-1,0.16,7.7542195199999995,0.19,10700.0,126.0,782000.0,0.0,6.0,,,
2026-10-08 10:10:07.295441866+00:00,socialnetwork-jaeger-agent-1,0.03,41.75429632,1.04,1270000.0,206000.0,33000000.0,0.0,8.0,,,
2026-10-08 10:10:07.295441866+00:00,socialnetwork-social-graph-mongodb-1,0.25,86.79063552,2.17,639000.0,1260000.0,25800000.0,83900000.0,34.0,,,
2026-10-08 10:10:07.295441866+00:00,socialnetwork-media-mongodb-1,0.24,63.30253312,1.58,10400.0,126.0,2020000.0,78300000.0,32.0,,,
2026-10-08 10:10:07.295441866+00:00,socialnetwork-user-mongodb-1,0.24,73.26400512000001,1.83,639000.0,1260000.0,12600000.0,84000000.0,34.0,,,
2026-10-08 10:10:07.295441866+00:00,socialnetwork-url-shorten-mongodb-1,0.25,64.42450944,1.61,638000.0,1260000.0,3340000.0,84000000.0,34.0,,,
2026-10-08 10:10:07.295441866+00:00,socialnetwork-post-storage-mongodb-1,0.24,71.63871232,1.79,640000.0,1300000.0,11600000.0,84300000.0,34.0,,,
2026-10-08 10:10:07.295441866+00:00,socialnetwork-user-timeline-mongodb-1,0.25,63.8058496,1.6,638000.0,1260000.0,3370000.0,84000000.0,34.0,,,
2026-10-08 10:10:17.305931091+00:00,socialnetwork-url-shorten-service-1,0.0,2.871001088,0.07,1270000.0,628000.0,971000.0,0.0,3.0,,,
2026-10-08 10:10:17.305931091+00:00,socialnetwork-nginx-thrift-1,0.21,25.83691264,0.65,42300000.0,56500000.0,14100000.0,4100.0,5.0,,,
2026-10-08 10:10:17.305931091+00:00,socialnetwork-media-frontend-1,0.0,23.530045440000002,0.59,10600.0,126.0,10100000.0,4100.0,17.0,,,
2026-10-08 10:10:17.305931091+00:00,socialnetwork-compose-post-service-1,0.0,6.753878016,0.17,11900.0,126.0,6160000.0,0.0,2.0,,,
2026-10-08 10:10:17.305931091+00:00,socialnetwork-post-storage-service-1,0.05,4.845469696,0.12,42900000.0,30600000.0,0.0,0.0,5.0,,,
2026-10-08 10:10:17.305931091+00:00,socialnetwork-media-service-1,0.0,2.0730347520000003,0.05,12100.0,126.0,1120000.0,0.0,2.0,,,
2026-10-08 10:10:17.305931091+00:00,socialnetwork-user-service-1,0.0,7.118782464,0.18,1270000.0,628000.0,5540000.0,0.0,3.0,,,
2026-10-08 10:10:17.305931091+00:00,socialnetwork-home-timeline-service-1,0.0,4.853858303999999,0.12,21700000.0,21600000.0,1890000.0,0.0,4.0,,,
2026-10-08 10:10:17.305931091+00:00,socialnetwork-user-mention-service-1,0.0,2.780823552,0.07,11000.0,126.0,991000.0,0.0,2.0,,,
2026-10-08 10:10:17.305931091+00:00,socialnetwork-unique-id-service-1,0.0,2.080374784,0.05,11700.0,126.0,967000.0,0.0,2.0,,,
2026-10-08 10:10:17.305931091+00:00,socialnetwork-social-graph-service-1,0.0,3.375366144,0.08,1270000.0,628000.0,1710000.0,0.0,3.0,,,
2026-10-08 10:10:17.305931091+00:00,socialnetwork-user-timeline-service-1,0.04,6.914310144,0.17,22200000.0,21400000.0,3620000.0,0.0,6.0,,,
2026-10-08 10:10:17.305931091+00:00,socialnetwork-text-service-1,0.0,2.178940928,0.05,11400.0,126.0,1070000.0,0.0,2.0,,,
2026-10-08 10:10:17.305931091+00:00,socialnetwork-url-shorten-memcached-1,0.01,8.974761983999999,0.22,11800.0,126.0,7470000.0,0.0,10.0,,,
2026-10-08 10:10:17.305931091+00:00,socialnetwork-user-timeline-redis-1,0.14,6.3900221440000005,0.16,434000.0,767000.0,127000.0,0.0,6.0,,,
2026-10-08 10:10:17.305931091+00:00,socialnetwork-media-memcached-1,0.02,2.1663580159999998,0.05,11200.0,126.0,0.0,0.0,10.0,,,
2026-10-08 10:10:17.305931091+00:00,socialnetwork-user-memcached-1,0.01,2.174746624,0.05,11100.0,126.0,0.0,0.0,10.0,,,
2026-10-08 10:10:17.305931091+00:00,socialnetwork-home-timeline-redis-1,0.18,62.73630208,1.57,442000.0,774000.0,35200000.0,0.0,6.0,,,
2026-10-08 10:10:17.305931091+00:00,socialnetwork-post-storage-memcached-1,0.14,9.039773696000001,0.23,4740000.0,59200000.0,0.0,0.0,10.0,,,
2026-10-08 10:10:17.305931091+00:00,socialnetwork-social-graph-redis-1,0.16,7.7542195199999995,0.19,10700.0,126.0,782000.0,0.0,6.0,,,
2026-10-08 10:10:17.305931091+00:00,socialnetwork-jaeger-agent-1,0.02,41.75429632,1.04,1270000.0,206000.0,33000000.0,0.0,8.0,,,
2026-10-08 10:10:17.305931091+00:00,socialnetwork-social-graph-mongodb-1,0.34,86.79063552,2.17,639000.0,1260000.0,25800000.0,84000000.0,34.0,,,
2026-10-08 10:10:17.305931091+00:00,socialnetwork-media-mongodb-1,0.27,63.30253312,1.58,10400.0,126.0,2020000.0,78300000.0,32.0,,,
2026-10-08 10:10:17.305931091+00:00,socialnetwork-user-mongodb-1,0.23,73.00186112,1.83,639000.0,1260000.0,12600000.0,84000000.0,34.0,,,
2026-10-08 10:10:17.305931091+00:00,socialnetwork-url-shorten-mongodb-1,0.25,64.16236544,1.61,639000.0,1260000.0,3340000.0,84000000.0,34.0,,,
2026-10-08 10:10:17.305931091+00:00,socialnetwork-post-storage-mongodb-1,0.25,71.63871232,1.79,640000.0,1300000.0,11600000.0,84400000.0,34.0,,,
2026-10-08 10:10:17.305931091+00:00,socialnetwork-user-timeline-mongodb-1,0.24,63.5437056,1.59,638000.0,1260000.0,3370000.0,84000000.0,34.0,,,
2026-10-08 10:10:27.316826582+00:00,socialnetwork-url-shorten-service-1,0.0,2.871001088,0.07,1270000.0,630000.0,971000.0,0.0,3.0,0.0,0.0,0.0
2026-10-08 10:10:27.316826582+00:00,socialnetwork-nginx-thrift-1,0.22,25.56428288,0.64,42600000.0,56900000.0,14100000.0,4100.0,5.0,0.0,0.0,0.0
2026-10-08 10:10:27.316826582+00:00,socialnetwork-media-frontend-1,0.0,23.530045440000002,0.59,10600.0,126.0,10100000.0,4100.0,17.0,0.0,0.0,0.0
2026-10-08 10:10:27.316826582+00:00,socialnetwork-compose-post-service-1,0.0,6.753878016,0.17,11900.0,126.0,6160000.0,0.0,2.0,0.0,0.0,0.0
2026-10-08 10:10:27.316826582+00:00,socialnetwork-post-storage-service-1,0.05,4.828692480000001,0.12,43400000.0,30900000.0,0.0,0.0,5.0,1.0,1.0,0.0
2026-10-08 10:10:27.316826582+00:00,socialnetwork-media-service-1,0.0,2.0730347520000003,0.05,12100.0,126.0,1120000.0,0.0,2.0,0.0,0.0,0.0
2026-10-08 10:10:27.316826582+00:00,socialnetwork-user-service-1,0.0,7.118782464,0.18,1270000.0,630000.0,5540000.0,0.0,3.0,0.0,0.0,0.0
2026-10-08 10:10:27.316826582+00:00,socialnetwork-home-timeline-service-1,0.0,4.821352448,0.12,21900000.0,21700000.0,1890000.0,0.0,3.0,0.0,0.0,0.0
2026-10-08 10:10:27.316826582+00:00,socialnetwork-user-mention-service-1,0.0,2.780823552,0.07,11000.0,126.0,991000.0,0.0,2.0,0.0,0.0,0.0
2026-10-08 10:10:27.316826582+00:00,socialnetwork-unique-id-service-1,0.0,2.080374784,0.05,11700.0,126.0,967000.0,0.0,2.0,0.0,0.0,0.0
2026-10-08 10:10:27.316826582+00:00,socialnetwork-social-graph-service-1,0.0,3.375366144,0.08,1270000.0,630000.0,1710000.0,0.0,3.0,0.0,0.0,0.0
2026-10-08 10:10:27.316826582+00:00,socialnetwork-user-timeline-service-1,0.06,6.6270003200000005,0.17,22300000.0,21500000.0,3620000.0,0.0,4.0,1.0,1.0,0.0
2026-10-08 10:10:27.316826582+00:00,socialnetwork-text-service-1,0.0,2.178940928,0.05,11400.0,126.0,1070000.0,0.0,2.0,0.0,0.0,0.0
2026-10-08 10:10:27.316826582+00:00,socialnetwork-url-shorten-memcached-1,0.01,8.974761983999999,0.22,11800.0,126.0,7470000.0,0.0,10.0,0.0,0.0,0.0
2026-10-08 10:10:27.316826582+00:00,socialnetwork-user-timeline-redis-1,0.19,6.3900221440000005,0.16,437000.0,772000.0,127000.0,0.0,6.0,0.0,0.0,0.0
2026-10-08 10:10:27.316826582+00:00,socialnetwork-media-memcached-1,0.01,2.1663580159999998,0.05,11200.0,126.0,0.0,0.0,10.0,0.0,0.0,0.0
2026-10-08 10:10:27.316826582+00:00,socialnetwork-user-memcached-1,0.01,2.174746624,0.05,11100.0,126.0,0.0,0.0,10.0,0.0,0.0,0.0
2026-10-08 10:10:27.316826582+00:00,socialnetwork-home-timeline-redis-1,0.17,62.99844608,1.58,446000.0,780000.0,35200000.0,0.0,6.0,0.0,0.0,0.0
2026-10-08 10:10:27.316826582+00:00,socialnetwork-post-storage-memcached-1,0.08,9.039773696000001,0.23,4770000.0,59700000.0,0.0,0.0,10.0,0.0,0.0,0.0
2026-10-08 10:10:27.316826582+00:00,socialnetwork-social-graph-redis-1,0.17,7.7542195199999995,0.19,10700.0,126.0,782000.0,0.0,6.0,0.0,0.0,0.0
2026-10-08 10:10:27.316826582+00:00,socialnetwork-jaeger-agent-1,0.02,41.75429632,1.04,1290000.0,211000.0,33000000.0,0.0,8.0,0.0,0.0,0.0
2026-10-08 10:10:27.316826582+00:00,socialnetwork-social-graph-mongodb-1,0.26,86.78014976,2.17,641000.0,1260000.0,25800000.0,84200000.0,34.0,1.0,0.0,0.0
2026-10-08 10:10:27.316826582+00:00,socialnetwork-media-mongodb-1,0.27,63.30253312,1.58,10400.0,126.0,2020000.0,78600000.0,32.0,1.0,0.0,0.0
2026-10-08 10:10:27.316826582+00:00,socialnetwork-user-mongodb-1,0.24,73.00186112,1.83,640000.0,1260000.0,12600000.0,84200000.0,34.0,1.0,0.0,0.0
2026-10-08 10:10:27.316826582+00:00,socialnetwork-url-shorten-mongodb-1,0.25,64.16236544,1.61,640000.0,1260000.0,3340000.0,84300000.0,34.0,1.0,0.0,0.0
2026-10-08 10:10:27.316826582+00:00,socialnetwork-post-storage-mongodb-1,0.27,71.63871232,1.79,642000.0,1300000.0,11600000.0,84600000.0,34.0,1.0,0.0,0.0
2026-10-08 10:10:27.316826582+00:00,socialnetwork-user-timeline-mongodb-1,0.26,63.55419136,1.59,640000.0,1260000.0,3370000.0,84300000.0,34.0,1.0,0.0,0.0
2026-10-08 10:11:35.292813778+00:00,socialnetwork-url-shorten-service-1,0.0,2.871001088,0.07,1270000.0,630000.0,971000.0,0.0,3.0,0.0,0.0,0.0
2026-10-08 10:11:35.292813778+00:00,socialnetwork-nginx-thrift-1,0.0,25.56428288,0.64,42700000.0,56900000.0,14100000.0,4100.0,5.0,0.0,0.0,0.0
2026-10-08 10:11:35.292813778+00:00,socialnetwork-media-frontend-1,0.0,23.530045440000002,0.59,10600.0,126.0,10100000.0,4100.0,17.0,0.0,0.0,0.0
2026-10-08 10:11:35.292813778+00:00,socialnetwork-compose-post-service-1,0.0,6.753878016,0.17,11900.0,126.0,6160000.0,0.0,2.0,0.0,0.0,0.0
2026-10-08 10:11:35.292813778+00:00,socialnetwork-post-storage-service-1,0.0,4.58752,0.11,43400000.0,30900000.0,0.0,0.0,5.0,3.0,3.0,0.0
2026-10-08 10:11:35.292813778+00:00,socialnetwork-media-service-1,0.0,2.0730347520000003,0.05,12100.0,126.0,1120000.0,0.0,2.0,0.0,0.0,0.0
2026-10-08 10:11:35.292813778+00:00,socialnetwork-user-service-1,0.0,7.118782464,0.18,1270000.0,630000.0,5540000.0,0.0,3.0,0.0,0.0,0.0
2026-10-08 10:11:35.292813778+00:00,socialnetwork-home-timeline-service-1,0.0,4.858052608,0.12,21900000.0,21800000.0,1890000.0,0.0,4.0,0.0,0.0,0.0
2026-10-08 10:11:35.292813778+00:00,socialnetwork-user-mention-service-1,0.0,2.780823552,0.07,11000.0,126.0,991000.0,0.0,2.0,0.0,0.0,0.0
2026-10-08 10:11:35.292813778+00:00,socialnetwork-unique-id-service-1,0.0,2.080374784,0.05,11700.0,126.0,967000.0,0.0,2.0,0.0,0.0,0.0
2026-10-08 10:11:35.292813778+00:00,socialnetwork-social-graph-service-1,0.0,3.375366144,0.08,1270000.0,630000.0,1710000.0,0.0,3.0,0.0,0.0,0.0
2026-10-08 10:11:35.292813778+00:00,socialnetwork-user-timeline-service-1,0.0,6.635388928,0.17,22300000.0,21500000.0,3620000.0,0.0,5.0,2.0,2.0,0.0
2026-10-08 10:11:35.292813778+00:00,socialnetwork-text-service-1,0.0,2.178940928,0.05,11400.0,126.0,1070000.0,0.0,2.0,0.0,0.0,0.0
2026-10-08 10:11:35.292813778+00:00,socialnetwork-url-shorten-memcached-1,0.01,8.974761983999999,0.22,11800.0,126.0,7470000.0,0.0,10.0,0.0,0.0,0.0
2026-10-08 10:11:35.292813778+00:00,socialnetwork-user-timeline-redis-1,0.16,6.3900221440000005,0.16,438000.0,773000.0,127000.0,0.0,6.0,0.0,0.0,0.0
2026-10-08 10:11:35.292813778+00:00,socialnetwork-media-memcached-1,0.01,2.1663580159999998,0.05,11200.0,126.0,0.0,0.0,10.0,0.0,0.0,0.0
2026-10-08 10:11:35.292813778+00:00,socialnetwork-user-memcached-1,0.01,2.174746624,0.05,11100.0,126.0,0.0,0.0,10.0,0.0,0.0,0.0
2026-10-08 10:11:35.292813778+00:00,socialnetwork-home-timeline-redis-1,0.13,62.73630208,1.57,446000.0,780000.0,35200000.0,0.0,6.0,0.0,0.0,0.0
2026-10-08 10:11:35.292813778+00:00,socialnetwork-post-storage-memcached-1,0.05,8.786018303999999,0.22,4770000.0,59700000.0,0.0,0.0,10.0,0.0,0.0,0.0
2026-10-08 10:11:35.292813778+00:00,socialnetwork-social-graph-redis-1,0.16,7.7542195199999995,0.19,10700.0,126.0,782000.0,0.0,6.0,0.0,0.0,0.0
2026-10-08 10:11:35.292813778+00:00,socialnetwork-jaeger-agent-1,0.02,41.75429632,1.04,1290000.0,211000.0,33000000.0,0.0,8.0,0.0,0.0,0.0
2026-10-08 10:11:35.292813778+00:00,socialnetwork-social-graph-mongodb-1,0.27,87.04229376,2.18,641000.0,1260000.0,25800000.0,84200000.0,34.0,1.0,0.0,0.0
2026-10-08 10:11:35.292813778+00:00,socialnetwork-media-mongodb-1,0.33,63.56467712,1.59,10400.0,126.0,2020000.0,78600000.0,32.0,1.0,0.0,0.0
2026-10-08 10:11:35.292813778+00:00,socialnetwork-user-mongodb-1,0.34,73.00186112,1.83,640000.0,1260000.0,12600000.0,84200000.0,34.0,1.0,0.0,0.0
2026-10-08 10:11:35.292813778+00:00,socialnetwork-url-shorten-mongodb-1,0.34,64.42450944,1.61,640000.0,1260000.0,3340000.0,84300000.0,34.0,1.0,0.0,0.0
2026-10-08 10:11:35.292813778+00:00,socialnetwork-post-storage-mongodb-1,0.36,71.89037056000001,1.8,642000.0,1300000.0,11600000.0,84600000.0,34.0,1.0,0.0,0.0
2026-10-08 10:11:35.292813778+00:00,socialnetwork-user-timeline-mongodb-1,0.36,63.81633536,1.6,640000.0,1260000.0,3370000.0,84300000.0,34.0,1.0,0.0,0.0
2026-10-08 10:11:45.299811840+00:00,socialnetwork-url-shorten-service-1,0.0,2.871001088,0.07,1270000.0,630000.0,971000.0,0.0,3.0,,,
2026-10-08 10:11:45.299811840+00:00,socialnetwork-nginx-thrift-1,0.0,25.574768640000002,0.64,42700000.0,57000000.0,14100000.0,4100.0,5.0,,,
2026-10-08 10:11:45.299811840+00:00,socialnetwork-media-frontend-1,0.0,23.530045440000002,0.59,10600.0,126.0,10100000.0,4100.0,17.0,,,
2026-10-08 10:11:45.299811840+00:00,socialnetwork-compose-post-service-1,0.0,6.753878016,0.17,11900.0,126.0,6160000.0,0.0,2.0,,,
2026-10-08 10:11:45.299811840+00:00,socialnetwork-post-storage-service-1,0.0,4.555014144,0.11,43500000.0,31000000.0,0.0,0.0,4.0,,,
2026-10-08 10:11:45.299811840+00:00,socialnetwork-media-service-1,0.0,2.0730347520000003,0.05,12100.0,126.0,1120000.0,0.0,2.0,,,
2026-10-08 10:11:45.299811840+00:00,socialnetwork-user-service-1,0.0,7.118782464,0.18,1270000.0,630000.0,5540000.0,0.0,3.0,,,
2026-10-08 10:11:45.299811840+00:00,socialnetwork-home-timeline-service-1,0.0,4.821352448,0.12,21900000.0,21800000.0,1890000.0,0.0,3.0,,,
2026-10-08 10:11:45.299811840+00:00,socialnetwork-user-mention-service-1,0.0,2.780823552,0.07,11000.0,126.0,991000.0,0.0,2.0,,,
2026-10-08 10:11:45.299811840+00:00,socialnetwork-unique-id-service-1,0.0,2.080374784,0.05,11700.0,126.0,967000.0,0.0,2.0,,,
2026-10-08 10:11:45.299811840+00:00,socialnetwork-social-graph-service-1,0.0,3.375366144,0.08,1270000.0,630000.0,1710000.0,0.0,3.0,,,
2026-10-08 10:11:45.299811840+00:00,socialnetwork-user-timeline-service-1,0.0,6.639583232,0.17,22400000.0,21600000.0,3620000.0,0.0,5.0,,,
2026-10-08 10:11:45.299811840+00:00,socialnetwork-text-service-1,0.0,2.178940928,0.05,11400.0,126.0,1070000.0,0.0,2.0,,,
2026-10-08 10:11:45.299811840+00:00,socialnetwork-url-shorten-memcached-1,0.01,8.974761983999999,0.22,11800.0,126.0,7470000.0,0.0,10.0,,,
2026-10-08 10:11:45.299811840+00:00,socialnetwork-user-timeline-redis-1,0.17,6.3900221440000005,0.16,439000.0,775000.0,127000.0,0.0,6.0,,,
2026-10-08 10:11:45.299811840+00:00,socialnetwork-media-memcached-1,0.01,2.1663580159999998,0.05,11200.0,126.0,0.0,0.0,10.0,,,
2026-10-08 10:11:45.299811840+00:00,socialnetwork-user-memcached-1,0.01,2.174746624,0.05,11100.0,126.0,0.0,0.0,10.0,,,
2026-10-08 10:11:45.299811840+00:00,socialnetwork-home-timeline-redis-1,0.17,62.99844608,1.58,447000.0,781000.0,35200000.0,0.0,6.0,,,
2026-10-08 10:11:45.299811840+00:00,socialnetwork-post-storage-memcached-1,0.05,8.786018303999999,0.22,4780000.0,59800000.0,0.0,0.0,10.0,,,
2026-10-08 10:11:45.299811840+00:00,socialnetwork-social-graph-redis-1,0.16,7.7542195199999995,0.19,10700.0,126.0,782000.0,0.0,6.0,,,
2026-10-08 10:11:45.299811840+00:00,socialnetwork-jaeger-agent-1,0.01,41.75429632,1.04,1300000.0,213000.0,33000000.0,0.0,8.0,,,
2026-10-08 10:11:45.299811840+00:00,socialnetwork-social-graph-mongodb-1,0.26,86.78014976,2.17,641000.0,1260000.0,25800000.0,84300000.0,34.0,,,
2026-10-08 10:11:45.299811840+00:00,socialnetwork-media-mongodb-1,0.22,63.56467712,1.59,10400.0,126.0,2020000.0,78600000.0,32.0,,,
2026-10-08 10:11:45.299811840+00:00,socialnetwork-user-mongodb-1,0.24,73.52614912,1.84,641000.0,1260000.0,12600000.0,84300000.0,34.0,,,
2026-10-08 10:11:45.299811840+00:00,socialnetwork-url-shorten-mongodb-1,0.27,64.42450944,1.61,640000.0,1260000.0,3340000.0,84300000.0,34.0,,,
2026-10-08 10:11:45.299811840+00:00,socialnetwork-post-storage-mongodb-1,0.25,71.89037056000001,1.8,642000.0,1300000.0,11600000.0,84700000.0,34.0,,,
2026-10-08 10:11:45.299811840+00:00,socialnetwork-user-timeline-mongodb-1,0.23,63.55419136,1.59,640000.0,1260000.0,3370000.0,84300000.0,34.0,,,
2026-10-08 10:11:55.315200090+00:00,socialnetwork-url-shorten-service-1,0.0,2.871001088,0.07,1270000.0,630000.0,971000.0,0.0,3.0,,,
2026-10-08 10:11:55.315200090+00:00,socialnetwork-nginx-thrift-1,0.45,25.85788416,0.65,42700000.0,57000000.0,14100000.0,4100.0,5.0,,,
2026-10-08 10:11:55.315200090+00:00,socialnetwork-media-frontend-1,0.0,23.530045440000002,0.59,10600.0,126.0,10100000.0,4100.0,17.0,,,
2026-10-08 10:11:55.315200090+00:00,socialnetwork-compose-post-service-1,0.0,6.753878016,0.17,11900.0,126.0,6160000.0,0.0,2.0,,,
2026-10-08 10:11:55.315200090+00:00,socialnetwork-post-storage-service-1,0.0,4.58752,0.11,43500000.0,31000000.0,0.0,0.0,5.0,,,
2026-10-08 10:11:55.315200090+00:00,socialnetwork-media-service-1,0.0,2.0730347520000003,0.05,12100.0,126.0,1120000.0,0.0,2.0,,,
2026-10-08 10:11:55.315200090+00:00,socialnetwork-user-service-1,0.0,7.118782464,0.18,1270000.0,630000.0,5540000.0,0.0,3.0,,,
2026-10-08 10:11:55.315200090+00:00,socialnetwork-home-timeline-service-1,0.0,4.821352448,0.12,21900000.0,21800000.0,1890000.0,0.0,3.0,,,
2026-10-08 10:11:55.315200090+00:00,socialnetwork-user-mention-service-1,0.0,2.780823552,0.07,11000.0,126.0,991000.0,0.0,2.0,,,
2026-10-08 10:11:55.315200090+00:00,socialnetwork-unique-id-service-1,0.0,2.080374784,0.05,11700.0,126.0,967000.0,0.0,2.0,,,
2026-10-08 10:11:55.315200090+00:00,socialnetwork-social-graph-service-1,0.0,3.375366144,0.08,1270000.0,630000.0,1710000.0,0.0,3.0,,,
2026-10-08 10:11:55.315200090+00:00,socialnetwork-user-timeline-service-1,0.0,6.602883072,0.17,22400000.0,21600000.0,3620000.0,0.0,4.0,,,
2026-10-08 10:11:55.315200090+00:00,socialnetwork-text-service-1,0.0,2.178940928,0.05,11400.0,126.0,1070000.0,0.0,2.0,,,
2026-10-08 10:11:55.315200090+00:00,socialnetwork-url-shorten-memcached-1,0.01,8.974761983999999,0.22,11800.0,126.0,7470000.0,0.0,10.0,,,
2026-10-08 10:11:55.315200090+00:00,socialnetwork-user-timeline-redis-1,0.14,6.652166144000001,0.17,440000.0,776000.0,127000.0,0.0,6.0,,,
2026-10-08 10:11:55.315200090+00:00,socialnetwork-media-memcached-1,0.01,2.1663580159999998,0.05,11200.0,126.0,0.0,0.0,10.0,,,
2026-10-08 10:11:55.315200090+00:00,socialnetwork-user-memcached-1,0.01,2.174746624,0.05,11100.0,126.0,0.0,0.0,10.0,,,
2026-10-08 10:11:55.315200090+00:00,socialnetwork-home-timeline-redis-1,0.17,62.98796032,1.58,447000.0,781000.0,35200000.0,0.0,6.0,,,
2026-10-08 10:11:55.315200090+00:00,socialnetwork-post-storage-memcached-1,0.05,8.786018303999999,0.22,4780000.0,59800000.0,0.0,0.0,10.0,,,
2026-10-08 10:11:55.315200090+00:00,socialnetwork-social-graph-redis-1,0.15,7.492075519999999,0.19,10700.0,126.0,782000.0,0.0,6.0,,,
2026-10-08 10:11:55.315200090+00:00,socialnetwork-jaeger-agent-1,0.01,41.75429632,1.04,1300000.0,214000.0,33000000.0,0.0,8.0,,,
2026-10-08 10:11:55.315200090+00:00,socialnetwork-social-graph-mongodb-1,0.26,86.78014976,2.17,641000.0,1260000.0,25800000.0,84300000.0,34.0,,,
2026-10-08 10:11:55.315200090+00:00,socialnetwork-media-mongodb-1,0.22,63.56467712,1.59,10400.0,126.0,2020000.0,78600000.0,32.0,,,
2026-10-08 10:11:55.315200090+00:00,socialnetwork-user-mongodb-1,0.22,73.26400512000001,1.83,641000.0,1260000.0,12600000.0,84300000.0,34.0,,,
2026-10-08 10:11:55.315200090+00:00,socialnetwork-url-shorten-mongodb-1,0.27,64.42450944,1.61,641000.0,1260000.0,3340000.0,84300000.0,34.0,,,
2026-10-08 10:11:55.315200090+00:00,socialnetwork-post-storage-mongodb-1,0.26,72.15251456,1.8,642000.0,1310000.0,11600000.0,84700000.0,34.0,,,
2026-10-08 10:11:55.315200090+00:00,socialnetwork-user-timeline-mongodb-1,0.24,63.55419136,1.59,640000.0,1260000.0,3370000.0,84300000.0,34.0,,,
2026-10-08 10:12:05.317009687+00:00,socialnetwork-url-shorten-service-1,0.0,2.871001088,0.07,1270000.0,630000.0,971000.0,0.0,3.0,0.0,0.0,0.0
2026-10-08 10:12:05.317009687+00:00,socialnetwork-nginx-thrift-1,0.25,25.553797120000002,0.64,42800000.0,57100000.0,14100000.0,4100.0,5.0,0.0,0.0,0.0
2026-10-08 10:12:05.317009687+00:00,socialnetwork-media-frontend-1,0.0,23.530045440000002,0.59,10600.0,126.0,10100000.0,4100.0,17.0,0.0,0.0,0.0
2026-10-08 10:12:05.317009687+00:00,socialnetwork-compose-post-service-1,0.0,6.753878016,0.17,11900.0,126.0,6160000.0,0.0,2.0,0.0,0.0,0.0
2026-10-08 10:12:05.317009687+00:00,socialnetwork-post-storage-service-1,0.0,4.555014144,0.11,43500000.0,31000000.0,0.0,0.0,4.0,2.0,2.0,0.0
2026-10-08 10:12:05.317009687+00:00,socialnetwork-media-service-1,0.0,2.0730347520000003,0.05,12100.0,126.0,1120000.0,0.0,2.0,0.0,0.0,0.0
2026-10-08 10:12:05.317009687+00:00,socialnetwork-user-service-1,0.0,7.118782464,0.18,1270000.0,630000.0,5540000.0,0.0,3.0,0.0,0.0,0.0
2026-10-08 10:12:05.317009687+00:00,socialnetwork-home-timeline-service-1,0.06,4.821352448,0.12,22000000.0,21800000.0,1890000.0,0.0,3.0,0.0,0.0,0.0
2026-10-08 10:12:05.317009687+00:00,socialnetwork-user-mention-service-1,0.0,2.780823552,0.07,11000.0,126.0,991000.0,0.0,2.0,0.0,0.0,0.0
2026-10-08 10:12:05.317009687+00:00,socialnetwork-unique-id-service-1,0.0,2.080374784,0.05,11700.0,126.0,967000.0,0.0,2.0,0.0,0.0,0.0
2026-10-08 10:12:05.317009687+00:00,socialnetwork-social-graph-service-1,0.0,3.375366144,0.08,1270000.0,630000.0,1710000.0,0.0,3.0,0.0,0.0,0.0
2026-10-08 10:12:05.317009687+00:00,socialnetwork-user-timeline-service-1,0.0,6.598688768000001,0.17,22400000.0,21600000.0,3620000.0,0.0,4.0,2.0,2.0,0.0
2026-10-08 10:12:05.317009687+00:00,socialnetwork-text-service-1,0.0,2.178940928,0.05,11400.0,126.0,1070000.0,0.0,2.0,0.0,0.0,0.0
2026-10-08 10:12:05.317009687+00:00,socialnetwork-url-shorten-memcached-1,0.01,8.974761983999999,0.22,11800.0,126.0,7470000.0,0.0,10.0,0.0,0.0,0.0
2026-10-08 10:12:05.317009687+00:00,socialnetwork-user-timeline-redis-1,0.17,6.3900221440000005,0.16,440000.0,776000.0,127000.0,0.0,6.0,0.0,0.0,0.0
2026-10-08 10:12:05.317009687+00:00,socialnetwork-media-memcached-1,0.01,2.1663580159999998,0.05,11200.0,126.0,0.0,0.0,10.0,0.0,0.0,0.0
2026-10-08 10:12:05.317009687+00:00,socialnetwork-user-memcached-1,0.02,2.174746624,0.05,11100.0,126.0,0.0,0.0,10.0,0.0,0.0,0.0
2026-10-08 10:12:05.317009687+00:00,socialnetwork-home-timeline-redis-1,0.15,62.99844608,1.58,448000.0,782000.0,35200000.0,0.0,6.0,0.0,0.0,0.0
2026-10-08 10:12:05.317009687+00:00,socialnetwork-post-storage-memcached-1,0.06,9.035579392,0.23,4780000.0,59800000.0,0.0,0.0,10.0,0.0,0.0,0.0
2026-10-08 10:12:05.317009687+00:00,socialnetwork-social-graph-redis-1,0.15,7.7542195199999995,0.19,10700.0,126.0,782000.0,0.0,6.0,0.0,0.0,0.0
2026-10-08 10:12:05.317009687+00:00,socialnetwork-jaeger-agent-1,0.03,41.75429632,1.04,1300000.0,215000.0,33000000.0,0.0,8.0,0.0,0.0,0.0
2026-10-08 10:12:05.317009687+00:00,socialnetwork-social-graph-mongodb-1,0.25,87.04229376,2.18,642000.0,1260000.0,25800000.0,84300000.0,34.0,0.0,0.0,0.0
2026-10-08 10:12:05.317009687+00:00,socialnetwork-media-mongodb-1,0.24,63.56467712,1.59,10400.0,126.0,2020000.0,78600000.0,32.0,0.0,0.0,0.0
2026-10-08 10:12:05.317009687+00:00,socialnetwork-user-mongodb-1,0.27,73.26400512000001,1.83,641000.0,1260000.0,12600000.0,84300000.0,34.0,0.0,0.0,0.0
2026-10-08 10:12:05.317009687+00:00,socialnetwork-url-shorten-mongodb-1,0.27,64.16236544,1.61,641000.0,1260000.0,3340000.0,84300000.0,34.0,0.0,0.0,0.0
2026-10-08 10:12:05.317009687+00:00,socialnetwork-post-storage-mongodb-1,0.27,71.62822656,1.79,642000.0,1310000.0,11600000.0,84700000.0,34.0,0.0,0.0,0.0
2026-10-08 10:12:05.317009687+00:00,socialnetwork-user-timeline-mongodb-1,0.26,63.55419136,1.59,640000.0,1260000.0,3370000.0,84300000.0,34.0,0.0,0.0,0.0
2026-10-08 10:12:15.328611851+00:00,socialnetwork-url-shorten-service-1,0.0,2.871001088,0.07,1270000.0,631000.0,971000.0,0.0,3.0,,,
2026-10-08 10:12:15.328611851+00:00,socialnetwork-nginx-thrift-1,0.23,25.56428288,0.64,42800000.0,57100000.0,14100000.0,4100.0,5.0,,,
2026-10-08 10:12:15.328611851+00:00,socialnetwork-media-frontend-1,0.0,23.530045440000002,0.59,10600.0,126.0,10100000.0,4100.0,17.0,,,
2026-10-08 10:12:15.328611851+00:00,socialnetwork-compose-post-service-1,0.0,6.753878016,0.17,11900.0,126.0,6160000.0,0.0,2.0,,,
2026-10-08 10:12:15.328611851+00:00,socialnetwork-post-storage-service-1,0.06,4.600102912,0.12,43600000.0,31100000.0,0.0,0.0,5.0,,,
2026-10-08 10:12:15.328611851+00:00,socialnetwork-media-service-1,0.0,2.0730347520000003,0.05,12100.0,126.0,1120000.0,0.0,2.0,,,
2026-10-08 10:12:15.328611851+00:00,socialnetwork-user-service-1,0.0,7.118782464,0.18,1270000.0,631000.0,5540000.0,0.0,3.0,,,
2026-10-08 10:12:15.328611851+00:00,socialnetwork-home-timeline-service-1,0.0,4.862246912,0.12,22000000.0,21800000.0,1890000.0,0.0,4.0,,,
2026-10-08 10:12:15.328611851+00:00,socialnetwork-user-mention-service-1,0.0,2.780823552,0.07,11000.0,126.0,991000.0,0.0,2.0,,,
2026-10-08 10:12:15.328611851+00:00,socialnetwork-unique-id-service-1,0.0,2.080374784,0.05,11700.0,126.0,967000.0,0.0,2.0,,,
2026-10-08 10:12:15.328611851+00:00,socialnetwork-social-graph-service-1,0.0,3.375366144,0.08,1270000.0,631000.0,1710000.0,0.0,3.0,,,
2026-10-08 10:12:15.328611851+00:00,socialnetwork-user-timeline-service-1,0.07,6.639583232,0.17,22400000.0,21600000.0,3620000.0,0.0,5.0,,,
2026-10-08 10:12:15.328611851+00:00,socialnetwork-text-service-1,0.0,2.178940928,0.05,11400.0,126.0,1070000.0,0.0,2.0,,,
2026-10-08 10:12:15.328611851+00:00,socialnetwork-url-shorten-memcached-1,0.01,8.974761983999999,0.22,11800.0,126.0,7470000.0,0.0,10.0,,,
2026-10-08 10:12:15.328611851+00:00,socialnetwork-user-timeline-redis-1,0.19,6.3900221440000005,0.16,442000.0,778000.0,127000.0,0.0,6.0,,,
2026-10-08 10:12:15.328611851+00:00,socialnetwork-media-memcached-1,0.01,2.1663580159999998,0.05,11200.0,126.0,0.0,0.0,10.0,,,
2026-10-08 10:12:15.328611851+00:00,socialnetwork-user-memcached-1,0.01,2.174746624,0.05,11100.0,126.0,0.0,0.0,10.0,,,
2026-10-08 10:12:15.328611851+00:00,socialnetwork-home-timeline-redis-1,0.13,62.99844608,1.58,448000.0,783000.0,35200000.0,0.0,6.0,,,
2026-10-08 10:12:15.328611851+00:00,socialnetwork-post-storage-memcached-1,0.05,9.035579392,0.23,4790000.0,59900000.0,0.0,0.0,10.0,,,
2026-10-08 10:12:15.328611851+00:00,socialnetwork-social-graph-redis-1,0.17,7.7542195199999995,0.19,10700.0,126.0,782000.0,0.0,6.0,,,
2026-10-08 10:12:15.328611851+00:00,socialnetwork-jaeger-agent-1,0.01,41.75429632,1.04,1300000.0,215000.0,33000000.0,0.0,8.0,,,
2026-10-08 10:12:15.328611851+00:00,socialnetwork-social-graph-mongodb-1,0.24,86.78014976,2.17,642000.0,1260000.0,25800000.0,84300000.0,34.0,,,
2026-10-08 10:12:15.328611851+00:00,socialnetwork-media-mongodb-1,0.21,63.30253312,1.58,10400.0,126.0,2020000.0,78600000.0,32.0,,,
2026-10-08 10:12:15.328611851+00:00,socialnetwork-user-mongodb-1,0.23,73.26400512000001,1.83,641000.0,1260000.0,12600000.0,84300000.0,34.0,,,
2026-10-08 10:12:15.328611851+00:00,socialnetwork-url-shorten-mongodb-1,0.24,64.16236544,1.61,641000.0,1260000.0,3340000.0,84400000.0,34.0,,,
2026-10-08 10:12:15.328611851+00:00,socialnetwork-post-storage-mongodb-1,0.23,71.8798848,1.8,642000.0,1310000.0,11600000.0,84700000.0,34.0,,,
2026-10-08 10:12:15.328611851+00:00,socialnetwork-user-timeline-mongodb-1,0.22,63.81633536,1.6,641000.0,1260000.0,3370000.0,84400000.0,34.0,,,
2026-10-08 10:12:25.335245609+00:00,socialnetwork-url-shorten-service-1,0.0,2.871001088,0.07,1270000.0,631000.0,971000.0,0.0,3.0,,,
2026-10-08 10:12:25.335245609+00:00,socialnetwork-nginx-thrift-1,0.0,25.553797120000002,0.64,42800000.0,57200000.0,14100000.0,4100.0,5.0,,,
2026-10-08 10:12:25.335245609+00:00,socialnetwork-media-frontend-1,0.0,23.530045440000002,0.59,10600.0,126.0,10100000.0,4100.0,17.0,,,
2026-10-08 10:12:25.335245609+00:00,socialnetwork-compose-post-service-1,0.0,6.753878016,0.17,11900.0,126.0,6160000.0,0.0,2.0,,,
2026-10-08 10:12:25.335245609+00:00,socialnetwork-post-storage-service-1,0.0,4.555014144,0.11,43600000.0,31100000.0,0.0,0.0,4.0,,,
2026-10-08 10:12:25.335245609+00:00,socialnetwork-media-service-1,0.0,2.0730347520000003,0.05,12100.0,126.0,1120000.0,0.0,2.0,,,
2026-10-08 10:12:25.335245609+00:00,socialnetwork-user-service-1,0.0,7.118782464,0.18,1270000.0,631000.0,5540000.0,0.0,3.0,,,
2026-10-08 10:12:25.335245609+00:00,socialnetwork-home-timeline-service-1,0.0,4.825546752,0.12,22000000.0,21800000.0,1890000.0,0.0,3.0,,,
2026-10-08 10:12:25.335245609+00:00,socialnetwork-user-mention-service-1,0.0,2.780823552,0.07,11000.0,126.0,991000.0,0.0,2.0,,,
2026-10-08 10:12:25.335245609+00:00,socialnetwork-unique-id-service-1,0.0,2.080374784,0.05,11700.0,126.0,967000.0,0.0,2.0,,,
2026-10-08 10:12:25.335245609+00:00,socialnetwork-social-graph-service-1,0.0,3.375366144,0.08,1270000.0,631000.0,1710000.0,0.0,3.0,,,
2026-10-08 10:12:25.335245609+00:00,socialnetwork-user-timeline-service-1,0.0,6.598688768000001,0.17,22500000.0,21600000.0,3620000.0,0.0,4.0,,,
2026-10-08 10:12:25.335245609+00:00,socialnetwork-text-service-1,0.0,2.178940928,0.05,11400.0,126.0,1070000.0,0.0,2.0,,,
2026-10-08 10:12:25.335245609+00:00,socialnetwork-url-shorten-memcached-1,0.01,8.974761983999999,0.22,11800.0,126.0,7470000.0,0.0,10.0,,,
2026-10-08 10:12:25.335245609+00:00,socialnetwork-user-timeline-redis-1,0.18,6.3900221440000005,0.16,442000.0,779000.0,127000.0,0.0,6.0,,,
2026-10-08 10:12:25.335245609+00:00,socialnetwork-media-memcached-1,0.01,2.1663580159999998,0.05,11200.0,126.0,0.0,0.0,10.0,,,
2026-10-08 10:12:25.335245609+00:00,socialnetwork-user-memcached-1,0.01,2.174746624,0.05,11100.0,126.0,0.0,0.0,10.0,,,
2026-10-08 10:12:25.335245609+00:00,socialnetwork-home-timeline-redis-1,0.15,62.99844608,1.58,449000.0,783000.0,35200000.0,0.0,6.0,,,
2026-10-08 10:12:25.335245609+00:00,socialnetwork-post-storage-memcached-1,0.03,8.786018303999999,0.22,4790000.0,59900000.0,0.0,0.0,10.0,,,
2026-10-08 10:12:25.335245609+00:00,socialnetwork-social-graph-redis-1,0.16,7.7542195199999995,0.19,10700.0,126.0,782000.0,0.0,6.0,,,
2026-10-08 10:12:25.335245609+00:00,socialnetwork-jaeger-agent-1,0.01,41.75429632,1.04,1300000.0,215000.0,33000000.0,0.0,8.0,,,
2026-10-08 10:12:25.335245609+00:00,socialnetwork-social-graph-mongodb-1,0.25,87.04229376,2.18,642000.0,1260000.0,25800000.0,84400000.0,34.0,,,
2026-10-08 10:12:25.335245609+00:00,socialnetwork-media-mongodb-1,0.24,63.30253312,1.58,10400.0,126.0,2020000.0,78700000.0,32.0,,,
2026-10-08 10:12:25.335245609+00:00,socialnetwork-user-mongodb-1,0.24,73.26400512000001,1.83,641000.0,1260000.0,12600000.0,84400000.0,34.0,,,
2026-10-08 10:12:25.335245609+00:00,socialnetwork-url-shorten-mongodb-1,0.27,64.42450944,1.61,641000.0,1260000.0,3340000.0,84400000.0,34.0,,,
2026-10-08 10:12:25.335245609+00:00,socialnetwork-post-storage-mongodb-1,0.25,71.8798848,1.8,643000.0,1310000.0,11600000.0,84800000.0,34.0,,,
2026-10-08 10:12:25.335245609+00:00,socialnetwork-user-timeline-mongodb-1,0.25,63.55419136,1.59,641000.0,1260000.0,3370000.0,84400000.0,34.0,,,
2026-10-08 10:12:35.346248150+00:00,socialnetwork-url-shorten-service-1,0.0,2.871001088,0.07,1270000.0,631000.0,971000.0,0.0,3.0,0.0,0.0,0.0
2026-10-08 10:12:35.346248150+00:00,socialnetwork-nginx-thrift-1,0.0,25.553797120000002,0.64,42800000.0,57200000.0,14100000.0,4100.0,5.0,0.0,0.0,0.0
2026-10-08 10:12:35.346248150+00:00,socialnetwork-media-frontend-1,0.0,23.530045440000002,0.59,10600.0,126.0,10100000.0,4100.0,17.0,0.0,0.0,0.0
2026-10-08 10:12:35.346248150+00:00,socialnetwork-compose-post-service-1,0.0,6.753878016,0.17,11900.0,126.0,6160000.0,0.0,2.0,0.0,0.0,0.0
2026-10-08 10:12:35.346248150+00:00,socialnetwork-post-storage-service-1,0.0,4.58752,0.11,43700000.0,31100000.0,0.0,0.0,5.0,1.0,1.0,0.0
2026-10-08 10:12:35.346248150+00:00,socialnetwork-media-service-1,0.0,2.0730347520000003,0.05,12100.0,126.0,1120000.0,0.0,2.0,0.0,0.0,0.0
2026-10-08 10:12:35.346248150+00:00,socialnetwork-user-service-1,0.0,7.118782464,0.18,1270000.0,631000.0,5540000.0,0.0,3.0,0.0,0.0,0.0
2026-10-08 10:12:35.346248150+00:00,socialnetwork-home-timeline-service-1,0.0,4.787798016,0.12,22000000.0,21800000.0,1890000.0,0.0,2.0,0.0,0.0,0.0
2026-10-08 10:12:35.346248150+00:00,socialnetwork-user-mention-service-1,0.0,2.780823552,0.07,11000.0,126.0,991000.0,0.0,2.0,0.0,0.0,0.0
2026-10-08 10:12:35.346248150+00:00,socialnetwork-unique-id-service-1,0.0,2.080374784,0.05,11700.0,126.0,967000.0,0.0,2.0,0.0,0.0,0.0
2026-10-08 10:12:35.346248150+00:00,socialnetwork-social-graph-service-1,0.0,3.375366144,0.08,1270000.0,631000.0,1710000.0,0.0,3.0,0.0,0.0,0.0
2026-10-08 10:12:35.346248150+00:00,socialnetwork-user-timeline-service-1,0.0,6.602883072,0.17,22500000.0,21600000.0,3620000.0,0.0,4.0,1.0,1.0,0.0
2026-10-08 10:12:35.346248150+00:00,socialnetwork-text-service-1,0.0,2.178940928,0.05,11400.0,126.0,1070000.0,0.0,2.0,0.0,0.0,0.0
2026-10-08 10:12:35.346248150+00:00,socialnetwork-url-shorten-memcached-1,0.01,8.974761983999999,0.22,11800.0,126.0,7470000.0,0.0,10.0,0.0,0.0,0.0
2026-10-08 10:12:35.346248150+00:00,socialnetwork-user-timeline-redis-1,0.17,6.3900221440000005,0.16,443000.0,779000.0,127000.0,0.0,6.0,0.0,0.0,0.0
2026-10-08 10:12:35.346248150+00:00,socialnetwork-media-memcached-1,0.01,2.1663580159999998,0.05,11200.0,126.0,0.0,0.0,10.0,0.0,0.0,0.0
2026-10-08 10:12:35.346248150+00:00,socialnetwork-user-memcached-1,0.01,2.174746624,0.05,11100.0,126.0,0.0,0.0,10.0,0.0,0.0,0.0
2026-10-08 10:12:35.346248150+00:00,socialnetwork-home-timeline-redis-1,0.17,62.73630208,1.57,449000.0,783000.0,35200000.0,0.0,6.0,0.0,0.0,0.0
2026-10-08 10:12:35.346248150+00:00,socialnetwork-post-storage-memcached-1,0.03,8.786018303999999,0.22,4790000.0,60000000.0,0.0,0.0,10.0,0.0,0.0,0.0
2026-10-08 10:12:35.346248150+00:00,socialnetwork-social-graph-redis-1,0.15,7.492075519999999,0.19,10700.0,126.0,782000.0,0.0,6.0,0.0,0.0,0.0
2026-10-08 10:12:35.346248150+00:00,socialnetwork-jaeger-agent-1,0.02,41.75429632,1.04,1310000.0,216000.0,33000000.0,0.0,8.0,0.0,0.0,0.0
2026-10-08 10:12:35.346248150+00:00,socialnetwork-social-graph-mongodb-1,0.24,87.30443776,2.18,642000.0,1260000.0,25800000.0,84400000.0,34.0,1.0,0.0,0.0
2026-10-08 10:12:35.346248150+00:00,socialnetwork-media-mongodb-1,0.26,63.56467712,1.59,10400.0,126.0,2020000.0,78700000.0,32.0,1.0,0.0,0.0
2026-10-08 10:12:35.346248150+00:00,socialnetwork-user-mongodb-1,0.24,73.26400512000001,1.83,642000.0,1260000.0,12600000.0,84400000.0,34.0,1.0,0.0,0.0
2026-10-08 10:12:35.346248150+00:00,socialnetwork-url-shorten-mongodb-1,0.27,64.42450944,1.61,641000.0,1260000.0,3340000.0,84400000.0,34.0,1.0,0.0,0.0
2026-10-08 10:12:35.346248150+00:00,socialnetwork-post-storage-mongodb-1,0.25,71.62822656,1.79,643000.0,1310000.0,11600000.0,84800000.0,34.0,1.0,0.0,0.0
2026-10-08 10:12:35.346248150+00:00,socialnetwork-user-timeline-mongodb-1,0.24,63.81633536,1.6,641000.0,1260000.0,3370000.0,84400000.0,34.0,1.0,0.0,0.0
2026-10-08 10:12:45.350534916+00:00,socialnetwork-url-shorten-service-1,0.0,2.871001088,0.07,1270000.0,631000.0,971000.0,0.0,3.0,,,
2026-10-08 10:12:45.350534916+00:00,socialnetwork-nginx-thrift-1,0.02,25.56428288,0.64,42900000.0,57200000.0,14100000.0,4100.0,5.0,,,
2026-10-08 10:12:45.350534916+00:00,socialnetwork-media-frontend-1,0.0,23.530045440000002,0.59,10600.0,126.0,10100000.0,4100.0,17.0,,,
2026-10-08 10:12:45.350534916+00:00,socialnetwork-compose-post-service-1,0.0,6.753878016,0.17,11900.0,126.0,6160000.0,0.0,2.0,,,
2026-10-08 10:12:45.350534916+00:00,socialnetwork-post-storage-service-1,0.0,4.555014144,0.11,43700000.0,31200000.0,0.0,0.0,4.0,,,
2026-10-08 10:12:45.350534916+00:00,socialnetwork-media-service-1,0.0,2.0730347520000003,0.05,12100.0,126.0,1120000.0,0.0,2.0,,,
2026-10-08 10:12:45.350534916+00:00,socialnetwork-user-service-1,0.0,7.118782464,0.18,1270000.0,631000.0,5540000.0,0.0,3.0,,,
2026-10-08 10:12:45.350534916+00:00,socialnetwork-home-timeline-service-1,0.0,4.862246912,0.12,22000000.0,21800000.0,1890000.0,0.0,4.0,,,
2026-10-08 10:12:45.350534916+00:00,socialnetwork-user-mention-service-1,0.0,2.780823552,0.07,11000.0,126.0,991000.0,0.0,2.0,,,
2026-10-08 10:12:45.350534916+00:00,socialnetwork-unique-id-service-1,0.0,2.080374784,0.05,11700.0,126.0,967000.0,0.0,2.0,,,
2026-10-08 10:12:45.350534916+00:00,socialnetwork-social-graph-service-1,0.0,3.375366144,0.08,1270000.0,631000.0,1710000.0,0.0,3.0,,,
2026-10-08 10:12:45.350534916+00:00,socialnetwork-user-timeline-service-1,0.0,6.598688768000001,0.17,22500000.0,21700000.0,3620000.0,0.0,4.0,,,
2026-10-08 10:12:45.350534916+00:00,socialnetwork-text-service-1,0.0,2.178940928,0.05,11400.0,126.0,1070000.0,0.0,2.0,,,
2026-10-08 10:12:45.350534916+00:00,socialnetwork-url-shorten-memcached-1,0.01,8.974761983999999,0.22,11800.0,126.0,7470000.0,0.0,10.0,,,
2026-10-08 10:12:45.350534916+00:00,socialnetwork-user-timeline-redis-1,0.18,6.3900221440000005,0.16,443000.0,780000.0,127000.0,0.0,6.0,,,
2026-10-08 10:12:45.350534916+00:00,socialnetwork-media-memcached-1,0.01,2.1663580159999998,0.05,11200.0,126.0,0.0,0.0,10.0,,,
2026-10-08 10:12:45.350534916+00:00,socialnetwork-user-memcached-1,0.01,2.174746624,0.05,11100.0,126.0,0.0,0.0,10.0,,,
2026-10-08 10:12:45.350534916+00:00,socialnetwork-home-timeline-redis-1,0.18,62.99844608,1.58,450000.0,785000.0,35200000.0,0.0,6.0,,,
2026-10-08 10:12:45.350534916+00:00,socialnetwork-post-storage-memcached-1,0.03,8.790212608,0.22,4800000.0,60000000.0,0.0,0.0,10.0,,,
2026-10-08 10:12:45.350534916+00:00,socialnetwork-social-graph-redis-1,0.16,7.492075519999999,0.19,10700.0,126.0,782000.0,0.0,6.0,,,
2026-10-08 10:12:45.350534916+00:00,socialnetwork-jaeger-agent-1,0.01,41.75429632,1.04,1310000.0,217000.0,33000000.0,0.0,8.0,,,
2026-10-08 10:12:45.350534916+00:00,socialnetwork-social-graph-mongodb-1,0.23,87.30443776,2.18,642000.0,1260000.0,25800000.0,84400000.0,34.0,,,
2026-10-08 10:12:45.350534916+00:00,socialnetwork-media-mongodb-1,0.21,63.56467712,1.59,10400.0,126.0,2020000.0,78700000.0,32.0,,,
2026-10-08 10:12:45.350534916+00:00,socialnetwork-user-mongodb-1,0.27,73.00186112,1.83,642000.0,1260000.0,12600000.0,84400000.0,34.0,,,
2026-10-08 10:12:45.350534916+00:00,socialnetwork-url-shorten-mongodb-1,0.27,64.42450944,1.61,641000.0,1260000.0,3340000.0,84400000.0,34.0,,,
2026-10-08 10:12:45.350534916+00:00,socialnetwork-post-storage-mongodb-1,0.24,71.89037056000001,1.8,643000.0,1310000.0,11600000.0,84800000.0,34.0,,,
2026-10-08 10:12:45.350534916+00:00,socialnetwork-user-timeline-mongodb-1,0.25,63.81633536,1.6,641000.0,1260000.0,3370000.0,84400000.0,34.0,,,
2026-10-08 10:12:55.362775803+00:00,socialnetwork-url-shorten-service-1,0.0,2.871001088,0.07,1280000.0,631000.0,971000.0,0.0,3.0,,,
2026-10-08 10:12:55.362775803+00:00,socialnetwork-nginx-thrift-1,0.0,25.553797120000002,0.64,42900000.0,57300000.0,14100000.0,4100.0,5.0,,,
2026-10-08 10:12:55.362775803+00:00,socialnetwork-media-frontend-1,0.0,23.530045440000002,0.59,10600.0,126.0,10100000.0,4100.0,17.0,,,
2026-10-08 10:12:55.362775803+00:00,socialnetwork-compose-post-service-1,0.0,6.753878016,0.17,11900.0,126.0,6160000.0,0.0,2.0,,,
2026-10-08 10:12:55.362775803+00:00,socialnetwork-post-storage-service-1,0.0,4.555014144,0.11,43700000.0,31200000.0,0.0,0.0,4.0,,,
2026-10-08 10:12:55.362775803+00:00,socialnetwork-media-service-1,0.0,2.0730347520000003,0.05,12100.0,126.0,1120000.0,0.0,2.0,,,
2026-10-08 10:12:55.362775803+00:00,socialnetwork-user-service-1,0.0,7.118782464,0.18,1280000.0,631000.0,5540000.0,0.0,3.0,,,
2026-10-08 10:12:55.362775803+00:00,socialnetwork-home-timeline-service-1,0.0,4.821352448,0.12,22000000.0,21900000.0,1890000.0,0.0,3.0,,,
2026-10-08 10:12:55.362775803+00:00,socialnetwork-user-mention-service-1,0.0,2.780823552,0.07,11000.0,126.0,991000.0,0.0,2.0,,,
2026-10-08 10:12:55.362775803+00:00,socialnetwork-unique-id-service-1,0.0,2.080374784,0.05,11700.0,126.0,967000.0,0.0,2.0,,,
2026-10-08 10:12:55.362775803+00:00,socialnetwork-social-graph-service-1,0.0,3.375366144,0.08,1270000.0,631000.0,1710000.0,0.0,3.0,,,
2026-10-08 10:12:55.362775803+00:00,socialnetwork-user-timeline-service-1,0.0,6.602883072,0.17,22500000.0,21700000.0,3620000.0,0.0,4.0,,,
2026-10-08 10:12:55.362775803+00:00,socialnetwork-text-service-1,0.0,2.178940928,0.05,11400.0,126.0,1070000.0,0.0,2.0,,,
2026-10-08 10:12:55.362775803+00:00,socialnetwork-url-shorten-memcached-1,0.01,8.974761983999999,0.22,11800.0,126.0,7470000.0,0.0,10.0,,,
2026-10-08 10:12:55.362775803+00:00,socialnetwork-user-timeline-redis-1,0.16,6.3900221440000005,0.16,443000.0,780000.0,127000.0,0.0,6.0,,,
2026-10-08 10:12:55.362775803+00:00,socialnetwork-media-memcached-1,0.01,2.1663580159999998,0.05,11200.0,126.0,0.0,0.0,10.0,,,
2026-10-08 10:12:55.362775803+00:00,socialnetwork-user-memcached-1,0.01,2.174746624,0.05,11100.0,126.0,0.0,0.0,10.0,,,
2026-10-08 10:12:55.362775803+00:00,socialnetwork-home-timeline-redis-1,0.12,62.99844608,1.58,451000.0,786000.0,35200000.0,0.0,6.0,,,
2026-10-08 10:12:55.362775803+00:00,socialnetwork-post-storage-memcached-1,0.03,8.786018303999999,0.22,4800000.0,60000000.0,0.0,0.0,10.0,,,
2026-10-08 10:12:55.362775803+00:00,socialnetwork-social-graph-redis-1,0.16,7.7542195199999995,0.19,10700.0,126.0,782000.0,0.0,6.0,,,
2026-10-08 10:12:55.362775803+00:00,socialnetwork-jaeger-agent-1,0.01,41.75429632,1.04,1310000.0,217000.0,33000000.0,0.0,8.0,,,
2026-10-08 10:12:55.362775803+00:00,socialnetwork-social-graph-mongodb-1,0.22,87.04229376,2.18,643000.0,1260000.0,25800000.0,84400000.0,34.0,,,
2026-10-08 10:12:55.362775803+00:00,socialnetwork-media-mongodb-1,0.21,63.56467712,1.59,10400.0,126.0,2020000.0,78800000.0,32.0,,,
2026-10-08 10:12:55.362775803+00:00,socialnetwork-user-mongodb-1,0.24,73.00186112,1.83,642000.0,1260000.0,12600000.0,84400000.0,34.0,,,
2026-10-08 10:12:55.362775803+00:00,socialnetwork-url-shorten-mongodb-1,0.24,64.42450944,1.61,642000.0,1260000.0,3340000.0,84500000.0,34.0,,,
2026-10-08 10:12:55.362775803+00:00,socialnetwork-post-storage-mongodb-1,0.24,71.89037056000001,1.8,643000.0,1310000.0,11600000.0,84800000.0,34.0,,,
2026-10-08 10:12:55.362775803+00:00,socialnetwork-user-timeline-mongodb-1,0.25,63.81633536,1.6,642000.0,1260000.0,3370000.0,84500000.0,34.0,,,
2026-10-08 10:13:05.371394157+00:00,socialnetwork-url-shorten-service-1,0.0,2.871001088,0.07,1280000.0,632000.0,971000.0,0.0,3.0,0.0,0.0,0.0
2026-10-08 10:13:05.371394157+00:00,socialnetwork-nginx-thrift-1,0.0,25.56428288,0.64,43000000.0,57400000.0,14100000.0,4100.0,5.0,0.0,0.0,0.0
2026-10-08 10:13:05.371394157+00:00,socialnetwork-media-frontend-1,0.0,23.530045440000002,0.59,10600.0,126.0,10100000.0,4100.0,17.0,0.0,0.0,0.0
2026-10-08 10:13:05.371394157+00:00,socialnetwork-compose-post-service-1,0.0,6.753878016,0.17,11900.0,126.0,6160000.0,0.0,2.0,0.0,0.0,0.0
2026-10-08 10:13:05.371394157+00:00,socialnetwork-post-storage-service-1,0.0,4.555014144,0.11,43900000.0,31300000.0,0.0,0.0,4.0,1.0,1.0,0.0
2026-10-08 10:13:05.371394157+00:00,socialnetwork-media-service-1,0.0,2.0730347520000003,0.05,12100.0,126.0,1120000.0,0.0,2.0,0.0,0.0,0.0
2026-10-08 10:13:05.371394157+00:00,socialnetwork-user-service-1,0.0,7.118782464,0.18,1280000.0,632000.0,5540000.0,0.0,3.0,0.0,0.0,0.0
2026-10-08 10:13:05.371394157+00:00,socialnetwork-home-timeline-service-1,0.0,4.862246912,0.12,22100000.0,21900000.0,1890000.0,0.0,4.0,1.0,1.0,0.0
2026-10-08 10:13:05.371394157+00:00,socialnetwork-user-mention-service-1,0.0,2.780823552,0.07,11000.0,126.0,991000.0,0.0,2.0,0.0,0.0,0.0
2026-10-08 10:13:05.371394157+00:00,socialnetwork-unique-id-service-1,0.0,2.080374784,0.05,11700.0,126.0,967000.0,0.0,2.0,0.0,0.0,0.0
2026-10-08 10:13:05.371394157+00:00,socialnetwork-social-graph-service-1,0.0,3.375366144,0.08,1270000.0,632000.0,1710000.0,0.0,3.0,0.0,0.0,0.0
2026-10-08 10:13:05.371394157+00:00,socialnetwork-user-timeline-service-1,0.0,6.635388928,0.17,22500000.0,21700000.0,3620000.0,0.0,5.0,1.0,1.0,0.0
2026-10-08 10:13:05.371394157+00:00,socialnetwork-text-service-1,0.0,2.178940928,0.05,11400.0,126.0,1070000.0,0.0,2.0,0.0,0.0,0.0
2026-10-08 10:13:05.371394157+00:00,socialnetwork-url-shorten-memcached-1,0.01,8.974761983999999,0.22,11800.0,126.0,7470000.0,0.0,10.0,0.0,0.0,0.0
2026-10-08 10:13:05.371394157+00:00,socialnetwork-user-timeline-redis-1,0.17,6.3900221440000005,0.16,445000.0,782000.0,127000.0,0.0,6.0,0.0,0.0,0.0
2026-10-08 10:13:05.371394157+00:00,socialnetwork-media-memcached-1,0.01,2.1663580159999998,0.05,11200.0,126.0,0.0,0.0,10.0,0.0,0.0,0.0
2026-10-08 10:13:05.371394157+00:00,socialnetwork-user-memcached-1,0.01,2.174746624,0.05,11100.0,126.0,0.0,0.0,10.0,0.0,0.0,0.0
2026-10-08 10:13:05.371394157+00:00,socialnetwork-home-timeline-redis-1,0.18,62.73630208,1.57,452000.0,787000.0,35200000.0,0.0,6.0,0.0,0.0,0.0
2026-10-08 10:13:05.371394157+00:00,socialnetwork-post-storage-memcached-1,0.05,8.786018303999999,0.22,4810000.0,60200000.0,0.0,0.0,10.0,0.0,0.0,0.0
2026-10-08 10:13:05.371394157+00:00,socialnetwork-social-graph-redis-1,0.17,8.016363519999999,0.2,10700.0,126.0,782000.0,0.0,6.0,0.0,0.0,0.0
2026-10-08 10:13:05.371394157+00:00,socialnetwork-jaeger-agent-1,0.02,41.75429632,1.04,1310000.0,219000.0,33000000.0,0.0,8.0,0.0,0.0,0.0
2026-10-08 10:13:05.371394157+00:00,socialnetwork-social-graph-mongodb-1,0.22,87.04229376,2.18,643000.0,1260000.0,25800000.0,84400000.0,34.0,0.0,0.0,0.0
2026-10-08 10:13:05.371394157+00:00,socialnetwork-media-mongodb-1,0.21,63.56467712,1.59,10400.0,126.0,2020000.0,78800000.0,32.0,0.0,0.0,0.0
2026-10-08 10:13:05.371394157+00:00,socialnetwork-user-mongodb-1,0.23,73.26400512000001,1.83,642000.0,1260000.0,12600000.0,84500000.0,34.0,0.0,0.0,0.0
2026-10-08 10:13:05.371394157+00:00,socialnetwork-url-shorten-mongodb-1,0.22,64.42450944,1.61,642000.0,1260000.0,3340000.0,84500000.0,34.0,0.0,0.0,0.0
2026-10-08 10:13:05.371394157+00:00,socialnetwork-post-storage-mongodb-1,0.24,71.62822656,1.79,643000.0,1310000.0,11600000.0,84800000.0,34.0,0.0,0.0,0.0
2026-10-08 10:13:05.371394157+00:00,socialnetwork-user-timeline-mongodb-1,0.25,63.81633536,1.6,642000.0,1260000.0,3370000.0,84500000.0,34.0,0.0,0.0,0.0
2026-10-08 10:13:15.384938478+00:00,socialnetwork-url-shorten-service-1,0.0,2.871001088,0.07,1280000.0,632000.0,971000.0,0.0,3.0,,,
2026-10-08 10:13:15.384938478+00:00,socialnetwork-nginx-thrift-1,0.0,25.553797120000002,0.64,43000000.0,57500000.0,14100000.0,4100.0,5.0,,,
2026-10-08 10:13:15.384938478+00:00,socialnetwork-media-frontend-1,0.0,23.530045440000002,0.59,10600.0,126.0,10100000.0,4100.0,17.0,,,
2026-10-08 10:13:15.384938478+00:00,socialnetwork-compose-post-service-1,0.0,6.753878016,0.17,11900.0,126.0,6160000.0,0.0,2.0,,,
2026-10-08 10:13:15.384938478+00:00,socialnetwork-post-storage-service-1,0.0,4.58752,0.11,43900000.0,31300000.0,0.0,0.0,5.0,,,
2026-10-08 10:13:15.384938478+00:00,socialnetwork-media-service-1,0.0,2.0730347520000003,0.05,12100.0,126.0,1120000.0,0.0,2.0,,,
2026-10-08 10:13:15.384938478+00:00,socialnetwork-user-service-1,0.0,7.118782464,0.18,1280000.0,632000.0,5540000.0,0.0,3.0,,,
2026-10-08 10:13:15.384938478+00:00,socialnetwork-home-timeline-service-1,0.0,4.825546752,0.12,22100000.0,21900000.0,1890000.0,0.0,3.0,,,
2026-10-08 10:13:15.384938478+00:00,socialnetwork-user-mention-service-1,0.0,2.780823552,0.07,11000.0,126.0,991000.0,0.0,2.0,,,
2026-10-08 10:13:15.384938478+00:00,socialnetwork-unique-id-service-1,0.0,2.080374784,0.05,11700.0,126.0,967000.0,0.0,2.0,,,
2026-10-08 10:13:15.384938478+00:00,socialnetwork-social-graph-service-1,0.0,3.375366144,0.08,1270000.0,632000.0,1710000.0,0.0,3.0,,,
2026-10-08 10:13:15.384938478+00:00,socialnetwork-user-timeline-service-1,0.0,6.602883072,0.17,22600000.0,21700000.0,3620000.0,0.0,4.0,,,
2026-10-08 10:13:15.384938478+00:00,socialnetwork-text-service-1,0.0,2.178940928,0.05,11400.0,126.0,1070000.0,0.0,2.0,,,
2026-10-08 10:13:15.384938478+00:00,socialnetwork-url-shorten-memcached-1,0.01,8.974761983999999,0.22,11800.0,126.0,7470000.0,0.0,10.0,,,
2026-10-08 10:13:15.384938478+00:00,socialnetwork-user-timeline-redis-1,0.17,6.3900221440000005,0.16,446000.0,783000.0,127000.0,0.0,6.0,,,
2026-10-08 10:13:15.384938478+00:00,socialnetwork-media-memcached-1,0.01,2.1663580159999998,0.05,11200.0,126.0,0.0,0.0,10.0,,,
2026-10-08 10:13:15.384938478+00:00,socialnetwork-user-memcached-1,0.01,2.174746624,0.05,11100.0,126.0,0.0,0.0,10.0,,,
2026-10-08 10:13:15.384938478+00:00,socialnetwork-home-timeline-redis-1,0.17,62.99844608,1.58,453000.0,788000.0,35200000.0,0.0,6.0,,,
2026-10-08 10:13:15.384938478+00:00,socialnetwork-post-storage-memcached-1,0.06,8.786018303999999,0.22,4820000.0,60200000.0,0.0,0.0,10.0,,,
2026-10-08 10:13:15.384938478+00:00,socialnetwork-social-graph-redis-1,0.16,7.492075519999999,0.19,10700.0,126.0,782000.0,0.0,6.0,,,
2026-10-08 10:13:15.384938478+00:00,socialnetwork-jaeger-agent-1,0.01,41.75429632,1.04,1310000.0,220000.0,33000000.0,0.0,8.0,,,
2026-10-08 10:13:15.384938478+00:00,socialnetwork-social-graph-mongodb-1,0.27,87.30443776,2.18,643000.0,1260000.0,25800000.0,84500000.0,34.0,,,
2026-10-08 10:13:15.384938478+00:00,socialnetwork-media-mongodb-1,0.23,63.30253312,1.58,10400.0,126.0,2020000.0,78800000.0,32.0,,,
2026-10-08 10:13:15.384938478+00:00,socialnetwork-user-mongodb-1,0.26,73.26400512000001,1.83,642000.0,1260000.0,12600000.0,84500000.0,34.0,,,
2026-10-08 10:13:15.384938478+00:00,socialnetwork-url-shorten-mongodb-1,0.27,64.42450944,1.61,642000.0,1260000.0,3340000.0,84500000.0,34.0,,,
2026-10-08 10:13:15.384938478+00:00,socialnetwork-post-storage-mongodb-1,0.24,71.89037056000001,1.8,643000.0,1310000.0,11600000.0,84900000.0,34.0,,,
2026-10-08 10:13:15.384938478+00:00,socialnetwork-user-timeline-mongodb-1,0.22,63.81633536,1.6,642000.0,1260000.0,3370000.0,84500000.0,34.0,,,
2026-10-08 10:13:25.391757488+00:00,socialnetwork-url-shorten-service-1,0.0,2.871001088,0.07,1280000.0,632000.0,971000.0,0.0,3.0,,,
2026-10-08 10:13:25.391757488+00:00,socialnetwork-nginx-thrift-1,0.71,25.5852544,0.64,43300000.0,57800000.0,14100000.0,4100.0,5.0,,,
2026-10-08 10:13:25.391757488+00:00,socialnetwork-media-frontend-1,0.0,23.530045440000002,0.59,10600.0,126.0,10100000.0,4100.0,17.0,,,
2026-10-08 10:13:25.391757488+00:00,socialnetwork-compose-post-service-1,0.0,6.753878016,0.17,11900.0,126.0,6160000.0,0.0,2.0,,,
2026-10-08 10:13:25.391757488+00:00,socialnetwork-post-storage-service-1,0.17,4.837081088000001,0.12,44300000.0,31600000.0,0.0,0.0,5.0,,,
2026-10-08 10:13:25.391757488+00:00,socialnetwork-media-service-1,0.0,2.0730347520000003,0.05,12100.0,126.0,1120000.0,0.0,2.0,,,
2026-10-08 10:13:25.391757488+00:00,socialnetwork-user-service-1,0.0,7.118782464,0.18,1280000.0,632000.0,5540000.0,0.0,3.0,,,
2026-10-08 10:13:25.391757488+00:00,socialnetwork-home-timeline-service-1,0.03,4.862246912,0.12,22200000.0,22000000.0,1890000.0,0.0,4.0,,,
2026-10-08 10:13:25.391757488+00:00,socialnetwork-user-mention-service-1,0.0,2.780823552,0.07,11000.0,126.0,991000.0,0.0,2.0,,,
2026-10-08 10:13:25.391757488+00:00,socialnetwork-unique-id-service-1,0.0,2.080374784,0.05,11700.0,126.0,967000.0,0.0,2.0,,,
2026-10-08 10:13:25.391757488+00:00,socialnetwork-social-graph-service-1,0.0,3.375366144,0.08,1270000.0,632000.0,1710000.0,0.0,3.0,,,
2026-10-08 10:13:25.391757488+00:00,socialnetwork-user-timeline-service-1,0.08,6.901727232,0.17,22700000.0,21900000.0,3620000.0,0.0,5.0,,,
2026-10-08 10:13:25.391757488+00:00,socialnetwork-text-service-1,0.0,2.178940928,0.05,11400.0,126.0,1070000.0,0.0,2.0,,,
2026-10-08 10:13:25.391757488+00:00,socialnetwork-url-shorten-memcached-1,0.01,8.974761983999999,0.22,11800.0,126.0,7470000.0,0.0,10.0,,,
2026-10-08 10:13:25.391757488+00:00,socialnetwork-user-timeline-redis-1,0.17,6.647971839999999,0.17,448000.0,788000.0,127000.0,0.0,6.0,,,
2026-10-08 10:13:25.391757488+00:00,socialnetwork-media-memcached-1,0.01,2.1663580159999998,0.05,11200.0,126.0,0.0,0.0,10.0,,,
2026-10-08 10:13:25.391757488+00:00,socialnetwork-user-memcached-1,0.01,2.174746624,0.05,11100.0,126.0,0.0,0.0,10.0,,,
2026-10-08 10:13:25.391757488+00:00,socialnetwork-home-timeline-redis-1,0.14,62.73630208,1.57,455000.0,793000.0,35200000.0,0.0,6.0,,,
2026-10-08 10:13:25.391757488+00:00,socialnetwork-post-storage-memcached-1,0.24,8.786018303999999,0.22,4840000.0,60600000.0,0.0,0.0,10.0,,,
2026-10-08 10:13:25.391757488+00:00,socialnetwork-social-graph-redis-1,0.15,7.492075519999999,0.19,10700.0,126.0,782000.0,0.0,6.0,,,
2026-10-08 10:13:25.391757488+00:00,socialnetwork-jaeger-agent-1,0.01,41.75429632,1.04,1310000.0,221000.0,33000000.0,0.0,8.0,,,
2026-10-08 10:13:25.391757488+00:00,socialnetwork-social-graph-mongodb-1,0.22,86.78014976,2.17,643000.0,1260000.0,25800000.0,84500000.0,34.0,,,
2026-10-08 10:13:25.391757488+00:00,socialnetwork-media-mongodb-1,0.24,63.30253312,1.58,10400.0,126.0,2020000.0,78900000.0,32.0,,,
2026-10-08 10:13:25.391757488+00:00,socialnetwork-user-mongodb-1,0.23,73.00186112,1.83,643000.0,1260000.0,12600000.0,84500000.0,34.0,,,
2026-10-08 10:13:25.391757488+00:00,socialnetwork-url-shorten-mongodb-1,0.24,64.16236544,1.61,642000.0,1260000.0,3340000.0,84600000.0,34.0,,,
2026-10-08 10:13:25.391757488+00:00,socialnetwork-post-storage-mongodb-1,0.26,71.62822656,1.79,644000.0,1310000.0,11600000.0,84900000.0,34.0,,,
2026-10-08 10:13:25.391757488+00:00,socialnetwork-user-timeline-mongodb-1,0.22,63.81633536,1.6,642000.0,1260000.0,3370000.0,84600000.0,34.0,,,
2026-10-08 10:13:35.406180859+00:00,socialnetwork-url-shorten-service-1,0.0,2.871001088,0.07,1280000.0,632000.0,971000.0,0.0,3.0,0.0,0.0,0.0
2026-10-08 10:13:35.406180859+00:00,socialnetwork-nginx-thrift-1,0.93,25.595740160000002,0.64,43700000.0,58300000.0,14100000.0,4100.0,5.0,0.0,0.0,0.0
2026-10-08 10:13:35.406180859+00:00,socialnetwork-media-frontend-1,0.0,23.530045440000002,0.59,10600.0,126.0,10100000.0,4100.0,17.0,0.0,0.0,0.0
2026-10-08 10:13:35.406180859+00:00,socialnetwork-compose-post-service-1,0.0,6.753878016,0.17,11900.0,126.0,6160000.0,0.0,2.0,0.0,0.0,0.0
2026-10-08 10:13:35.406180859+00:00,socialnetwork-post-storage-service-1,0.23,4.620025856,0.12,44900000.0,32000000.0,0.0,0.0,6.0,2.0,2.0,0.0
2026-10-08 10:13:35.406180859+00:00,socialnetwork-media-service-1,0.0,2.0730347520000003,0.05,12100.0,126.0,1120000.0,0.0,2.0,0.0,0.0,0.0
2026-10-08 10:13:35.406180859+00:00,socialnetwork-user-service-1,0.0,7.118782464,0.18,1280000.0,632000.0,5540000.0,0.0,3.0,0.0,0.0,0.0
2026-10-08 10:13:35.406180859+00:00,socialnetwork-home-timeline-service-1,0.07,4.894752768,0.12,22400000.0,22300000.0,1890000.0,0.0,5.0,2.0,2.0,0.0
2026-10-08 10:13:35.406180859+00:00,socialnetwork-user-mention-service-1,0.0,2.780823552,0.07,11000.0,126.0,991000.0,0.0,2.0,0.0,0.0,0.0
2026-10-08 10:13:35.406180859+00:00,socialnetwork-unique-id-service-1,0.0,2.080374784,0.05,11700.0,126.0,967000.0,0.0,2.0,0.0,0.0,0.0
2026-10-08 10:13:35.406180859+00:00,socialnetwork-social-graph-service-1,0.0,3.375366144,0.08,1280000.0,632000.0,1710000.0,0.0,3.0,0.0,0.0,0.0
2026-10-08 10:13:35.406180859+00:00,socialnetwork-user-timeline-service-1,0.04,6.676283392,0.17,22900000.0,22100000.0,3620000.0,0.0,6.0,1.0,1.0,0.0
2026-10-08 10:13:35.406180859+00:00,socialnetwork-text-service-1,0.0,2.178940928,0.05,11400.0,126.0,1070000.0,0.0,2.0,0.0,0.0,0.0
2026-10-08 10:13:35.406180859+00:00,socialnetwork-url-shorten-memcached-1,0.01,8.974761983999999,0.22,11800.0,126.0,7470000.0,0.0,10.0,0.0,0.0,0.0
2026-10-08 10:13:35.406180859+00:00,socialnetwork-user-timeline-redis-1,0.17,6.127878144,0.15,451000.0,794000.0,127000.0,0.0,6.0,0.0,0.0,0.0
2026-10-08 10:13:35.406180859+00:00,socialnetwork-media-memcached-1,0.01,2.1663580159999998,0.05,11200.0,126.0,0.0,0.0,10.0,0.0,0.0,0.0
2026-10-08 10:13:35.406180859+00:00,socialnetwork-user-memcached-1,0.01,2.174746624,0.05,11100.0,126.0,0.0,0.0,10.0,0.0,0.0,0.0
2026-10-08 10:13:35.406180859+00:00,socialnetwork-home-timeline-redis-1,0.15,62.73630208,1.57,459000.0,799000.0,35200000.0,0.0,6.0,0.0,0.0,0.0
2026-10-08 10:13:35.406180859+00:00,socialnetwork-post-storage-memcached-1,0.23,8.790212608,0.22,4890000.0,61100000.0,0.0,0.0,10.0,0.0,0.0,0.0
2026-10-08 10:13:35.406180859+00:00,socialnetwork-social-graph-redis-1,0.15,7.492075519999999,0.19,10700.0,126.0,782000.0,0.0,6.0,0.0,0.0,0.0
2026-10-08 10:13:35.406180859+00:00,socialnetwork-jaeger-agent-1,0.03,41.75429632,1.04,1330000.0,223000.0,33000000.0,0.0,8.0,0.0,0.0,0.0
2026-10-08 10:13:35.406180859+00:00,socialnetwork-social-graph-mongodb-1,0.22,87.04229376,2.18,643000.0,1260000.0,25800000.0,84500000.0,34.0,1.0,0.0,0.0
2026-10-08 10:13:35.406180859+00:00,socialnetwork-media-mongodb-1,0.24,63.56467712,1.59,10400.0,126.0,2020000.0,78900000.0,32.0,1.0,0.0,0.0
2026-10-08 10:13:35.406180859+00:00,socialnetwork-user-mongodb-1,0.24,73.26400512000001,1.83,643000.0,1260000.0,12600000.0,84500000.0,34.0,1.0,0.0,0.0
2026-10-08 10:13:35.406180859+00:00,socialnetwork-url-shorten-mongodb-1,0.23,64.42450944,1.61,643000.0,1260000.0,3340000.0,84600000.0,34.0,1.0,0.0,0.0
2026-10-08 10:13:35.406180859+00:00,socialnetwork-post-storage-mongodb-1,0.26,71.89037056000001,1.8,644000.0,1310000.0,11600000.0,84900000.0,34.0,1.0,0.0,0.0
2026-10-08 10:13:35.406180859+00:00,socialnetwork-user-timeline-mongodb-1,0.31,63.81633536,1.6,642000.0,1260000.0,3370000.0,84600000.0,34.0,1.0,0.0,0.0
2026-10-08 10:13:45.417938232+00:00,socialnetwork-url-shorten-service-1,0.0,2.871001088,0.07,1280000.0,632000.0,971000.0,0.0,3.0,,,
2026-10-08 10:13:45.417938232+00:00,socialnetwork-nginx-thrift-1,0.91,25.868369920000003,0.65,44000000.0,58700000.0,14100000.0,4100.0,5.0,,,
2026-10-08 10:13:45.417938232+00:00,socialnetwork-media-frontend-1,0.0,23.530045440000002,0.59,10600.0,126.0,10100000.0,4100.0,17.0,,,
2026-10-08 10:13:45.417938232+00:00,socialnetwork-compose-post-service-1,0.0,6.753878016,0.17,11900.0,126.0,6160000.0,0.0,2.0,,,
2026-10-08 10:13:45.417938232+00:00,socialnetwork-post-storage-service-1,0.25,4.611637248,0.12,45300000.0,32299999.999999996,0.0,0.0,5.0,,,
2026-10-08 10:13:45.417938232+00:00,socialnetwork-media-service-1,0.0,2.0730347520000003,0.05,12100.0,126.0,1120000.0,0.0,2.0,,,
2026-10-08 10:13:45.417938232+00:00,socialnetwork-user-service-1,0.0,7.118782464,0.18,1280000.0,632000.0,5540000.0,0.0,3.0,,,
2026-10-08 10:13:45.417938232+00:00,socialnetwork-home-timeline-service-1,0.11,5.09083648,0.13,22600000.0,22400000.0,1890000.0,0.0,4.0,,,
2026-10-08 10:13:45.417938232+00:00,socialnetwork-user-mention-service-1,0.0,2.780823552,0.07,11000.0,126.0,991000.0,0.0,2.0,,,
2026-10-08 10:13:45.417938232+00:00,socialnetwork-unique-id-service-1,0.0,2.080374784,0.05,11700.0,126.0,967000.0,0.0,2.0,,,
2026-10-08 10:13:45.417938232+00:00,socialnetwork-social-graph-service-1,0.0,3.375366144,0.08,1280000.0,632000.0,1710000.0,0.0,3.0,,,
2026-10-08 10:13:45.417938232+00:00,socialnetwork-user-timeline-service-1,0.04,6.635388928,0.17,23000000.0,22200000.0,3620000.0,0.0,5.0,,,
2026-10-08 10:13:45.417938232+00:00,socialnetwork-text-service-1,0.0,2.178940928,0.05,11400.0,126.0,1070000.0,0.0,2.0,,,
2026-10-08 10:13:45.417938232+00:00,socialnetwork-url-shorten-memcached-1,0.01,8.974761983999999,0.22,11800.0,126.0,7470000.0,0.0,10.0,,,
2026-10-08 10:13:45.417938232+00:00,socialnetwork-user-timeline-redis-1,0.12,6.3900221440000005,0.16,454000.0,799000.0,127000.0,0.0,6.0,,,
2026-10-08 10:13:45.417938232+00:00,socialnetwork-media-memcached-1,0.01,2.1663580159999998,0.05,11200.0,126.0,0.0,0.0,10.0,,,
2026-10-08 10:13:45.417938232+00:00,socialnetwork-user-memcached-1,0.01,2.174746624,0.05,11100.0,126.0,0.0,0.0,10.0,,,
2026-10-08 10:13:45.417938232+00:00,socialnetwork-home-timeline-redis-1,0.18,62.99844608,1.58,461000.0,804000.0,35200000.0,0.0,6.0,,,
2026-10-08 10:13:45.417938232+00:00,socialnetwork-post-storage-memcached-1,0.22,9.031385088,0.23,4920000.0,61600000.0,0.0,0.0,10.0,,,
2026-10-08 10:13:45.417938232+00:00,socialnetwork-social-graph-redis-1,0.15,7.7542195199999995,0.19,10700.0,126.0,782000.0,0.0,6.0,,,
2026-10-08 10:13:45.417938232+00:00,socialnetwork-jaeger-agent-1,0.01,41.75429632,1.04,1340000.0,224000.0,33000000.0,0.0,8.0,,,
2026-10-08 10:13:45.417938232+00:00,socialnetwork-social-graph-mongodb-1,0.24,86.78014976,2.17,644000.0,1270000.0,25800000.0,84600000.0,34.0,,,
2026-10-08 10:13:45.417938232+00:00,socialnetwork-media-mongodb-1,0.23,63.30253312,1.58,10400.0,126.0,2020000.0,78900000.0,32.0,,,
2026-10-08 10:13:45.417938232+00:00,socialnetwork-user-mongodb-1,0.27,73.00186112,1.83,643000.0,1270000.0,12600000.0,84600000.0,34.0,,,
2026-10-08 10:13:45.417938232+00:00,socialnetwork-url-shorten-mongodb-1,0.25,64.16236544,1.61,643000.0,1270000.0,3340000.0,84600000.0,34.0,,,
2026-10-08 10:13:45.417938232+00:00,socialnetwork-post-storage-mongodb-1,0.26,71.62822656,1.79,644000.0,1310000.0,11600000.0,85000000.0,34.0,,,
2026-10-08 10:13:45.417938232+00:00,socialnetwork-user-timeline-mongodb-1,0.26,63.55419136,1.59,642000.0,1270000.0,3370000.0,84600000.0,34.0,,,
2026-10-08 10:13:55.431946754+00:00,socialnetwork-url-shorten-service-1,0.0,2.871001088,0.07,1280000.0,633000.0,971000.0,0.0,3.0,,,
2026-10-08 10:13:55.431946754+00:00,socialnetwork-nginx-thrift-1,0.9,25.82642688,0.65,44300000.0,59100000.0,14100000.0,4100.0,5.0,,,
2026-10-08 10:13:55.431946754+00:00,socialnetwork-media-frontend-1,0.0,23.530045440000002,0.59,10600.0,126.0,10100000.0,4100.0,17.0,,,
2026-10-08 10:13:55.431946754+00:00,socialnetwork-compose-post-service-1,0.0,6.753878016,0.17,11900.0,126.0,6160000.0,0.0,2.0,,,
2026-10-08 10:13:55.431946754+00:00,socialnetwork-post-storage-service-1,0.26,4.628414464,0.12,45800000.0,32700000.000000004,0.0,0.0,5.0,,,
2026-10-08 10:13:55.431946754+00:00,socialnetwork-media-service-1,0.0,2.0730347520000003,0.05,12100.0,126.0,1120000.0,0.0,2.0,,,
2026-10-08 10:13:55.431946754+00:00,socialnetwork-user-service-1,0.0,7.118782464,0.18,1280000.0,633000.0,5540000.0,0.0,3.0,,,
2026-10-08 10:13:55.431946754+00:00,socialnetwork-home-timeline-service-1,0.07,4.927258624,0.12,22800000.0,22600000.0,1890000.0,0.0,6.0,,,
2026-10-08 10:13:55.431946754+00:00,socialnetwork-user-mention-service-1,0.0,2.780823552,0.07,11000.0,126.0,991000.0,0.0,2.0,,,
2026-10-08 10:13:55.431946754+00:00,socialnetwork-unique-id-service-1,0.0,2.080374784,0.05,11700.0,126.0,967000.0,0.0,2.0,,,
2026-10-08 10:13:55.431946754+00:00,socialnetwork-social-graph-service-1,0.0,3.375366144,0.08,1280000.0,633000.0,1710000.0,0.0,3.0,,,
2026-10-08 10:13:55.431946754+00:00,socialnetwork-user-timeline-service-1,0.04,6.684672,0.17,23200000.0,22400000.0,3620000.0,0.0,6.0,,,
2026-10-08 10:13:55.431946754+00:00,socialnetwork-text-service-1,0.0,2.178940928,0.05,11400.0,126.0,1070000.0,0.0,2.0,,,
2026-10-08 10:13:55.431946754+00:00,socialnetwork-url-shorten-memcached-1,0.01,8.974761983999999,0.22,11800.0,126.0,7470000.0,0.0,10.0,,,
2026-10-08 10:13:55.431946754+00:00,socialnetwork-user-timeline-redis-1,0.15,6.127878144,0.15,457000.0,804000.0,127000.0,0.0,6.0,,,
2026-10-08 10:13:55.431946754+00:00,socialnetwork-media-memcached-1,0.01,2.1663580159999998,0.05,11200.0,126.0,0.0,0.0,10.0,,,
2026-10-08 10:13:55.431946754+00:00,socialnetwork-user-memcached-1,0.01,2.174746624,0.05,11100.0,126.0,0.0,0.0,10.0,,,
2026-10-08 10:13:55.431946754+00:00,socialnetwork-home-timeline-redis-1,0.14,62.98796032,1.58,464000.0,809000.0,35200000.0,0.0,6.0,,,
2026-10-08 10:13:55.431946754+00:00,socialnetwork-post-storage-memcached-1,0.23,9.043968,0.23,4960000.0,62000000.0,0.0,0.0,10.0,,,
2026-10-08 10:13:55.431946754+00:00,socialnetwork-social-graph-redis-1,0.14,7.492075519999999,0.19,10700.0,126.0,782000.0,0.0,6.0,,,
2026-10-08 10:13:55.431946754+00:00,socialnetwork-jaeger-agent-1,0.01,41.75429632,1.04,1360000.0,226000.0,33000000.0,0.0,8.0,,,
2026-10-08 10:13:55.431946754+00:00,socialnetwork-social-graph-mongodb-1,0.22,86.78014976,2.17,644000.0,1270000.0,25800000.0,84600000.0,34.0,,,
2026-10-08 10:13:55.431946754+00:00,socialnetwork-media-mongodb-1,0.23,63.30253312,1.58,10400.0,126.0,2020000.0,78900000.0,32.0,,,
2026-10-08 10:13:55.431946754+00:00,socialnetwork-user-mongodb-1,0.2,73.26400512000001,1.83,643000.0,1270000.0,12600000.0,84600000.0,34.0,,,
2026-10-08 10:13:55.431946754+00:00,socialnetwork-url-shorten-mongodb-1,0.23,64.16236544,1.61,643000.0,1270000.0,3340000.0,84600000.0,34.0,,,
2026-10-08 10:13:55.431946754+00:00,socialnetwork-post-storage-mongodb-1,0.22,71.62822656,1.79,644000.0,1310000.0,11600000.0,85000000.0,34.0,,,
2026-10-08 10:13:55.431946754+00:00,socialnetwork-user-timeline-mongodb-1,0.23,63.55419136,1.59,643000.0,1270000.0,3370000.0,84600000.0,34.0,,,
2026-10-08 10:14:05.439945221+00:00,socialnetwork-url-shorten-service-1,0.0,2.871001088,0.07,1280000.0,633000.0,971000.0,0.0,3.0,0.0,0.0,0.0
2026-10-08 10:14:05.439945221+00:00,socialnetwork-nginx-thrift-1,0.96,25.574768640000002,0.64,44700000.0,59700000.0,14100000.0,4100.0,5.0,0.0,0.0,0.0
2026-10-08 10:14:05.439945221+00:00,socialnetwork-media-frontend-1,0.0,23.530045440000002,0.59,10600.0,126.0,10100000.0,4100.0,17.0,0.0,0.0,0.0
2026-10-08 10:14:05.439945221+00:00,socialnetwork-compose-post-service-1,0.0,6.753878016,0.17,11900.0,126.0,6160000.0,0.0,2.0,0.0,0.0,0.0
2026-10-08 10:14:05.439945221+00:00,socialnetwork-post-storage-service-1,0.25,4.58752,0.11,46300000.0,33100000.0,0.0,0.0,5.0,2.0,2.0,0.0
2026-10-08 10:14:05.439945221+00:00,socialnetwork-media-service-1,0.0,2.0730347520000003,0.05,12100.0,126.0,1120000.0,0.0,2.0,0.0,0.0,0.0
2026-10-08 10:14:05.439945221+00:00,socialnetwork-user-service-1,0.0,7.118782464,0.18,1280000.0,633000.0,5540000.0,0.0,3.0,0.0,0.0,0.0
2026-10-08 10:14:05.439945221+00:00,socialnetwork-home-timeline-service-1,0.03,4.882169856,0.12,22900000.0,22800000.0,1890000.0,0.0,5.0,2.0,2.0,0.0
2026-10-08 10:14:05.439945221+00:00,socialnetwork-user-mention-service-1,0.0,2.780823552,0.07,11000.0,126.0,991000.0,0.0,2.0,0.0,0.0,0.0
2026-10-08 10:14:05.439945221+00:00,socialnetwork-unique-id-service-1,0.0,2.080374784,0.05,11700.0,126.0,967000.0,0.0,2.0,0.0,0.0,0.0
2026-10-08 10:14:05.439945221+00:00,socialnetwork-social-graph-service-1,0.0,3.375366144,0.08,1280000.0,633000.0,1710000.0,0.0,3.0,0.0,0.0,0.0
2026-10-08 10:14:05.439945221+00:00,socialnetwork-user-timeline-service-1,0.13,6.660554752,0.17,23400000.0,22600000.0,3620000.0,0.0,6.0,2.0,2.0,0.0
2026-10-08 10:14:05.439945221+00:00,socialnetwork-text-service-1,0.0,2.178940928,0.05,11400.0,126.0,1070000.0,0.0,2.0,0.0,0.0,0.0
2026-10-08 10:14:05.439945221+00:00,socialnetwork-url-shorten-memcached-1,0.01,8.974761983999999,0.22,11800.0,126.0,7470000.0,0.0,10.0,0.0,0.0,0.0
2026-10-08 10:14:05.439945221+00:00,socialnetwork-user-timeline-redis-1,0.19,6.3900221440000005,0.16,460000.0,810000.0,127000.0,0.0,6.0,0.0,0.0,0.0
2026-10-08 10:14:05.439945221+00:00,socialnetwork-media-memcached-1,0.01,2.1663580159999998,0.05,11200.0,126.0,0.0,0.0,10.0,0.0,0.0,0.0
2026-10-08 10:14:05.439945221+00:00,socialnetwork-user-memcached-1,0.01,2.174746624,0.05,11100.0,126.0,0.0,0.0,10.0,0.0,0.0,0.0
2026-10-08 10:14:05.439945221+00:00,socialnetwork-home-timeline-redis-1,0.16,62.99844608,1.58,467000.0,815000.0,35200000.0,0.0,6.0,0.0,0.0,0.0
2026-10-08 10:14:05.439945221+00:00,socialnetwork-post-storage-memcached-1,0.22,8.790212608,0.22,5000000.0,62600000.0,0.0,0.0,10.0,0.0,0.0,0.0
2026-10-08 10:14:05.439945221+00:00,socialnetwork-social-graph-redis-1,0.15,7.7542195199999995,0.19,10700.0,126.0,782000.0,0.0,6.0,0.0,0.0,0.0
2026-10-08 10:14:05.439945221+00:00,socialnetwork-jaeger-agent-1,0.03,41.75429632,1.04,1360000.0,227000.0,33000000.0,0.0,8.0,0.0,0.0,0.0
2026-10-08 10:14:05.439945221+00:00,socialnetwork-social-graph-mongodb-1,0.24,87.04229376,2.18,644000.0,1270000.0,25800000.0,84600000.0,34.0,0.0,0.0,0.0
2026-10-08 10:14:05.439945221+00:00,socialnetwork-media-mongodb-1,0.25,63.56467712,1.59,10400.0,126.0,2020000.0,78900000.0,32.0,0.0,0.0,0.0
2026-10-08 10:14:05.439945221+00:00,socialnetwork-user-mongodb-1,0.26,73.00186112,1.83,643000.0,1270000.0,12600000.0,84600000.0,34.0,0.0,0.0,0.0
2026-10-08 10:14:05.439945221+00:00,socialnetwork-url-shorten-mongodb-1,0.27,64.42450944,1.61,643000.0,1270000.0,3340000.0,84600000.0,34.0,0.0,0.0,0.0
2026-10-08 10:14:05.439945221+00:00,socialnetwork-post-storage-mongodb-1,0.25,71.62822656,1.79,644000.0,1310000.0,11600000.0,85000000.0,34.0,0.0,0.0,0.0
2026-10-08 10:14:05.439945221+00:00,socialnetwork-user-timeline-mongodb-1,0.26,63.81633536,1.6,643000.0,1270000.0,3370000.0,84600000.0,34.0,0.0,0.0,0.0
2026-10-08 10:14:15.451796770+00:00,socialnetwork-url-shorten-service-1,0.0,2.871001088,0.07,1280000.0,633000.0,971000.0,0.0,3.0,,,
2026-10-08 10:14:15.451796770+00:00,socialnetwork-nginx-thrift-1,0.83,25.82642688,0.65,45000000.0,60100000.0,14100000.0,4100.0,5.0,,,
2026-10-08 10:14:15.451796770+00:00,socialnetwork-media-frontend-1,0.0,23.530045440000002,0.59,10600.0,126.0,10100000.0,4100.0,17.0,,,
2026-10-08 10:14:15.451796770+00:00,socialnetwork-compose-post-service-1,0.0,6.753878016,0.17,11900.0,126.0,6160000.0,0.0,2.0,,,
2026-10-08 10:14:15.451796770+00:00,socialnetwork-post-storage-service-1,0.25,4.890558464,0.12,46800000.0,33400000.0,0.0,0.0,7.0,,,
2026-10-08 10:14:15.451796770+00:00,socialnetwork-media-service-1,0.0,2.0730347520000003,0.05,12100.0,126.0,1120000.0,0.0,2.0,,,
2026-10-08 10:14:15.451796770+00:00,socialnetwork-user-service-1,0.0,7.118782464,0.18,1280000.0,633000.0,5540000.0,0.0,3.0,,,
2026-10-08 10:14:15.451796770+00:00,socialnetwork-home-timeline-service-1,0.02,5.177868288,0.13,23100000.0,22900000.0,1890000.0,0.0,6.0,,,
2026-10-08 10:14:15.451796770+00:00,socialnetwork-user-mention-service-1,0.0,2.780823552,0.07,11000.0,126.0,991000.0,0.0,2.0,,,
2026-10-08 10:14:15.451796770+00:00,socialnetwork-unique-id-service-1,0.0,2.080374784,0.05,11700.0,126.0,967000.0,0.0,2.0,,,
2026-10-08 10:14:15.451796770+00:00,socialnetwork-social-graph-service-1,0.0,3.375366144,0.08,1280000.0,633000.0,1710000.0,0.0,3.0,,,
2026-10-08 10:14:15.451796770+00:00,socialnetwork-user-timeline-service-1,0.1,6.66370048,0.17,23500000.0,22700000.0,3620000.0,0.0,6.0,,,
2026-10-08 10:14:15.451796770+00:00,socialnetwork-text-service-1,0.0,2.178940928,0.05,11400.0,126.0,1070000.0,0.0,2.0,,,
2026-10-08 10:14:15.451796770+00:00,socialnetwork-url-shorten-memcached-1,0.01,8.974761983999999,0.22,11800.0,126.0,7470000.0,0.0,10.0,,,
2026-10-08 10:14:15.451796770+00:00,socialnetwork-user-timeline-redis-1,0.18,6.3900221440000005,0.16,463000.0,815000.0,127000.0,0.0,6.0,,,
2026-10-08 10:14:15.451796770+00:00,socialnetwork-media-memcached-1,0.01,2.1663580159999998,0.05,11200.0,126.0,0.0,0.0,10.0,,,
2026-10-08 10:14:15.451796770+00:00,socialnetwork-user-memcached-1,0.01,2.174746624,0.05,11100.0,126.0,0.0,0.0,10.0,,,
2026-10-08 10:14:15.451796770+00:00,socialnetwork-home-timeline-redis-1,0.14,62.98796032,1.58,470000.0,820000.0,35200000.0,0.0,6.0,,,
2026-10-08 10:14:15.451796770+00:00,socialnetwork-post-storage-memcached-1,0.15,9.039773696000001,0.23,5030000.0,63000000.0,0.0,0.0,10.0,,,
2026-10-08 10:14:15.451796770+00:00,socialnetwork-social-graph-redis-1,0.14,7.7542195199999995,0.19,10700.0,126.0,782000.0,0.0,6.0,,,
2026-10-08 10:14:15.451796770+00:00,socialnetwork-jaeger-agent-1,0.01,41.75429632,1.04,1380000.0,229000.0,33000000.0,0.0,8.0,,,
2026-10-08 10:14:15.451796770+00:00,socialnetwork-social-graph-mongodb-1,0.25,86.78014976,2.17,644000.0,1270000.0,25800000.0,84600000.0,34.0,,,
2026-10-08 10:14:15.451796770+00:00,socialnetwork-media-mongodb-1,0.24,63.30253312,1.58,10400.0,126.0,2020000.0,78900000.0,32.0,,,
2026-10-08 10:14:15.451796770+00:00,socialnetwork-user-mongodb-1,0.23,73.00186112,1.83,644000.0,1270000.0,12600000.0,84600000.0,34.0,,,
2026-10-08 10:14:15.451796770+00:00,socialnetwork-url-shorten-mongodb-1,0.26,64.16236544,1.61,643000.0,1270000.0,3340000.0,84600000.0,34.0,,,
2026-10-08 10:14:15.451796770+00:00,socialnetwork-post-storage-mongodb-1,0.26,71.60725504000001,1.79,645000.0,1310000.0,11600000.0,85000000.0,34.0,,,
2026-10-08 10:14:15.451796770+00:00,socialnetwork-user-timeline-mongodb-1,0.25,63.55419136,1.59,643000.0,1270000.0,3370000.0,84600000.0,34.0,,,
2026-10-08 10:14:25.465621233+00:00,socialnetwork-url-shorten-service-1,0.0,2.871001088,0.07,1280000.0,633000.0,971000.0,0.0,3.0,,,
2026-10-08 10:14:25.465621233+00:00,socialnetwork-nginx-thrift-1,0.53,25.81594112,0.65,45300000.0,60500000.0,14100000.0,4100.0,5.0,,,
2026-10-08 10:14:25.465621233+00:00,socialnetwork-media-frontend-1,0.0,23.530045440000002,0.59,10600.0,126.0,10100000.0,4100.0,17.0,,,
2026-10-08 10:14:25.465621233+00:00,socialnetwork-compose-post-service-1,0.0,6.753878016,0.17,11900.0,126.0,6160000.0,0.0,2.0,,,
2026-10-08 10:14:25.465621233+00:00,socialnetwork-post-storage-service-1,0.13,4.58752,0.11,47200000.0,33700000.0,0.0,0.0,5.0,,,
2026-10-08 10:14:25.465621233+00:00,socialnetwork-media-service-1,0.0,2.0730347520000003,0.05,12100.0,126.0,1120000.0,0.0,2.0,,,
2026-10-08 10:14:25.465621233+00:00,socialnetwork-user-service-1,0.0,7.118782464,0.18,1280000.0,633000.0,5540000.0,0.0,3.0,,,
2026-10-08 10:14:25.465621233+00:00,socialnetwork-home-timeline-service-1,0.07,4.88636416,0.12,23200000.0,23100000.0,1890000.0,0.0,5.0,,,
2026-10-08 10:14:25.465621233+00:00,socialnetwork-user-mention-service-1,0.0,2.780823552,0.07,11000.0,126.0,991000.0,0.0,2.0,,,
2026-10-08 10:14:25.465621233+00:00,socialnetwork-unique-id-service-1,0.0,2.080374784,0.05,11700.0,126.0,967000.0,0.0,2.0,,,
2026-10-08 10:14:25.465621233+00:00,socialnetwork-social-graph-service-1,0.0,3.375366144,0.08,1280000.0,633000.0,1710000.0,0.0,3.0,,,
2026-10-08 10:14:25.465621233+00:00,socialnetwork-user-timeline-service-1,0.02,6.6270003200000005,0.17,23700000.0,22900000.0,3620000.0,0.0,5.0,,,
2026-10-08 10:14:25.465621233+00:00,socialnetwork-text-service-1,0.0,2.178940928,0.05,11400.0,126.0,1070000.0,0.0,2.0,,,
2026-10-08 10:14:25.465621233+00:00,socialnetwork-url-shorten-memcached-1,0.01,8.974761983999999,0.22,11800.0,126.0,7470000.0,0.0,10.0,,,
2026-10-08 10:14:25.465621233+00:00,socialnetwork-user-timeline-redis-1,0.11,6.3900221440000005,0.16,465000.0,820000.0,127000.0,0.0,6.0,,,
2026-10-08 10:14:25.465621233+00:00,socialnetwork-media-memcached-1,0.01,2.1663580159999998,0.05,11200.0,126.0,0.0,0.0,10.0,,,
2026-10-08 10:14:25.465621233+00:00,socialnetwork-user-memcached-1,0.01,2.174746624,0.05,11100.0,126.0,0.0,0.0,10.0,,,
2026-10-08 10:14:25.465621233+00:00,socialnetwork-home-timeline-redis-1,0.17,62.99844608,1.58,473000.0,825000.0,35200000.0,0.0,6.0,,,
2026-10-08 10:14:25.465621233+00:00,socialnetwork-post-storage-memcached-1,0.16,8.786018303999999,0.22,5070000.0,63400000.0,0.0,0.0,10.0,,,
2026-10-08 10:14:25.465621233+00:00,socialnetwork-social-graph-redis-1,0.17,7.492075519999999,0.19,10700.0,126.0,782000.0,0.0,6.0,,,
2026-10-08 10:14:25.465621233+00:00,socialnetwork-jaeger-agent-1,0.01,41.75429632,1.04,1390000.0,230000.0,33000000.0,0.0,8.0,,,
2026-10-08 10:14:25.465621233+00:00,socialnetwork-social-graph-mongodb-1,0.32,87.04229376,2.18,644000.0,1270000.0,25800000.0,84700000.0,34.0,,,
2026-10-08 10:14:25.465621233+00:00,socialnetwork-media-mongodb-1,0.32,63.56467712,1.59,10400.0,126.0,2020000.0,79000000.0,32.0,,,
2026-10-08 10:14:25.465621233+00:00,socialnetwork-user-mongodb-1,0.22,73.26400512000001,1.83,644000.0,1270000.0,12600000.0,84700000.0,34.0,,,
2026-10-08 10:14:25.465621233+00:00,socialnetwork-url-shorten-mongodb-1,0.24,64.42450944,1.61,643000.0,1270000.0,3340000.0,84700000.0,34.0,,,
2026-10-08 10:14:25.465621233+00:00,socialnetwork-post-storage-mongodb-1,0.35,71.86939904,1.8,645000.0,1310000.0,11600000.0,85100000.0,34.0,,,
2026-10-08 10:14:25.465621233+00:00,socialnetwork-user-timeline-mongodb-1,0.33,63.55419136,1.59,643000.0,1270000.0,3370000.0,84700000.0,34.0,,,
2026-10-08 10:14:35.479037046+00:00,socialnetwork-url-shorten-service-1,0.0,2.871001088,0.07,1280000.0,633000.0,971000.0,0.0,3.0,0.0,0.0,0.0
2026-10-08 10:14:35.479037046+00:00,socialnetwork-nginx-thrift-1,0.6,25.56428288,0.64,45700000.0,61000000.0,14100000.0,4100.0,5.0,0.0,0.0,0.0
2026-10-08 10:14:35.479037046+00:00,socialnetwork-media-frontend-1,0.0,23.530045440000002,0.59,10600.0,126.0,10100000.0,4100.0,17.0,0.0,0.0,0.0
2026-10-08 10:14:35.479037046+00:00,socialnetwork-compose-post-service-1,0.0,6.753878016,0.17,11900.0,126.0,6160000.0,0.0,2.0,0.0,0.0,0.0
2026-10-08 10:14:35.479037046+00:00,socialnetwork-post-storage-service-1,0.15,5.095030784,0.13,47700000.0,34100000.0,0.0,0.0,5.0,2.0,2.0,0.0
2026-10-08 10:14:35.479037046+00:00,socialnetwork-media-service-1,0.0,2.0730347520000003,0.05,12100.0,126.0,1120000.0,0.0,2.0,0.0,0.0,0.0
2026-10-08 10:14:35.479037046+00:00,socialnetwork-user-service-1,0.0,7.118782464,0.18,1280000.0,633000.0,5540000.0,0.0,3.0,0.0,0.0,0.0
2026-10-08 10:14:35.479037046+00:00,socialnetwork-home-timeline-service-1,0.0,4.853858303999999,0.12,23400000.0,23200000.0,1890000.0,0.0,4.0,2.0,2.0,0.0
2026-10-08 10:14:35.479037046+00:00,socialnetwork-user-mention-service-1,0.0,2.780823552,0.07,11000.0,126.0,991000.0,0.0,2.0,0.0,0.0,0.0
2026-10-08 10:14:35.479037046+00:00,socialnetwork-unique-id-service-1,0.0,2.080374784,0.05,11700.0,126.0,967000.0,0.0,2.0,0.0,0.0,0.0
2026-10-08 10:14:35.479037046+00:00,socialnetwork-social-graph-service-1,0.0,3.375366144,0.08,1280000.0,633000.0,1710000.0,0.0,3.0,0.0,0.0,0.0
2026-10-08 10:14:35.479037046+00:00,socialnetwork-user-timeline-service-1,0.11,6.660554752,0.17,23900000.0,23000000.0,3620000.0,0.0,6.0,2.0,2.0,0.0
2026-10-08 10:14:35.479037046+00:00,socialnetwork-text-service-1,0.0,2.178940928,0.05,11400.0,126.0,1070000.0,0.0,2.0,0.0,0.0,0.0
2026-10-08 10:14:35.479037046+00:00,socialnetwork-url-shorten-memcached-1,0.01,8.974761983999999,0.22,11800.0,126.0,7470000.0,0.0,10.0,0.0,0.0,0.0
2026-10-08 10:14:35.479037046+00:00,socialnetwork-user-timeline-redis-1,0.14,6.3900221440000005,0.16,468000.0,826000.0,127000.0,0.0,6.0,0.0,0.0,0.0
2026-10-08 10:14:35.479037046+00:00,socialnetwork-media-memcached-1,0.01,2.1663580159999998,0.05,11200.0,126.0,0.0,0.0,10.0,0.0,0.0,0.0
2026-10-08 10:14:35.479037046+00:00,socialnetwork-user-memcached-1,0.01,2.174746624,0.05,11100.0,126.0,0.0,0.0,10.0,0.0,0.0,0.0
2026-10-08 10:14:35.479037046+00:00,socialnetwork-home-timeline-redis-1,0.16,62.99844608,1.58,475000.0,830000.0,35200000.0,0.0,6.0,0.0,0.0,0.0
2026-10-08 10:14:35.479037046+00:00,socialnetwork-post-storage-memcached-1,0.16,9.039773696000001,0.23,5110000.0,63900000.0,0.0,0.0,10.0,0.0,0.0,0.0
2026-10-08 10:14:35.479037046+00:00,socialnetwork-social-graph-redis-1,0.17,7.492075519999999,0.19,10700.0,126.0,782000.0,0.0,6.0,0.0,0.0,0.0
2026-10-08 10:14:35.479037046+00:00,socialnetwork-jaeger-agent-1,0.02,41.75429632,1.04,1400000.0,232000.0,33000000.0,0.0,8.0,0.0,0.0,0.0
2026-10-08 10:14:35.479037046+00:00,socialnetwork-social-graph-mongodb-1,0.25,86.78014976,2.17,645000.0,1270000.0,25800000.0,84700000.0,34.0,1.0,0.0,0.0
2026-10-08 10:14:35.479037046+00:00,socialnetwork-media-mongodb-1,0.21,63.56467712,1.59,10400.0,126.0,2020000.0,79000000.0,32.0,1.0,0.0,0.0
2026-10-08 10:14:35.479037046+00:00,socialnetwork-user-mongodb-1,0.34,73.26400512000001,1.83,644000.0,1270000.0,12600000.0,84700000.0,34.0,1.0,0.0,0.0
2026-10-08 10:14:35.479037046+00:00,socialnetwork-url-shorten-mongodb-1,0.26,64.16236544,1.61,644000.0,1270000.0,3340000.0,84700000.0,34.0,1.0,0.0,0.0
2026-10-08 10:14:35.479037046+00:00,socialnetwork-post-storage-mongodb-1,0.25,71.60725504000001,1.79,645000.0,1310000.0,11600000.0,85100000.0,34.0,1.0,0.0,0.0
2026-10-08 10:14:35.479037046+00:00,socialnetwork-user-timeline-mongodb-1,0.25,63.55419136,1.59,643000.0,1270000.0,3370000.0,84700000.0,34.0,1.0,0.0,0.0
2026-10-08 10:14:45.493571758+00:00,socialnetwork-url-shorten-service-1,0.0,2.871001088,0.07,1280000.0,634000.0,971000.0,0.0,3.0,,,
2026-10-08 10:14:45.493571758+00:00,socialnetwork-nginx-thrift-1,0.58,25.574768640000002,0.64,45900000.0,61300000.0,14100000.0,4100.0,5.0,,,
2026-10-08 10:14:45.493571758+00:00,socialnetwork-media-frontend-1,0.0,23.530045440000002,0.59,10600.0,126.0,10100000.0,4100.0,17.0,,,
2026-10-08 10:14:45.493571758+00:00,socialnetwork-compose-post-service-1,0.0,6.753878016,0.17,11900.0,126.0,6160000.0,0.0,2.0,,,
2026-10-08 10:14:45.493571758+00:00,socialnetwork-post-storage-service-1,0.19,4.653580288,0.12,48100000.0,34300000.0,0.0,0.0,5.0,,,
2026-10-08 10:14:45.493571758+00:00,socialnetwork-media-service-1,0.0,2.0730347520000003,0.05,12100.0,126.0,1120000.0,0.0,2.0,,,
2026-10-08 10:14:45.493571758+00:00,socialnetwork-user-service-1,0.0,7.118782464,0.18,1280000.0,634000.0,5540000.0,0.0,3.0,,,
2026-10-08 10:14:45.493571758+00:00,socialnetwork-home-timeline-service-1,0.0,4.88636416,0.12,23500000.0,23400000.0,1890000.0,0.0,5.0,,,
2026-10-08 10:14:45.493571758+00:00,socialnetwork-user-mention-service-1,0.0,2.780823552,0.07,11000.0,126.0,991000.0,0.0,2.0,,,
2026-10-08 10:14:45.493571758+00:00,socialnetwork-unique-id-service-1,0.0,2.080374784,0.05,11700.0,126.0,967000.0,0.0,2.0,,,
2026-10-08 10:14:45.493571758+00:00,socialnetwork-social-graph-service-1,0.0,3.375366144,0.08,1280000.0,634000.0,1710000.0,0.0,3.0,,,
2026-10-08 10:14:45.493571758+00:00,socialnetwork-user-timeline-service-1,0.12,6.693060608,0.17,24000000.0,23200000.0,3620000.0,0.0,7.0,,,
2026-10-08 10:14:45.493571758+00:00,socialnetwork-text-service-1,0.0,2.178940928,0.05,11400.0,126.0,1070000.0,0.0,2.0,,,
2026-10-08 10:14:45.493571758+00:00,socialnetwork-url-shorten-memcached-1,0.01,8.974761983999999,0.22,11800.0,126.0,7470000.0,0.0,10.0,,,
2026-10-08 10:14:45.493571758+00:00,socialnetwork-user-timeline-redis-1,0.14,6.127878144,0.15,471000.0,830000.0,127000.0,0.0,6.0,,,
2026-10-08 10:14:45.493571758+00:00,socialnetwork-media-memcached-1,0.01,2.1663580159999998,0.05,11200.0,126.0,0.0,0.0,10.0,,,
2026-10-08 10:14:45.493571758+00:00,socialnetwork-user-memcached-1,0.01,2.174746624,0.05,11100.0,126.0,0.0,0.0,10.0,,,
2026-10-08 10:14:45.493571758+00:00,socialnetwork-home-timeline-redis-1,0.16,63.26059008,1.58,478000.0,834000.0,35200000.0,0.0,6.0,,,
2026-10-08 10:14:45.493571758+00:00,socialnetwork-post-storage-memcached-1,0.14,8.786018303999999,0.22,5140000.0,64300000.0,0.0,0.0,10.0,,,
2026-10-08 10:14:45.493571758+00:00,socialnetwork-social-graph-redis-1,0.18,7.7542195199999995,0.19,10700.0,126.0,782000.0,0.0,6.0,,,
2026-10-08 10:14:45.493571758+00:00,socialnetwork-jaeger-agent-1,0.01,41.75429632,1.04,1400000.0,233000.0,33000000.0,0.0,8.0,,,
2026-10-08 10:14:45.493571758+00:00,socialnetwork-social-graph-mongodb-1,0.26,86.78014976,2.17,645000.0,1270000.0,25800000.0,84700000.0,34.0,,,
2026-10-08 10:14:45.493571758+00:00,socialnetwork-media-mongodb-1,0.24,63.30253312,1.58,10400.0,126.0,2020000.0,79000000.0,32.0,,,
2026-10-08 10:14:45.493571758+00:00,socialnetwork-user-mongodb-1,0.23,73.26400512000001,1.83,644000.0,1270000.0,12600000.0,84700000.0,34.0,,,
2026-10-08 10:14:45.493571758+00:00,socialnetwork-url-shorten-mongodb-1,0.26,64.16236544,1.61,644000.0,1270000.0,3340000.0,84800000.0,34.0,,,
2026-10-08 10:14:45.493571758+00:00,socialnetwork-post-storage-mongodb-1,0.37,71.86939904,1.8,645000.0,1310000.0,11600000.0,85100000.0,34.0,,,
2026-10-08 10:14:45.493571758+00:00,socialnetwork-user-timeline-mongodb-1,0.23,63.55419136,1.59,644000.0,1270000.0,3370000.0,84800000.0,34.0,,,
2026-10-08 10:14:55.499494553+00:00,socialnetwork-url-shorten-service-1,0.0,2.871001088,0.07,1280000.0,634000.0,971000.0,0.0,3.0,,,
2026-10-08 10:14:55.499494553+00:00,socialnetwork-nginx-thrift-1,0.86,25.574768640000002,0.64,46200000.0,61800000.0,14100000.0,4100.0,5.0,,,
2026-10-08 10:14:55.499494553+00:00,socialnetwork-media-frontend-1,0.0,23.530045440000002,0.59,10600.0,126.0,10100000.0,4100.0,17.0,,,
2026-10-08 10:14:55.499494553+00:00,socialnetwork-compose-post-service-1,0.0,6.753878016,0.17,11900.0,126.0,6160000.0,0.0,2.0,,,
2026-10-08 10:14:55.499494553+00:00,socialnetwork-post-storage-service-1,0.22,4.718592,0.12,48600000.0,34700000.0,0.0,0.0,9.0,,,
2026-10-08 10:14:55.499494553+00:00,socialnetwork-media-service-1,0.0,2.0730347520000003,0.05,12100.0,126.0,1120000.0,0.0,2.0,,,
2026-10-08 10:14:55.499494553+00:00,socialnetwork-user-service-1,0.0,7.118782464,0.18,1280000.0,634000.0,5540000.0,0.0,3.0,,,
2026-10-08 10:14:55.499494553+00:00,socialnetwork-home-timeline-service-1,0.1,4.894752768,0.12,23700000.0,23600000.0,1890000.0,0.0,5.0,,,
2026-10-08 10:14:55.499494553+00:00,socialnetwork-user-mention-service-1,0.0,2.780823552,0.07,11000.0,126.0,991000.0,0.0,2.0,,,
2026-10-08 10:14:55.499494553+00:00,socialnetwork-unique-id-service-1,0.0,2.080374784,0.05,11700.0,126.0,967000.0,0.0,2.0,,,
2026-10-08 10:14:55.499494553+00:00,socialnetwork-social-graph-service-1,0.0,3.375366144,0.08,1280000.0,634000.0,1710000.0,0.0,3.0,,,
2026-10-08 10:14:55.499494553+00:00,socialnetwork-user-timeline-service-1,0.0,6.667894784,0.17,24100000.0,23300000.0,3620000.0,0.0,6.0,,,
2026-10-08 10:14:55.499494553+00:00,socialnetwork-text-service-1,0.0,2.178940928,0.05,11400.0,126.0,1070000.0,0.0,2.0,,,
2026-10-08 10:14:55.499494553+00:00,socialnetwork-url-shorten-memcached-1,0.01,8.974761983999999,0.22,11800.0,126.0,7470000.0,0.0,10.0,,,
2026-10-08 10:14:55.499494553+00:00,socialnetwork-user-timeline-redis-1,0.18,6.3900221440000005,0.16,473000.0,835000.0,127000.0,0.0,6.0,,,
2026-10-08 10:14:55.499494553+00:00,socialnetwork-media-memcached-1,0.01,2.1663580159999998,0.05,11200.0,126.0,0.0,0.0,10.0,,,
2026-10-08 10:14:55.499494553+00:00,socialnetwork-user-memcached-1,0.01,2.174746624,0.05,11100.0,126.0,0.0,0.0,10.0,,,
2026-10-08 10:14:55.499494553+00:00,socialnetwork-home-timeline-redis-1,0.18,62.73630208,1.57,481000.0,840000.0,35200000.0,0.0,6.0,,,
2026-10-08 10:14:55.499494553+00:00,socialnetwork-post-storage-memcached-1,0.17,8.786018303999999,0.22,5170000.0,64800000.0,0.0,0.0,10.0,,,
2026-10-08 10:14:55.499494553+00:00,socialnetwork-social-graph-redis-1,0.19,7.750025216,0.19,10700.0,126.0,782000.0,0.0,6.0,,,
2026-10-08 10:14:55.499494553+00:00,socialnetwork-jaeger-agent-1,0.01,41.75429632,1.04,1420000.0,235000.0,33000000.0,0.0,8.0,,,
2026-10-08 10:14:55.499494553+00:00,socialnetwork-social-graph-mongodb-1,0.35,87.04229376,2.18,645000.0,1270000.0,25800000.0,84700000.0,34.0,,,
2026-10-08 10:14:55.499494553+00:00,socialnetwork-media-mongodb-1,0.32,63.56467712,1.59,10400.0,126.0,2020000.0,79000000.0,32.0,,,
2026-10-08 10:14:55.499494553+00:00,socialnetwork-user-mongodb-1,0.25,73.00186112,1.83,644000.0,1270000.0,12600000.0,84700000.0,34.0,,,
2026-10-08 10:14:55.499494553+00:00,socialnetwork-url-shorten-mongodb-1,0.35,64.42450944,1.61,644000.0,1270000.0,3340000.0,84800000.0,34.0,,,
2026-10-08 10:14:55.499494553+00:00,socialnetwork-post-storage-mongodb-1,0.37,71.86939904,1.8,645000.0,1310000.0,11600000.0,85100000.0,34.0,,,
2026-10-08 10:14:55.499494553+00:00,socialnetwork-user-timeline-mongodb-1,0.36,63.81633536,1.6,644000.0,1270000.0,3370000.0,84800000.0,34.0,,,
2026-10-08 10:15:05.501031637+00:00,socialnetwork-url-shorten-service-1,0.0,2.871001088,0.07,1280000.0,634000.0,971000.0,0.0,3.0,0.0,0.0,0.0
2026-10-08 10:15:05.501031637+00:00,socialnetwork-nginx-thrift-1,0.98,25.574768640000002,0.64,46700000.0,62300000.0,14100000.0,4100.0,5.0,0.0,0.0,0.0
2026-10-08 10:15:05.501031637+00:00,socialnetwork-media-frontend-1,0.0,23.530045440000002,0.59,10600.0,126.0,10100000.0,4100.0,17.0,0.0,0.0,0.0
2026-10-08 10:15:05.501031637+00:00,socialnetwork-compose-post-service-1,0.0,6.753878016,0.17,11900.0,126.0,6160000.0,0.0,2.0,0.0,0.0,0.0
2026-10-08 10:15:05.501031637+00:00,socialnetwork-post-storage-service-1,0.24,4.81296384,0.12,49200000.0,35100000.0,0.0,0.0,5.0,1.0,1.0,0.0
2026-10-08 10:15:05.501031637+00:00,socialnetwork-media-service-1,0.0,2.0730347520000003,0.05,12100.0,126.0,1120000.0,0.0,2.0,0.0,0.0,0.0
2026-10-08 10:15:05.501031637+00:00,socialnetwork-user-service-1,0.0,7.118782464,0.18,1280000.0,634000.0,5540000.0,0.0,3.0,0.0,0.0,0.0
2026-10-08 10:15:05.501031637+00:00,socialnetwork-home-timeline-service-1,0.11,4.853858303999999,0.12,24000000.0,23800000.0,1890000.0,0.0,4.0,2.0,2.0,0.0
2026-10-08 10:15:05.501031637+00:00,socialnetwork-user-mention-service-1,0.0,2.780823552,0.07,11000.0,126.0,991000.0,0.0,2.0,0.0,0.0,0.0
2026-10-08 10:15:05.501031637+00:00,socialnetwork-unique-id-service-1,0.0,2.080374784,0.05,11700.0,126.0,967000.0,0.0,2.0,0.0,0.0,0.0
2026-10-08 10:15:05.501031637+00:00,socialnetwork-social-graph-service-1,0.0,3.375366144,0.08,1280000.0,634000.0,1710000.0,0.0,3.0,0.0,0.0,0.0
2026-10-08 10:15:05.501031637+00:00,socialnetwork-user-timeline-service-1,0.0,6.693060608,0.17,24300000.0,23500000.0,3620000.0,0.0,7.0,2.0,2.0,0.0
2026-10-08 10:15:05.501031637+00:00,socialnetwork-text-service-1,0.0,2.178940928,0.05,11400.0,126.0,1070000.0,0.0,2.0,0.0,0.0,0.0
2026-10-08 10:15:05.501031637+00:00,socialnetwork-url-shorten-memcached-1,0.01,8.974761983999999,0.22,11800.0,126.0,7470000.0,0.0,10.0,0.0,0.0,0.0
2026-10-08 10:15:05.501031637+00:00,socialnetwork-user-timeline-redis-1,0.17,6.127878144,0.15,477000.0,841000.0,127000.0,0.0,6.0,0.0,0.0,0.0
2026-10-08 10:15:05.501031637+00:00,socialnetwork-media-memcached-1,0.01,2.1663580159999998,0.05,11200.0,126.0,0.0,0.0,10.0,0.0,0.0,0.0
2026-10-08 10:15:05.501031637+00:00,socialnetwork-user-memcached-1,0.01,2.174746624,0.05,11100.0,126.0,0.0,0.0,10.0,0.0,0.0,0.0
2026-10-08 10:15:05.501031637+00:00,socialnetwork-home-timeline-redis-1,0.16,62.74678784,1.57,484000.0,846000.0,35200000.0,0.0,6.0,0.0,0.0,0.0
2026-10-08 10:15:05.501031637+00:00,socialnetwork-post-storage-memcached-1,0.19,8.786018303999999,0.22,5220000.0,65300000.0,0.0,0.0,10.0,0.0,0.0,0.0
2026-10-08 10:15:05.501031637+00:00,socialnetwork-social-graph-redis-1,0.15,7.7542195199999995,0.19,10700.0,126.0,782000.0,0.0,6.0,0.0,0.0,0.0
2026-10-08 10:15:05.501031637+00:00,socialnetwork-jaeger-agent-1,0.03,41.75429632,1.04,1430000.0,236000.0,33000000.0,0.0,8.0,0.0,0.0,0.0
2026-10-08 10:15:05.501031637+00:00,socialnetwork-social-graph-mongodb-1,0.24,87.04229376,2.18,645000.0,1270000.0,25800000.0,84800000.0,34.0,0.0,0.0,0.0
2026-10-08 10:15:05.501031637+00:00,socialnetwork-media-mongodb-1,0.23,63.56467712,1.59,10400.0,126.0,2020000.0,79100000.0,32.0,0.0,0.0,0.0
2026-10-08 10:15:05.501031637+00:00,socialnetwork-user-mongodb-1,0.24,73.26400512000001,1.83,645000.0,1270000.0,12600000.0,84800000.0,34.0,0.0,0.0,0.0
2026-10-08 10:15:05.501031637+00:00,socialnetwork-url-shorten-mongodb-1,0.27,64.42450944,1.61,644000.0,1270000.0,3340000.0,84800000.0,34.0,0.0,0.0,0.0
2026-10-08 10:15:05.501031637+00:00,socialnetwork-post-storage-mongodb-1,0.25,71.86939904,1.8,646000.0,1310000.0,11600000.0,85200000.0,34.0,0.0,0.0,0.0
2026-10-08 10:15:05.501031637+00:00,socialnetwork-user-timeline-mongodb-1,0.28,63.55419136,1.59,644000.0,1270000.0,3370000.0,84800000.0,34.0,0.0,0.0,0.0
2026-10-08 10:15:15.510631323+00:00,socialnetwork-url-shorten-service-1,0.0,2.871001088,0.07,1280000.0,634000.0,971000.0,0.0,3.0,,,
2026-10-08 10:15:15.510631323+00:00,socialnetwork-nginx-thrift-1,1.0,25.82642688,0.65,47000000.0,62700000.0,14100000.0,4100.0,5.0,,,
2026-10-08 10:15:15.510631323+00:00,socialnetwork-media-frontend-1,0.0,23.530045440000002,0.59,10600.0,126.0,10100000.0,4100.0,17.0,,,
2026-10-08 10:15:15.510631323+00:00,socialnetwork-compose-post-service-1,0.0,6.753878016,0.17,11900.0,126.0,6160000.0,0.0,2.0,,,
2026-10-08 10:15:15.510631323+00:00,socialnetwork-post-storage-service-1,0.24,4.68189184,0.12,49700000.0,35400000.0,0.0,0.0,6.0,,,
2026-10-08 10:15:15.510631323+00:00,socialnetwork-media-service-1,0.0,2.0730347520000003,0.05,12100.0,126.0,1120000.0,0.0,2.0,,,
2026-10-08 10:15:15.510631323+00:00,socialnetwork-user-service-1,0.0,7.118782464,0.18,1280000.0,634000.0,5540000.0,0.0,3.0,,,
2026-10-08 10:15:15.510631323+00:00,socialnetwork-home-timeline-service-1,0.07,4.858052608,0.12,24100000.0,23900000.0,1890000.0,0.0,4.0,,,
2026-10-08 10:15:15.510631323+00:00,socialnetwork-user-mention-service-1,0.0,2.780823552,0.07,11000.0,126.0,991000.0,0.0,2.0,,,
2026-10-08 10:15:15.510631323+00:00,socialnetwork-unique-id-service-1,0.0,2.080374784,0.05,11700.0,126.0,967000.0,0.0,2.0,,,
2026-10-08 10:15:15.510631323+00:00,socialnetwork-social-graph-service-1,0.0,3.375366144,0.08,1280000.0,634000.0,1710000.0,0.0,3.0,,,
2026-10-08 10:15:15.510631323+00:00,socialnetwork-user-timeline-service-1,0.04,6.631194624,0.17,24500000.0,23700000.0,3620000.0,0.0,5.0,,,
2026-10-08 10:15:15.510631323+00:00,socialnetwork-text-service-1,0.0,2.178940928,0.05,11400.0,126.0,1070000.0,0.0,2.0,,,
2026-10-08 10:15:15.510631323+00:00,socialnetwork-url-shorten-memcached-1,0.01,8.974761983999999,0.22,11800.0,126.0,7470000.0,0.0,10.0,,,
2026-10-08 10:15:15.510631323+00:00,socialnetwork-user-timeline-redis-1,0.18,6.3900221440000005,0.16,479000.0,846000.0,127000.0,0.0,6.0,,,
2026-10-08 10:15:15.510631323+00:00,socialnetwork-media-memcached-1,0.01,2.1663580159999998,0.05,11200.0,126.0,0.0,0.0,10.0,,,
2026-10-08 10:15:15.510631323+00:00,socialnetwork-user-memcached-1,0.01,2.174746624,0.05,11100.0,126.0,0.0,0.0,10.0,,,
2026-10-08 10:15:15.510631323+00:00,socialnetwork-home-timeline-redis-1,0.16,62.99844608,1.58,487000.0,851000.0,35200000.0,0.0,6.0,,,
2026-10-08 10:15:15.510631323+00:00,socialnetwork-post-storage-memcached-1,0.18,9.043968,0.23,5250000.0,65800000.0,0.0,0.0,10.0,,,
2026-10-08 10:15:15.510631323+00:00,socialnetwork-social-graph-redis-1,0.14,7.7542195199999995,0.19,10700.0,126.0,782000.0,0.0,6.0,,,
2026-10-08 10:15:15.510631323+00:00,socialnetwork-jaeger-agent-1,0.01,41.75429632,1.04,1440000.0,238000.0,33000000.0,0.0,8.0,,,
2026-10-08 10:15:15.510631323+00:00,socialnetwork-social-graph-mongodb-1,0.22,86.78014976,2.17,645000.0,1270000.0,25800000.0,84800000.0,34.0,,,
2026-10-08 10:15:15.510631323+00:00,socialnetwork-media-mongodb-1,0.22,63.30253312,1.58,10400.0,126.0,2020000.0,79100000.0,32.0,,,
2026-10-08 10:15:15.510631323+00:00,socialnetwork-user-mongodb-1,0.23,73.00186112,1.83,645000.0,1270000.0,12600000.0,84800000.0,34.0,,,
2026-10-08 10:15:15.510631323+00:00,socialnetwork-url-shorten-mongodb-1,0.23,64.16236544,1.61,644000.0,1270000.0,3340000.0,84800000.0,34.0,,,
2026-10-08 10:15:15.510631323+00:00,socialnetwork-post-storage-mongodb-1,0.24,71.60725504000001,1.79,646000.0,1310000.0,11600000.0,85200000.0,34.0,,,
2026-10-08 10:15:15.510631323+00:00,socialnetwork-user-timeline-mongodb-1,0.22,63.55419136,1.59,644000.0,1270000.0,3370000.0,84800000.0,34.0,,,
2026-10-08 10:15:25.516957760+00:00,socialnetwork-url-shorten-service-1,0.0,2.871001088,0.07,1280000.0,634000.0,971000.0,0.0,3.0,,,
2026-10-08 10:15:25.516957760+00:00,socialnetwork-nginx-thrift-1,1.0,25.574768640000002,0.64,47300000.0,63200000.0,14100000.0,4100.0,5.0,,,
2026-10-08 10:15:25.516957760+00:00,socialnetwork-media-frontend-1,0.0,23.530045440000002,0.59,10600.0,126.0,10100000.0,4100.0,17.0,,,
2026-10-08 10:15:25.516957760+00:00,socialnetwork-compose-post-service-1,0.0,6.753878016,0.17,11900.0,126.0,6160000.0,0.0,2.0,,,
2026-10-08 10:15:25.516957760+00:00,socialnetwork-post-storage-service-1,0.28,4.653580288,0.12,50200000.0,35800000.0,0.0,0.0,7.0,,,
2026-10-08 10:15:25.516957760+00:00,socialnetwork-media-service-1,0.0,2.0730347520000003,0.05,12100.0,126.0,1120000.0,0.0,2.0,,,
2026-10-08 10:15:25.516957760+00:00,socialnetwork-user-service-1,0.0,7.118782464,0.18,1280000.0,634000.0,5540000.0,0.0,3.0,,,
2026-10-08 10:15:25.516957760+00:00,socialnetwork-home-timeline-service-1,0.02,4.890558464,0.12,24300000.0,24100000.0,1890000.0,0.0,5.0,,,
2026-10-08 10:15:25.516957760+00:00,socialnetwork-user-mention-service-1,0.0,2.780823552,0.07,11000.0,126.0,991000.0,0.0,2.0,,,
2026-10-08 10:15:25.516957760+00:00,socialnetwork-unique-id-service-1,0.0,2.080374784,0.05,11700.0,126.0,967000.0,0.0,2.0,,,
2026-10-08 10:15:25.516957760+00:00,socialnetwork-social-graph-service-1,0.0,3.375366144,0.08,1280000.0,634000.0,1710000.0,0.0,3.0,,,
2026-10-08 10:15:25.516957760+00:00,socialnetwork-user-timeline-service-1,0.11,6.701449216,0.17,24700000.0,23800000.0,3620000.0,0.0,7.0,,,
2026-10-08 10:15:25.516957760+00:00,socialnetwork-text-service-1,0.0,2.178940928,0.05,11400.0,126.0,1070000.0,0.0,2.0,,,
2026-10-08 10:15:25.516957760+00:00,socialnetwork-url-shorten-memcached-1,0.01,8.974761983999999,0.22,11800.0,126.0,7470000.0,0.0,10.0,,,
2026-10-08 10:15:25.516957760+00:00,socialnetwork-user-timeline-redis-1,0.16,6.3900221440000005,0.16,483000.0,852000.0,127000.0,0.0,6.0,,,
2026-10-08 10:15:25.516957760+00:00,socialnetwork-media-memcached-1,0.01,2.1663580159999998,0.05,11200.0,126.0,0.0,0.0,10.0,,,
2026-10-08 10:15:25.516957760+00:00,socialnetwork-user-memcached-1,0.02,2.174746624,0.05,11100.0,126.0,0.0,0.0,10.0,,,
2026-10-08 10:15:25.516957760+00:00,socialnetwork-home-timeline-redis-1,0.15,62.99844608,1.58,490000.0,857000.0,35200000.0,0.0,6.0,,,
2026-10-08 10:15:25.516957760+00:00,socialnetwork-post-storage-memcached-1,0.15,8.786018303999999,0.22,5290000.0,66300000.0,0.0,0.0,10.0,,,
2026-10-08 10:15:25.516957760+00:00,socialnetwork-social-graph-redis-1,0.18,7.492075519999999,0.19,10700.0,126.0,782000.0,0.0,6.0,,,
2026-10-08 10:15:25.516957760+00:00,socialnetwork-jaeger-agent-1,0.01,41.75429632,1.04,1440000.0,239000.0,33000000.0,0.0,8.0,,,
2026-10-08 10:15:25.516957760+00:00,socialnetwork-social-graph-mongodb-1,0.35,87.04229376,2.18,646000.0,1270000.0,25800000.0,84800000.0,34.0,,,
2026-10-08 10:15:25.516957760+00:00,socialnetwork-media-mongodb-1,0.31,63.56467712,1.59,10400.0,126.0,2020000.0,79100000.0,32.0,,,
2026-10-08 10:15:25.516957760+00:00,socialnetwork-user-mongodb-1,0.31,73.00186112,1.83,645000.0,1270000.0,12600000.0,84900000.0,34.0,,,
2026-10-08 10:15:25.516957760+00:00,socialnetwork-url-shorten-mongodb-1,0.34,64.42450944,1.61,645000.0,1270000.0,3340000.0,84900000.0,34.0,,,
2026-10-08 10:15:25.516957760+00:00,socialnetwork-post-storage-mongodb-1,0.34,71.86939904,1.8,646000.0,1310000.0,11600000.0,85300000.0,34.0,,,
2026-10-08 10:15:25.516957760+00:00,socialnetwork-user-timeline-mongodb-1,0.31,63.81633536,1.6,644000.0,1270000.0,3370000.0,84900000.0,34.0,,,
2026-10-08 10:15:35.528540849+00:00,socialnetwork-url-shorten-service-1,0.0,2.871001088,0.07,1280000.0,635000.0,971000.0,0.0,3.0,0.0,0.0,0.0
2026-10-08 10:15:35.528540849+00:00,socialnetwork-nginx-thrift-1,0.13,25.574768640000002,0.64,47300000.0,63200000.0,14100000.0,4100.0,5.0,0.0,0.0,0.0
2026-10-08 10:15:35.528540849+00:00,socialnetwork-media-frontend-1,0.0,23.530045440000002,0.59,10600.0,126.0,10100000.0,4100.0,17.0,0.0,0.0,0.0
2026-10-08 10:15:35.528540849+00:00,socialnetwork-compose-post-service-1,0.0,6.753878016,0.17,11900.0,126.0,6160000.0,0.0,2.0,0.0,0.0,0.0
2026-10-08 10:15:35.528540849+00:00,socialnetwork-post-storage-service-1,0.0,4.669308928,0.12,50200000.0,35800000.0,0.0,0.0,7.0,1.0,1.0,0.0
2026-10-08 10:15:35.528540849+00:00,socialnetwork-media-service-1,0.0,2.0730347520000003,0.05,12100.0,126.0,1120000.0,0.0,2.0,0.0,0.0,0.0
2026-10-08 10:15:35.528540849+00:00,socialnetwork-user-service-1,0.0,7.118782464,0.18,1280000.0,634000.0,5540000.0,0.0,3.0,0.0,0.0,0.0
2026-10-08 10:15:35.528540849+00:00,socialnetwork-home-timeline-service-1,0.0,5.2019855360000005,0.13,24300000.0,24100000.0,1890000.0,0.0,6.0,2.0,2.0,0.0
2026-10-08 10:15:35.528540849+00:00,socialnetwork-user-mention-service-1,0.0,2.780823552,0.07,11000.0,126.0,991000.0,0.0,2.0,0.0,0.0,0.0
2026-10-08 10:15:35.528540849+00:00,socialnetwork-unique-id-service-1,0.0,2.080374784,0.05,11700.0,126.0,967000.0,0.0,2.0,0.0,0.0,0.0
2026-10-08 10:15:35.528540849+00:00,socialnetwork-social-graph-service-1,0.0,3.375366144,0.08,1280000.0,634000.0,1710000.0,0.0,3.0,0.0,0.0,0.0
2026-10-08 10:15:35.528540849+00:00,socialnetwork-user-timeline-service-1,0.0,6.844055552,0.17,24700000.0,23900000.0,3620000.0,0.0,11.0,2.0,2.0,0.0
2026-10-08 10:15:35.528540849+00:00,socialnetwork-text-service-1,0.0,2.178940928,0.05,11400.0,126.0,1070000.0,0.0,2.0,0.0,0.0,0.0
2026-10-08 10:15:35.528540849+00:00,socialnetwork-url-shorten-memcached-1,0.01,8.974761983999999,0.22,11800.0,126.0,7470000.0,0.0,10.0,0.0,0.0,0.0
2026-10-08 10:15:35.528540849+00:00,socialnetwork-user-timeline-redis-1,0.13,6.127878144,0.15,484000.0,854000.0,127000.0,0.0,6.0,0.0,0.0,0.0
2026-10-08 10:15:35.528540849+00:00,socialnetwork-media-memcached-1,0.02,2.1663580159999998,0.05,11200.0,126.0,0.0,0.0,10.0,0.0,0.0,0.0
2026-10-08 10:15:35.528540849+00:00,socialnetwork-user-memcached-1,0.01,2.174746624,0.05,11100.0,126.0,0.0,0.0,10.0,0.0,0.0,0.0
2026-10-08 10:15:35.528540849+00:00,socialnetwork-home-timeline-redis-1,0.13,62.73630208,1.57,491000.0,858000.0,35200000.0,0.0,6.0,0.0,0.0,0.0
2026-10-08 10:15:35.528540849+00:00,socialnetwork-post-storage-memcached-1,0.03,8.786018303999999,0.22,5290000.0,66300000.0,0.0,0.0,10.0,0.0,0.0,0.0
2026-10-08 10:15:35.528540849+00:00,socialnetwork-social-graph-redis-1,0.17,7.7542195199999995,0.19,10700.0,126.0,782000.0,0.0,6.0,0.0,0.0,0.0
2026-10-08 10:15:35.528540849+00:00,socialnetwork-jaeger-agent-1,0.03,41.75429632,1.04,1450000.0,241000.0,33000000.0,0.0,8.0,0.0,0.0,0.0
2026-10-08 10:15:35.528540849+00:00,socialnetwork-social-graph-mongodb-1,0.28,87.04229376,2.18,646000.0,1270000.0,25800000.0,84900000.0,34.0,1.0,0.0,0.0
2026-10-08 10:15:35.528540849+00:00,socialnetwork-media-mongodb-1,0.22,63.56467712,1.59,10400.0,126.0,2020000.0,79200000.0,32.0,1.0,0.0,0.0
2026-10-08 10:15:35.528540849+00:00,socialnetwork-user-mongodb-1,0.27,73.26400512000001,1.83,645000.0,1270000.0,12600000.0,84900000.0,34.0,1.0,0.0,0.0
2026-10-08 10:15:35.528540849+00:00,socialnetwork-url-shorten-mongodb-1,0.25,64.42450944,1.61,645000.0,1270000.0,3340000.0,84900000.0,34.0,1.0,0.0,0.0
2026-10-08 10:15:35.528540849+00:00,socialnetwork-post-storage-mongodb-1,0.27,71.86939904,1.8,646000.0,1310000.0,11600000.0,85300000.0,34.0,1.0,0.0,0.0
2026-10-08 10:15:35.528540849+00:00,socialnetwork-user-timeline-mongodb-1,0.23,63.81633536,1.6,645000.0,1270000.0,3370000.0,84900000.0,34.0,1.0,0.0,0.0
2026-10-08 10:15:45.535933733+00:00,socialnetwork-url-shorten-service-1,0.0,2.871001088,0.07,1280000.0,635000.0,971000.0,0.0,3.0,,,
2026-10-08 10:15:45.535933733+00:00,socialnetwork-nginx-thrift-1,0.13,25.87885568,0.65,47300000.0,63200000.0,14100000.0,4100.0,5.0,,,
2026-10-08 10:15:45.535933733+00:00,socialnetwork-media-frontend-1,0.0,23.530045440000002,0.59,10600.0,126.0,10100000.0,4100.0,17.0,,,
2026-10-08 10:15:45.535933733+00:00,socialnetwork-compose-post-service-1,0.0,6.753878016,0.17,11900.0,126.0,6160000.0,0.0,2.0,,,
2026-10-08 10:15:45.535933733+00:00,socialnetwork-post-storage-service-1,0.0,4.669308928,0.12,50200000.0,35800000.0,0.0,0.0,7.0,,,
2026-10-08 10:15:45.535933733+00:00,socialnetwork-media-service-1,0.0,2.0730347520000003,0.05,12100.0,126.0,1120000.0,0.0,2.0,,,
2026-10-08 10:15:45.535933733+00:00,socialnetwork-user-service-1,0.0,7.118782464,0.18,1280000.0,635000.0,5540000.0,0.0,3.0,,,
2026-10-08 10:15:45.535933733+00:00,socialnetwork-home-timeline-service-1,0.0,5.324668928,0.13,24300000.0,24100000.0,1890000.0,0.0,9.0,,,
2026-10-08 10:15:45.535933733+00:00,socialnetwork-user-mention-service-1,0.0,2.780823552,0.07,11000.0,126.0,991000.0,0.0,2.0,,,
2026-10-08 10:15:45.535933733+00:00,socialnetwork-unique-id-service-1,0.0,2.080374784,0.05,11700.0,126.0,967000.0,0.0,2.0,,,
2026-10-08 10:15:45.535933733+00:00,socialnetwork-social-graph-service-1,0.0,3.375366144,0.08,1280000.0,635000.0,1710000.0,0.0,3.0,,,
2026-10-08 10:15:45.535933733+00:00,socialnetwork-user-timeline-service-1,0.0,7.454326784,0.19,24700000.0,23900000.0,3620000.0,0.0,13.0,,,
2026-10-08 10:15:45.535933733+00:00,socialnetwork-text-service-1,0.0,2.178940928,0.05,11400.0,126.0,1070000.0,0.0,2.0,,,
2026-10-08 10:15:45.535933733+00:00,socialnetwork-url-shorten-memcached-1,0.01,8.974761983999999,0.22,11800.0,126.0,7470000.0,0.0,10.0,,,
2026-10-08 10:15:45.535933733+00:00,socialnetwork-user-timeline-redis-1,0.14,6.652166144000001,0.17,484000.0,854000.0,127000.0,0.0,6.0,,,
2026-10-08 10:15:45.535933733+00:00,socialnetwork-media-memcached-1,0.01,2.1663580159999998,0.05,11200.0,126.0,0.0,0.0,10.0,,,
2026-10-08 10:15:45.535933733+00:00,socialnetwork-user-memcached-1,0.01,2.174746624,0.05,11100.0,126.0,0.0,0.0,10.0,,,
2026-10-08 10:15:45.535933733+00:00,socialnetwork-home-timeline-redis-1,0.12,62.99844608,1.58,492000.0,859000.0,35200000.0,0.0,6.0,,,
2026-10-08 10:15:45.535933733+00:00,socialnetwork-post-storage-memcached-1,0.03,8.786018303999999,0.22,5290000.0,66300000.0,0.0,0.0,10.0,,,
2026-10-08 10:15:45.535933733+00:00,socialnetwork-social-graph-redis-1,0.18,7.492075519999999,0.19,10700.0,126.0,782000.0,0.0,6.0,,,
2026-10-08 10:15:45.535933733+00:00,socialnetwork-jaeger-agent-1,0.01,41.75429632,1.04,1450000.0,242000.0,33000000.0,0.0,8.0,,,
2026-10-08 10:15:45.535933733+00:00,socialnetwork-social-graph-mongodb-1,0.24,86.78014976,2.17,646000.0,1270000.0,25800000.0,84900000.0,34.0,,,
2026-10-08 10:15:45.535933733+00:00,socialnetwork-media-mongodb-1,0.22,63.30253312,1.58,10400.0,126.0,2020000.0,79200000.0,32.0,,,
2026-10-08 10:15:45.535933733+00:00,socialnetwork-user-mongodb-1,0.23,73.00186112,1.83,645000.0,1270000.0,12600000.0,84900000.0,34.0,,,
2026-10-08 10:15:45.535933733+00:00,socialnetwork-url-shorten-mongodb-1,0.27,64.16236544,1.61,645000.0,1270000.0,3340000.0,84900000.0,34.0,,,
2026-10-08 10:15:45.535933733+00:00,socialnetwork-post-storage-mongodb-1,0.27,71.60725504000001,1.79,646000.0,1310000.0,11600000.0,85300000.0,34.0,,,
2026-10-08 10:15:45.535933733+00:00,socialnetwork-user-timeline-mongodb-1,0.25,63.55419136,1.59,645000.0,1270000.0,3370000.0,84900000.0,34.0,,,
2026-10-08 10:15:55.546638489+00:00,socialnetwork-url-shorten-service-1,0.0,2.871001088,0.07,1280000.0,635000.0,971000.0,0.0,3.0,,,
2026-10-08 10:15:55.546638489+00:00,socialnetwork-nginx-thrift-1,0.0,25.574768640000002,0.64,47300000.0,63200000.0,14100000.0,4100.0,5.0,,,
2026-10-08 10:15:55.546638489+00:00,socialnetwork-media-frontend-1,0.0,23.530045440000002,0.59,10600.0,126.0,10100000.0,4100.0,17.0,,,
2026-10-08 10:15:55.546638489+00:00,socialnetwork-compose-post-service-1,0.0,6.753878016,0.17,11900.0,126.0,6160000.0,0.0,2.0,,,
2026-10-08 10:15:55.546638489+00:00,socialnetwork-post-storage-service-1,0.0,4.669308928,0.12,50200000.0,35800000.0,0.0,0.0,7.0,,,
2026-10-08 10:15:55.546638489+00:00,socialnetwork-media-service-1,0.0,2.0730347520000003,0.05,12100.0,126.0,1120000.0,0.0,2.0,,,
2026-10-08 10:15:55.546638489+00:00,socialnetwork-user-service-1,0.0,7.118782464,0.18,1280000.0,635000.0,5540000.0,0.0,3.0,,,
2026-10-08 10:15:55.546638489+00:00,socialnetwork-home-timeline-service-1,0.0,5.116002303999999,0.13,24300000.0,24100000.0,1890000.0,0.0,10.0,,,
2026-10-08 10:15:55.546638489+00:00,socialnetwork-user-mention-service-1,0.0,2.780823552,0.07,11000.0,126.0,991000.0,0.0,2.0,,,
2026-10-08 10:15:55.546638489+00:00,socialnetwork-unique-id-service-1,0.0,2.080374784,0.05,11700.0,126.0,967000.0,0.0,2.0,,,
2026-10-08 10:15:55.546638489+00:00,socialnetwork-social-graph-service-1,0.0,3.375366144,0.08,1280000.0,635000.0,1710000.0,0.0,3.0,,,
2026-10-08 10:15:55.546638489+00:00,socialnetwork-user-timeline-service-1,0.0,7.294943232,0.18,24700000.0,23900000.0,3620000.0,0.0,19.0,,,
2026-10-08 10:15:55.546638489+00:00,socialnetwork-text-service-1,0.0,2.178940928,0.05,11400.0,126.0,1070000.0,0.0,2.0,,,
2026-10-08 10:15:55.546638489+00:00,socialnetwork-url-shorten-memcached-1,0.01,8.974761983999999,0.22,11800.0,126.0,7470000.0,0.0,10.0,,,
2026-10-08 10:15:55.546638489+00:00,socialnetwork-user-timeline-redis-1,0.14,6.652166144000001,0.17,485000.0,856000.0,127000.0,0.0,6.0,,,
2026-10-08 10:15:55.546638489+00:00,socialnetwork-media-memcached-1,0.01,2.1663580159999998,0.05,11200.0,126.0,0.0,0.0,10.0,,,
2026-10-08 10:15:55.546638489+00:00,socialnetwork-user-memcached-1,0.01,2.174746624,0.05,11100.0,126.0,0.0,0.0,10.0,,,
2026-10-08 10:15:55.546638489+00:00,socialnetwork-home-timeline-redis-1,0.18,63.26059008,1.58,492000.0,860000.0,35200000.0,0.0,6.0,,,
2026-10-08 10:15:55.546638489+00:00,socialnetwork-post-storage-memcached-1,0.03,8.786018303999999,0.22,5290000.0,66300000.0,0.0,0.0,10.0,,,
2026-10-08 10:15:55.546638489+00:00,socialnetwork-social-graph-redis-1,0.17,7.7542195199999995,0.19,10700.0,126.0,782000.0,0.0,6.0,,,
2026-10-08 10:15:55.546638489+00:00,socialnetwork-jaeger-agent-1,0.01,41.75429632,1.04,1450000.0,242000.0,33000000.0,0.0,8.0,,,
2026-10-08 10:15:55.546638489+00:00,socialnetwork-social-graph-mongodb-1,0.25,87.30443776,2.18,646000.0,1270000.0,25800000.0,84900000.0,34.0,,,
2026-10-08 10:15:55.546638489+00:00,socialnetwork-media-mongodb-1,0.25,63.30253312,1.58,10400.0,126.0,2020000.0,79200000.0,32.0,,,
2026-10-08 10:15:55.546638489+00:00,socialnetwork-user-mongodb-1,0.26,73.00186112,1.83,645000.0,1270000.0,12600000.0,84900000.0,34.0,,,
2026-10-08 10:15:55.546638489+00:00,socialnetwork-url-shorten-mongodb-1,0.29,64.16236544,1.61,645000.0,1270000.0,3340000.0,84900000.0,34.0,,,
2026-10-08 10:15:55.546638489+00:00,socialnetwork-post-storage-mongodb-1,0.27,71.60725504000001,1.79,646000.0,1310000.0,11600000.0,85300000.0,34.0,,,
2026-10-08 10:15:55.546638489+00:00,socialnetwork-user-timeline-mongodb-1,0.23,63.81633536,1.6,645000.0,1270000.0,3370000.0,84900000.0,34.0,,,
2026-10-08 10:16:05.552814960+00:00,socialnetwork-url-shorten-service-1,0.0,2.871001088,0.07,1280000.0,635000.0,971000.0,0.0,3.0,0.0,0.0,0.0
2026-10-08 10:16:05.552814960+00:00,socialnetwork-nginx-thrift-1,0.0,25.5852544,0.64,47300000.0,63200000.0,14100000.0,4100.0,5.0,32.0,32.0,0.0
2026-10-08 10:16:05.552814960+00:00,socialnetwork-media-frontend-1,0.0,23.530045440000002,0.59,10600.0,126.0,10100000.0,4100.0,17.0,0.0,0.0,0.0
2026-10-08 10:16:05.552814960+00:00,socialnetwork-compose-post-service-1,0.0,6.753878016,0.17,11900.0,126.0,6160000.0,0.0,2.0,0.0,0.0,0.0
2026-10-08 10:16:05.552814960+00:00,socialnetwork-post-storage-service-1,0.0,4.669308928,0.12,50200000.0,35800000.0,0.0,0.0,7.0,0.0,0.0,0.0
2026-10-08 10:16:05.552814960+00:00,socialnetwork-media-service-1,0.0,2.0730347520000003,0.05,12100.0,126.0,1120000.0,0.0,2.0,0.0,0.0,0.0
2026-10-08 10:16:05.552814960+00:00,socialnetwork-user-service-1,0.0,7.118782464,0.18,1280000.0,635000.0,5540000.0,0.0,3.0,0.0,0.0,0.0
2026-10-08 10:16:05.552814960+00:00,socialnetwork-home-timeline-service-1,0.0,5.24288,0.13,24300000.0,24100000.0,1890000.0,0.0,13.0,1.0,1.0,0.0
2026-10-08 10:16:05.552814960+00:00,socialnetwork-user-mention-service-1,0.0,2.780823552,0.07,11000.0,126.0,991000.0,0.0,2.0,0.0,0.0,0.0
2026-10-08 10:16:05.552814960+00:00,socialnetwork-unique-id-service-1,0.0,2.080374784,0.05,11700.0,126.0,967000.0,0.0,2.0,0.0,0.0,0.0
2026-10-08 10:16:05.552814960+00:00,socialnetwork-social-graph-service-1,0.0,3.375366144,0.08,1280000.0,635000.0,1710000.0,0.0,3.0,0.0,0.0,0.0
2026-10-08 10:16:05.552814960+00:00,socialnetwork-user-timeline-service-1,0.0,7.4176266239999995,0.19,24700000.0,23900000.0,3620000.0,0.0,21.0,0.0,0.0,0.0
2026-10-08 10:16:05.552814960+00:00,socialnetwork-text-service-1,0.0,2.178940928,0.05,11400.0,126.0,1070000.0,0.0,2.0,0.0,0.0,0.0
2026-10-08 10:16:05.552814960+00:00,socialnetwork-url-shorten-memcached-1,0.01,8.974761983999999,0.22,11800.0,126.0,7470000.0,0.0,10.0,0.0,0.0,0.0
2026-10-08 10:16:05.552814960+00:00,socialnetwork-user-timeline-redis-1,0.17,6.3900221440000005,0.16,485000.0,856000.0,127000.0,0.0,6.0,0.0,0.0,0.0
2026-10-08 10:16:05.552814960+00:00,socialnetwork-media-memcached-1,0.01,2.1663580159999998,0.05,11200.0,126.0,0.0,0.0,10.0,0.0,0.0,0.0
2026-10-08 10:16:05.552814960+00:00,socialnetwork-user-memcached-1,0.02,2.174746624,0.05,11100.0,126.0,0.0,0.0,10.0,0.0,0.0,0.0
2026-10-08 10:16:05.552814960+00:00,socialnetwork-home-timeline-redis-1,0.17,63.26059008,1.58,493000.0,861000.0,35200000.0,0.0,6.0,0.0,0.0,0.0
2026-10-08 10:16:05.552814960+00:00,socialnetwork-post-storage-memcached-1,0.03,8.786018303999999,0.22,5290000.0,66300000.0,0.0,0.0,10.0,0.0,0.0,0.0
2026-10-08 10:16:05.552814960+00:00,socialnetwork-social-graph-redis-1,0.12,7.7542195199999995,0.19,10700.0,126.0,782000.0,0.0,6.0,0.0,0.0,0.0
2026-10-08 10:16:05.552814960+00:00,socialnetwork-jaeger-agent-1,0.03,41.75429632,1.04,1450000.0,243000.0,33000000.0,0.0,8.0,0.0,0.0,0.0
2026-10-08 10:16:05.552814960+00:00,socialnetwork-social-graph-mongodb-1,0.26,87.04229376,2.18,646000.0,1270000.0,25800000.0,84900000.0,34.0,0.0,0.0,0.0
2026-10-08 10:16:05.552814960+00:00,socialnetwork-media-mongodb-1,0.24,63.30253312,1.58,10400.0,126.0,2020000.0,79200000.0,32.0,0.0,0.0,0.0
2026-10-08 10:16:05.552814960+00:00,socialnetwork-user-mongodb-1,0.22,73.00186112,1.83,646000.0,1270000.0,12600000.0,84900000.0,34.0,0.0,0.0,0.0
2026-10-08 10:16:05.552814960+00:00,socialnetwork-url-shorten-mongodb-1,0.28,64.42450944,1.61,645000.0,1270000.0,3340000.0,85000000.0,34.0,0.0,0.0,0.0
2026-10-08 10:16:05.552814960+00:00,socialnetwork-post-storage-mongodb-1,0.25,71.86939904,1.8,646000.0,1310000.0,11600000.0,85300000.0,34.0,0.0,0.0,0.0
2026-10-08 10:16:05.552814960+00:00,socialnetwork-user-timeline-mongodb-1,0.27,63.81633536,1.6,645000.0,1270000.0,3370000.0,85000000.0,34.0,0.0,0.0,0.0
2026-10-08 10:16:15.565111399+00:00,socialnetwork-url-shorten-service-1,0.0,2.871001088,0.07,1280000.0,635000.0,971000.0,0.0,3.0,,,
2026-10-08 10:16:15.565111399+00:00,socialnetwork-nginx-thrift-1,0.0,25.5852544,0.64,47300000.0,63200000.0,14100000.0,4100.0,5.0,,,
2026-10-08 10:16:15.565111399+00:00,socialnetwork-media-frontend-1,0.0,23.530045440000002,0.59,10600.0,126.0,10100000.0,4100.0,17.0,,,
2026-10-08 10:16:15.565111399+00:00,socialnetwork-compose-post-service-1,0.0,6.753878016,0.17,11900.0,126.0,6160000.0,0.0,2.0,,,
2026-10-08 10:16:15.565111399+00:00,socialnetwork-post-storage-service-1,0.0,4.669308928,0.12,50200000.0,35800000.0,0.0,0.0,7.0,,,
2026-10-08 10:16:15.565111399+00:00,socialnetwork-media-service-1,0.0,2.0730347520000003,0.05,12100.0,126.0,1120000.0,0.0,2.0,,,
2026-10-08 10:16:15.565111399+00:00,socialnetwork-user-service-1,0.0,7.118782464,0.18,1280000.0,635000.0,5540000.0,0.0,3.0,,,
2026-10-08 10:16:15.565111399+00:00,socialnetwork-home-timeline-service-1,0.0,5.287968768,0.13,24300000.0,24100000.0,1890000.0,0.0,14.0,,,
2026-10-08 10:16:15.565111399+00:00,socialnetwork-user-mention-service-1,0.0,2.780823552,0.07,11000.0,126.0,991000.0,0.0,2.0,,,
2026-10-08 10:16:15.565111399+00:00,socialnetwork-unique-id-service-1,0.0,2.080374784,0.05,11700.0,126.0,967000.0,0.0,2.0,,,
2026-10-08 10:16:15.565111399+00:00,socialnetwork-social-graph-service-1,0.0,3.375366144,0.08,1280000.0,635000.0,1710000.0,0.0,3.0,,,
2026-10-08 10:16:15.565111399+00:00,socialnetwork-user-timeline-service-1,0.0,7.76994816,0.19,24700000.0,23900000.0,3620000.0,0.0,27.0,,,
2026-10-08 10:16:15.565111399+00:00,socialnetwork-text-service-1,0.0,2.178940928,0.05,11400.0,126.0,1070000.0,0.0,2.0,,,
2026-10-08 10:16:15.565111399+00:00,socialnetwork-url-shorten-memcached-1,0.01,8.974761983999999,0.22,11800.0,126.0,7470000.0,0.0,10.0,,,
2026-10-08 10:16:15.565111399+00:00,socialnetwork-user-timeline-redis-1,0.17,6.127878144,0.15,486000.0,857000.0,127000.0,0.0,6.0,,,
2026-10-08 10:16:15.565111399+00:00,socialnetwork-media-memcached-1,0.01,2.1663580159999998,0.05,11200.0,126.0,0.0,0.0,10.0,,,
2026-10-08 10:16:15.565111399+00:00,socialnetwork-user-memcached-1,0.01,2.174746624,0.05,11100.0,126.0,0.0,0.0,10.0,,,
2026-10-08 10:16:15.565111399+00:00,socialnetwork-home-timeline-redis-1,0.15,63.26059008,1.58,493000.0,861000.0,35200000.0,0.0,6.0,,,
2026-10-08 10:16:15.565111399+00:00,socialnetwork-post-storage-memcached-1,0.02,8.786018303999999,0.22,5290000.0,66300000.0,0.0,0.0,10.0,,,
2026-10-08 10:16:15.565111399+00:00,socialnetwork-social-graph-redis-1,0.12,7.492075519999999,0.19,10700.0,126.0,782000.0,0.0,6.0,,,
2026-10-08 10:16:15.565111399+00:00,socialnetwork-jaeger-agent-1,0.01,41.75429632,1.04,1450000.0,243000.0,33000000.0,0.0,8.0,,,
2026-10-08 10:16:15.565111399+00:00,socialnetwork-social-graph-mongodb-1,0.24,87.04229376,2.18,646000.0,1270000.0,25800000.0,84900000.0,34.0,,,
2026-10-08 10:16:15.565111399+00:00,socialnetwork-media-mongodb-1,0.23,63.82682112,1.6,10400.0,126.0,2020000.0,79200000.0,32.0,,,
2026-10-08 10:16:15.565111399+00:00,socialnetwork-user-mongodb-1,0.26,73.52614912,1.84,646000.0,1270000.0,12600000.0,85000000.0,34.0,,,
2026-10-08 10:16:15.565111399+00:00,socialnetwork-url-shorten-mongodb-1,0.29,64.42450944,1.61,646000.0,1270000.0,3340000.0,85000000.0,34.0,,,
2026-10-08 10:16:15.565111399+00:00,socialnetwork-post-storage-mongodb-1,0.29,71.86939904,1.8,646000.0,1310000.0,11600000.0,85400000.0,34.0,,,
2026-10-08 10:16:15.565111399+00:00,socialnetwork-user-timeline-mongodb-1,0.25,63.81633536,1.6,645000.0,1270000.0,3370000.0,85000000.0,34.0,,,
2026-10-08 10:16:25.573681831+00:00,socialnetwork-url-shorten-service-1,0.0,2.871001088,0.07,1280000.0,635000.0,971000.0,0.0,3.0,,,
2026-10-08 10:16:25.573681831+00:00,socialnetwork-nginx-thrift-1,0.0,25.5852544,0.64,47400000.0,63200000.0,14100000.0,4100.0,5.0,,,
2026-10-08 10:16:25.573681831+00:00,socialnetwork-media-frontend-1,0.0,23.530045440000002,0.59,10600.0,126.0,10100000.0,4100.0,17.0,,,
2026-10-08 10:16:25.573681831+00:00,socialnetwork-compose-post-service-1,0.0,6.753878016,0.17,11900.0,126.0,6160000.0,0.0,2.0,,,
2026-10-08 10:16:25.573681831+00:00,socialnetwork-post-storage-service-1,0.0,4.669308928,0.12,50200000.0,35800000.0,0.0,0.0,7.0,,,
2026-10-08 10:16:25.573681831+00:00,socialnetwork-media-service-1,0.0,2.0730347520000003,0.05,12100.0,126.0,1120000.0,0.0,2.0,,,
2026-10-08 10:16:25.573681831+00:00,socialnetwork-user-service-1,0.0,7.118782464,0.18,1280000.0,635000.0,5540000.0,0.0,3.0,,,
2026-10-08 10:16:25.573681831+00:00,socialnetwork-home-timeline-service-1,0.0,5.41065216,0.14,24300000.0,24100000.0,1890000.0,0.0,17.0,,,
2026-10-08 10:16:25.573681831+00:00,socialnetwork-user-mention-service-1,0.0,2.780823552,0.07,11000.0,126.0,991000.0,0.0,2.0,,,
2026-10-08 10:16:25.573681831+00:00,socialnetwork-unique-id-service-1,0.0,2.080374784,0.05,11700.0,126.0,967000.0,0.0,2.0,,,
2026-10-08 10:16:25.573681831+00:00,socialnetwork-social-graph-service-1,0.0,3.375366144,0.08,1280000.0,635000.0,1710000.0,0.0,3.0,,,
2026-10-08 10:16:25.573681831+00:00,socialnetwork-user-timeline-service-1,0.0,7.892631552,0.2,24700000.0,23900000.0,3620000.0,0.0,29.0,,,
2026-10-08 10:16:25.573681831+00:00,socialnetwork-text-service-1,0.0,2.178940928,0.05,11400.0,126.0,1070000.0,0.0,2.0,,,
2026-10-08 10:16:25.573681831+00:00,socialnetwork-url-shorten-memcached-1,0.01,8.974761983999999,0.22,11800.0,126.0,7470000.0,0.0,10.0,,,
2026-10-08 10:16:25.573681831+00:00,socialnetwork-user-timeline-redis-1,0.13,6.127878144,0.15,486000.0,858000.0,127000.0,0.0,6.0,,,
2026-10-08 10:16:25.573681831+00:00,socialnetwork-media-memcached-1,0.01,2.1663580159999998,0.05,11200.0,126.0,0.0,0.0,10.0,,,
2026-10-08 10:16:25.573681831+00:00,socialnetwork-user-memcached-1,0.01,2.174746624,0.05,11100.0,126.0,0.0,0.0,10.0,,,
2026-10-08 10:16:25.573681831+00:00,socialnetwork-home-timeline-redis-1,0.17,62.73630208,1.57,494000.0,863000.0,35200000.0,0.0,6.0,,,
2026-10-08 10:16:25.573681831+00:00,socialnetwork-post-storage-memcached-1,0.03,8.786018303999999,0.22,5290000.0,66300000.0,0.0,0.0,10.0,,,
2026-10-08 10:16:25.573681831+00:00,socialnetwork-social-graph-redis-1,0.14,7.492075519999999,0.19,10700.0,126.0,782000.0,0.0,6.0,,,
2026-10-08 10:16:25.573681831+00:00,socialnetwork-jaeger-agent-1,0.01,41.75429632,1.04,1450000.0,244000.0,33000000.0,0.0,8.0,,,
2026-10-08 10:16:25.573681831+00:00,socialnetwork-social-graph-mongodb-1,0.21,87.04229376,2.18,647000.0,1270000.0,25800000.0,85000000.0,34.0,,,
2026-10-08 10:16:25.573681831+00:00,socialnetwork-media-mongodb-1,0.2,63.56467712,1.59,10400.0,126.0,2020000.0,79300000.0,32.0,,,
2026-10-08 10:16:25.573681831+00:00,socialnetwork-user-mongodb-1,0.23,73.26400512000001,1.83,646000.0,1270000.0,12600000.0,85000000.0,34.0,,,
2026-10-08 10:16:25.573681831+00:00,socialnetwork-url-shorten-mongodb-1,0.23,64.42450944,1.61,646000.0,1270000.0,3340000.0,85100000.0,34.0,,,
2026-10-08 10:16:25.573681831+00:00,socialnetwork-post-storage-mongodb-1,0.22,71.84842752,1.8,646000.0,1310000.0,11600000.0,85400000.0,34.0,,,
2026-10-08 10:16:25.573681831+00:00,socialnetwork-user-timeline-mongodb-1,0.21,64.07847936,1.6,646000.0,1270000.0,3370000.0,85100000.0,34.0,,,
2026-10-08 10:16:35.587740183+00:00,socialnetwork-url-shorten-service-1,0.0,2.871001088,0.07,1280000.0,636000.0,971000.0,0.0,3.0,0.0,0.0,0.0
2026-10-08 10:16:35.587740183+00:00,socialnetwork-nginx-thrift-1,0.0,25.5852544,0.64,47400000.0,63300000.0,14100000.0,4100.0,5.0,32.0,32.0,0.0
2026-10-08 10:16:35.587740183+00:00,socialnetwork-media-frontend-1,0.0,23.530045440000002,0.59,10600.0,126.0,10100000.0,4100.0,17.0,0.0,0.0,0.0
2026-10-08 10:16:35.587740183+00:00,socialnetwork-compose-post-service-1,0.0,6.753878016,0.17,11900.0,126.0,6160000.0,0.0,2.0,0.0,0.0,0.0
2026-10-08 10:16:35.587740183+00:00,socialnetwork-post-storage-service-1,0.0,4.669308928,0.12,50200000.0,35800000.0,0.0,0.0,7.0,0.0,0.0,0.0
2026-10-08 10:16:35.587740183+00:00,socialnetwork-media-service-1,0.0,2.0730347520000003,0.05,12100.0,126.0,1120000.0,0.0,2.0,0.0,0.0,0.0
2026-10-08 10:16:35.587740183+00:00,socialnetwork-user-service-1,0.0,7.118782464,0.18,1280000.0,636000.0,5540000.0,0.0,3.0,0.0,0.0,0.0
2026-10-08 10:16:35.587740183+00:00,socialnetwork-home-timeline-service-1,0.0,5.459935231999999,0.14,24300000.0,24100000.0,1890000.0,0.0,18.0,0.0,0.0,0.0
2026-10-08 10:16:35.587740183+00:00,socialnetwork-user-mention-service-1,0.0,2.780823552,0.07,11000.0,126.0,991000.0,0.0,2.0,0.0,0.0,0.0
2026-10-08 10:16:35.587740183+00:00,socialnetwork-unique-id-service-1,0.0,2.080374784,0.05,11700.0,126.0,967000.0,0.0,2.0,0.0,0.0,0.0
2026-10-08 10:16:35.587740183+00:00,socialnetwork-social-graph-service-1,0.0,3.375366144,0.08,1280000.0,636000.0,1710000.0,0.0,3.0,0.0,0.0,0.0
2026-10-08 10:16:35.587740183+00:00,socialnetwork-user-timeline-service-1,0.0,8.257536,0.21,24700000.0,23900000.0,3620000.0,0.0,35.0,1.0,1.0,0.0
2026-10-08 10:16:35.587740183+00:00,socialnetwork-text-service-1,0.0,2.178940928,0.05,11400.0,126.0,1070000.0,0.0,2.0,0.0,0.0,0.0
2026-10-08 10:16:35.587740183+00:00,socialnetwork-url-shorten-memcached-1,0.01,8.974761983999999,0.22,11800.0,126.0,7470000.0,0.0,10.0,0.0,0.0,0.0
2026-10-08 10:16:35.587740183+00:00,socialnetwork-user-timeline-redis-1,0.12,6.3900221440000005,0.16,488000.0,859000.0,127000.0,0.0,6.0,0.0,0.0,0.0
2026-10-08 10:16:35.587740183+00:00,socialnetwork-media-memcached-1,0.01,2.1663580159999998,0.05,11200.0,126.0,0.0,0.0,10.0,0.0,0.0,0.0
2026-10-08 10:16:35.587740183+00:00,socialnetwork-user-memcached-1,0.01,2.174746624,0.05,11100.0,126.0,0.0,0.0,10.0,0.0,0.0,0.0
2026-10-08 10:16:35.587740183+00:00,socialnetwork-home-timeline-redis-1,0.18,62.99844608,1.58,494000.0,863000.0,35200000.0,0.0,6.0,0.0,0.0,0.0
2026-10-08 10:16:35.587740183+00:00,socialnetwork-post-storage-memcached-1,0.03,8.786018303999999,0.22,5290000.0,66300000.0,0.0,0.0,10.0,0.0,0.0,0.0
2026-10-08 10:16:35.587740183+00:00,socialnetwork-social-graph-redis-1,0.13,7.7542195199999995,0.19,10700.0,126.0,782000.0,0.0,6.0,0.0,0.0,0.0
2026-10-08 10:16:35.587740183+00:00,socialnetwork-jaeger-agent-1,0.03,41.75429632,1.04,1450000.0,244000.0,33000000.0,0.0,8.0,0.0,0.0,0.0
2026-10-08 10:16:35.587740183+00:00,socialnetwork-social-graph-mongodb-1,0.26,87.04229376,2.18,647000.0,1270000.0,25800000.0,85000000.0,34.0,1.0,0.0,0.0
2026-10-08 10:16:35.587740183+00:00,socialnetwork-media-mongodb-1,0.24,63.30253312,1.58,10400.0,126.0,2020000.0,79300000.0,32.0,1.0,0.0,0.0
2026-10-08 10:16:35.587740183+00:00,socialnetwork-user-mongodb-1,0.26,73.26400512000001,1.83,646000.0,1270000.0,12600000.0,85100000.0,34.0,1.0,0.0,0.0
2026-10-08 10:16:35.587740183+00:00,socialnetwork-url-shorten-mongodb-1,0.27,64.16236544,1.61,646000.0,1270000.0,3340000.0,85100000.0,34.0,1.0,0.0,0.0
2026-10-08 10:16:35.587740183+00:00,socialnetwork-post-storage-mongodb-1,0.26,71.58628352,1.79,646000.0,1310000.0,11600000.0,85400000.0,34.0,1.0,0.0,0.0
2026-10-08 10:16:35.587740183+00:00,socialnetwork-user-timeline-mongodb-1,0.27,63.81633536,1.6,646000.0,1270000.0,3370000.0,85100000.0,34.0,1.0,0.0,0.0
2026-10-08 10:16:45.590639591+00:00,socialnetwork-url-shorten-service-1,0.0,2.871001088,0.07,1280000.0,636000.0,971000.0,0.0,3.0,,,
2026-10-08 10:16:45.590639591+00:00,socialnetwork-nginx-thrift-1,0.0,25.5852544,0.64,47400000.0,63300000.0,14100000.0,4100.0,5.0,,,
2026-10-08 10:16:45.590639591+00:00,socialnetwork-media-frontend-1,0.0,23.530045440000002,0.59,10600.0,126.0,10100000.0,4100.0,17.0,,,
2026-10-08 10:16:45.590639591+00:00,socialnetwork-compose-post-service-1,0.0,6.753878016,0.17,11900.0,126.0,6160000.0,0.0,2.0,,,
2026-10-08 10:16:45.590639591+00:00,socialnetwork-post-storage-service-1,0.0,4.669308928,0.12,50200000.0,35800000.0,0.0,0.0,7.0,,,
2026-10-08 10:16:45.590639591+00:00,socialnetwork-media-service-1,0.0,2.0730347520000003,0.05,12100.0,126.0,1120000.0,0.0,2.0,,,
2026-10-08 10:16:45.590639591+00:00,socialnetwork-user-service-1,0.0,7.118782464,0.18,1280000.0,636000.0,5540000.0,0.0,3.0,,,
2026-10-08 10:16:45.590639591+00:00,socialnetwork-home-timeline-service-1,0.0,5.582618624,0.14,24300000.0,24100000.0,1890000.0,0.0,21.0,,,
2026-10-08 10:16:45.590639591+00:00,socialnetwork-user-mention-service-1,0.0,2.780823552,0.07,11000.0,126.0,991000.0,0.0,2.0,,,
2026-10-08 10:16:45.590639591+00:00,socialnetwork-unique-id-service-1,0.0,2.080374784,0.05,11700.0,126.0,967000.0,0.0,2.0,,,
2026-10-08 10:16:45.590639591+00:00,socialnetwork-social-graph-service-1,0.0,3.375366144,0.08,1280000.0,636000.0,1710000.0,0.0,3.0,,,
2026-10-08 10:16:45.590639591+00:00,socialnetwork-user-timeline-service-1,0.0,8.376025088,0.21,24700000.0,23900000.0,3620000.0,0.0,37.0,,,
2026-10-08 10:16:45.590639591+00:00,socialnetwork-text-service-1,0.0,2.178940928,0.05,11400.0,126.0,1070000.0,0.0,2.0,,,
2026-10-08 10:16:45.590639591+00:00,socialnetwork-url-shorten-memcached-1,0.01,8.974761983999999,0.22,11800.0,126.0,7470000.0,0.0,10.0,,,
2026-10-08 10:16:45.590639591+00:00,socialnetwork-user-timeline-redis-1,0.13,6.127878144,0.15,488000.0,859000.0,127000.0,0.0,6.0,,,
2026-10-08 10:16:45.590639591+00:00,socialnetwork-media-memcached-1,0.01,2.1663580159999998,0.05,11200.0,126.0,0.0,0.0,10.0,,,
2026-10-08 10:16:45.590639591+00:00,socialnetwork-user-memcached-1,0.01,2.174746624,0.05,11100.0,126.0,0.0,0.0,10.0,,,
2026-10-08 10:16:45.590639591+00:00,socialnetwork-home-timeline-redis-1,0.17,62.73630208,1.57,495000.0,864000.0,35200000.0,0.0,6.0,,,
2026-10-08 10:16:45.590639591+00:00,socialnetwork-post-storage-memcached-1,0.03,8.786018303999999,0.22,5290000.0,66300000.0,0.0,0.0,10.0,,,
2026-10-08 10:16:45.590639591+00:00,socialnetwork-social-graph-redis-1,0.16,7.7542195199999995,0.19,10700.0,126.0,782000.0,0.0,6.0,,,
2026-10-08 10:16:45.590639591+00:00,socialnetwork-jaeger-agent-1,0.01,41.75429632,1.04,1450000.0,244000.0,33000000.0,0.0,8.0,,,
2026-10-08 10:16:45.590639591+00:00,socialnetwork-social-graph-mongodb-1,0.22,87.04229376,2.18,647000.0,1270000.0,25800000.0,85100000.0,34.0,,,
2026-10-08 10:16:45.590639591+00:00,socialnetwork-media-mongodb-1,0.23,63.56467712,1.59,10400.0,126.0,2020000.0,79300000.0,32.0,,,
2026-10-08 10:16:45.590639591+00:00,socialnetwork-user-mongodb-1,0.24,73.26400512000001,1.83,646000.0,1270000.0,12600000.0,85100000.0,34.0,,,
2026-10-08 10:16:45.590639591+00:00,socialnetwork-url-shorten-mongodb-1,0.31,64.68665344,1.62,646000.0,1270000.0,3340000.0,85100000.0,34.0,,,
2026-10-08 10:16:45.590639591+00:00,socialnetwork-post-storage-mongodb-1,0.27,71.32413952,1.78,646000.0,1310000.0,11600000.0,85500000.0,34.0,,,
2026-10-08 10:16:45.590639591+00:00,socialnetwork-user-timeline-mongodb-1,0.21,63.81633536,1.6,646000.0,1270000.0,3370000.0,85100000.0,34.0,,,
2026-10-08 10:16:55.602484465+00:00,socialnetwork-url-shorten-service-1,0.0,2.871001088,0.07,1280000.0,636000.0,971000.0,0.0,3.0,,,
2026-10-08 10:16:55.602484465+00:00,socialnetwork-nginx-thrift-1,0.0,25.5852544,0.64,47400000.0,63300000.0,14100000.0,4100.0,5.0,,,
2026-10-08 10:16:55.602484465+00:00,socialnetwork-media-frontend-1,0.0,23.530045440000002,0.59,10600.0,126.0,10100000.0,4100.0,17.0,,,
2026-10-08 10:16:55.602484465+00:00,socialnetwork-compose-post-service-1,0.0,6.753878016,0.17,11900.0,126.0,6160000.0,0.0,2.0,,,
2026-10-08 10:16:55.602484465+00:00,socialnetwork-post-storage-service-1,0.0,4.669308928,0.12,50200000.0,35800000.0,0.0,0.0,7.0,,,
2026-10-08 10:16:55.602484465+00:00,socialnetwork-media-service-1,0.0,2.0730347520000003,0.05,12100.0,126.0,1120000.0,0.0,2.0,,,
2026-10-08 10:16:55.602484465+00:00,socialnetwork-user-service-1,0.0,7.118782464,0.18,1280000.0,636000.0,5540000.0,0.0,3.0,,,
2026-10-08 10:16:55.602484465+00:00,socialnetwork-home-timeline-service-1,0.0,5.631901696000001,0.14,24300000.0,24100000.0,1890000.0,0.0,22.0,,,
2026-10-08 10:16:55.602484465+00:00,socialnetwork-user-mention-service-1,0.0,2.780823552,0.07,11000.0,126.0,991000.0,0.0,2.0,,,
2026-10-08 10:16:55.602484465+00:00,socialnetwork-unique-id-service-1,0.0,2.080374784,0.05,11700.0,126.0,967000.0,0.0,2.0,,,
2026-10-08 10:16:55.602484465+00:00,socialnetwork-social-graph-service-1,0.0,3.375366144,0.08,1280000.0,636000.0,1710000.0,0.0,3.0,,,
2026-10-08 10:16:55.602484465+00:00,socialnetwork-user-timeline-service-1,0.0,8.740929536,0.22,24700000.0,23900000.0,3620000.0,0.0,43.0,,,
2026-10-08 10:16:55.602484465+00:00,socialnetwork-text-service-1,0.0,2.178940928,0.05,11400.0,126.0,1070000.0,0.0,2.0,,,
2026-10-08 10:16:55.602484465+00:00,socialnetwork-url-shorten-memcached-1,0.01,8.974761983999999,0.22,11800.0,126.0,7470000.0,0.0,10.0,,,
2026-10-08 10:16:55.602484465+00:00,socialnetwork-user-timeline-redis-1,0.18,6.3900221440000005,0.16,489000.0,861000.0,127000.0,0.0,6.0,,,
2026-10-08 10:16:55.602484465+00:00,socialnetwork-media-memcached-1,0.01,2.1663580159999998,0.05,11200.0,126.0,0.0,0.0,10.0,,,
2026-10-08 10:16:55.602484465+00:00,socialnetwork-user-memcached-1,0.01,2.174746624,0.05,11100.0,126.0,0.0,0.0,10.0,,,
2026-10-08 10:16:55.602484465+00:00,socialnetwork-home-timeline-redis-1,0.14,62.99844608,1.58,495000.0,865000.0,35200000.0,0.0,6.0,,,
2026-10-08 10:16:55.602484465+00:00,socialnetwork-post-storage-memcached-1,0.03,8.786018303999999,0.22,5290000.0,66300000.0,0.0,0.0,10.0,,,
2026-10-08 10:16:55.602484465+00:00,socialnetwork-social-graph-redis-1,0.14,7.7542195199999995,0.19,10700.0,126.0,782000.0,0.0,6.0,,,
2026-10-08 10:16:55.602484465+00:00,socialnetwork-jaeger-agent-1,0.02,41.75429632,1.04,1450000.0,245000.0,33000000.0,0.0,8.0,,,
2026-10-08 10:16:55.602484465+00:00,socialnetwork-social-graph-mongodb-1,0.25,87.04229376,2.18,647000.0,1270000.0,25800000.0,85100000.0,34.0,,,
2026-10-08 10:16:55.602484465+00:00,socialnetwork-media-mongodb-1,0.23,63.56467712,1.59,10400.0,126.0,2020000.0,79400000.0,32.0,,,
2026-10-08 10:16:55.602484465+00:00,socialnetwork-user-mongodb-1,0.26,73.26400512000001,1.83,647000.0,1270000.0,12600000.0,85100000.0,34.0,,,
2026-10-08 10:16:55.602484465+00:00,socialnetwork-url-shorten-mongodb-1,0.28,64.16236544,1.61,646000.0,1270000.0,3340000.0,85100000.0,34.0,,,
2026-10-08 10:16:55.602484465+00:00,socialnetwork-post-storage-mongodb-1,0.26,71.32413952,1.78,646000.0,1310000.0,11600000.0,85500000.0,34.0,,,
2026-10-08 10:16:55.602484465+00:00,socialnetwork-user-timeline-mongodb-1,0.23,63.81633536,1.6,646000.0,1270000.0,3370000.0,85100000.0,34.0,,,
2026-10-08 10:17:05.607423782+00:00,socialnetwork-url-shorten-service-1,0.0,2.871001088,0.07,1280000.0,636000.0,971000.0,0.0,3.0,0.0,0.0,0.0
2026-10-08 10:17:05.607423782+00:00,socialnetwork-nginx-thrift-1,0.67,25.82642688,0.65,48100000.0,63800000.0,14100000.0,4100.0,5.0,16.0,16.0,0.0
2026-10-08 10:17:05.607423782+00:00,socialnetwork-media-frontend-1,0.0,23.530045440000002,0.59,10600.0,126.0,10100000.0,4100.0,17.0,0.0,0.0,0.0
2026-10-08 10:17:05.607423782+00:00,socialnetwork-compose-post-service-1,0.0,6.753878016,0.17,11900.0,126.0,6160000.0,0.0,2.0,0.0,0.0,0.0
2026-10-08 10:17:05.607423782+00:00,socialnetwork-post-storage-service-1,0.27,5.24288,0.13,51300000.0,36700000.0,0.0,0.0,7.0,1.0,1.0,0.0
2026-10-08 10:17:05.607423782+00:00,socialnetwork-media-service-1,0.0,2.0730347520000003,0.05,12100.0,126.0,1120000.0,0.0,2.0,0.0,0.0,0.0
2026-10-08 10:17:05.607423782+00:00,socialnetwork-user-service-1,0.0,7.118782464,0.18,1280000.0,636000.0,5540000.0,0.0,3.0,0.0,0.0,0.0
2026-10-08 10:17:05.607423782+00:00,socialnetwork-home-timeline-service-1,0.08,4.935647232,0.12,24700000.0,24500000.0,1890000.0,0.0,5.0,2.0,2.0,0.0
2026-10-08 10:17:05.607423782+00:00,socialnetwork-user-mention-service-1,0.0,2.780823552,0.07,11000.0,126.0,991000.0,0.0,2.0,0.0,0.0,0.0
2026-10-08 10:17:05.607423782+00:00,socialnetwork-unique-id-service-1,0.0,2.080374784,0.05,11700.0,126.0,967000.0,0.0,2.0,0.0,0.0,0.0
2026-10-08 10:17:05.607423782+00:00,socialnetwork-social-graph-service-1,0.0,3.375366144,0.08,1280000.0,636000.0,1710000.0,0.0,3.0,0.0,0.0,0.0
2026-10-08 10:17:05.607423782+00:00,socialnetwork-user-timeline-service-1,0.06,6.934233088,0.17,25100000.0,24200000.0,3620000.0,0.0,6.0,1.0,1.0,0.0
2026-10-08 10:17:05.607423782+00:00,socialnetwork-text-service-1,0.0,2.178940928,0.05,11400.0,126.0,1070000.0,0.0,2.0,0.0,0.0,0.0
2026-10-08 10:17:05.607423782+00:00,socialnetwork-url-shorten-memcached-1,0.01,8.974761983999999,0.22,11800.0,126.0,7470000.0,0.0,10.0,0.0,0.0,0.0
2026-10-08 10:17:05.607423782+00:00,socialnetwork-user-timeline-redis-1,0.13,6.127878144,0.15,492000.0,867000.0,127000.0,0.0,6.0,0.0,0.0,0.0
2026-10-08 10:17:05.607423782+00:00,socialnetwork-media-memcached-1,0.01,2.1663580159999998,0.05,11200.0,126.0,0.0,0.0,10.0,0.0,0.0,0.0
2026-10-08 10:17:05.607423782+00:00,socialnetwork-user-memcached-1,0.01,2.174746624,0.05,11100.0,126.0,0.0,0.0,10.0,0.0,0.0,0.0
2026-10-08 10:17:05.607423782+00:00,socialnetwork-home-timeline-redis-1,0.17,62.99844608,1.58,499000.0,872000.0,35200000.0,0.0,6.0,0.0,0.0,0.0
2026-10-08 10:17:05.607423782+00:00,socialnetwork-post-storage-memcached-1,0.15,9.043968,0.23,5380000.0,67400000.0,0.0,0.0,10.0,0.0,0.0,0.0
2026-10-08 10:17:05.607423782+00:00,socialnetwork-social-graph-redis-1,0.15,7.492075519999999,0.19,10700.0,126.0,782000.0,0.0,6.0,0.0,0.0,0.0
2026-10-08 10:17:05.607423782+00:00,socialnetwork-jaeger-agent-1,0.02,41.75429632,1.04,1470000.0,246000.0,33000000.0,0.0,8.0,0.0,0.0,0.0
2026-10-08 10:17:05.607423782+00:00,socialnetwork-social-graph-mongodb-1,0.24,86.78014976,2.17,647000.0,1270000.0,25800000.0,85100000.0,34.0,0.0,0.0,0.0
2026-10-08 10:17:05.607423782+00:00,socialnetwork-media-mongodb-1,0.25,63.30253312,1.58,10400.0,126.0,2020000.0,79400000.0,32.0,0.0,0.0,0.0
2026-10-08 10:17:05.607423782+00:00,socialnetwork-user-mongodb-1,0.26,73.00186112,1.83,647000.0,1270000.0,12600000.0,85100000.0,34.0,0.0,0.0,0.0
2026-10-08 10:17:05.607423782+00:00,socialnetwork-url-shorten-mongodb-1,0.27,64.16236544,1.61,647000.0,1270000.0,3340000.0,85100000.0,34.0,0.0,0.0,0.0
2026-10-08 10:17:05.607423782+00:00,socialnetwork-post-storage-mongodb-1,0.29,71.32413952,1.78,647000.0,1310000.0,11600000.0,85500000.0,34.0,0.0,0.0,0.0
2026-10-08 10:17:05.607423782+00:00,socialnetwork-user-timeline-mongodb-1,0.26,63.55419136,1.59,646000.0,1270000.0,3370000.0,85100000.0,34.0,0.0,0.0,0.0
2026-10-08 10:17:15.619798899+00:00,socialnetwork-url-shorten-service-1,0.0,2.871001088,0.07,1290000.0,636000.0,971000.0,0.0,3.0,,,
2026-10-08 10:17:15.619798899+00:00,socialnetwork-nginx-thrift-1,0.89,25.56428288,0.64,48400000.0,64200000.0,14100000.0,4100.0,5.0,,,
2026-10-08 10:17:15.619798899+00:00,socialnetwork-media-frontend-1,0.0,23.530045440000002,0.59,10600.0,126.0,10100000.0,4100.0,17.0,,,
2026-10-08 10:17:15.619798899+00:00,socialnetwork-compose-post-service-1,0.0,6.753878016,0.17,11900.0,126.0,6160000.0,0.0,2.0,,,
2026-10-08 10:17:15.619798899+00:00,socialnetwork-post-storage-service-1,0.14,4.714397696000001,0.12,51700000.0,36900000.0,0.0,0.0,6.0,,,
2026-10-08 10:17:15.619798899+00:00,socialnetwork-media-service-1,0.0,2.0730347520000003,0.05,12100.0,126.0,1120000.0,0.0,2.0,,,
2026-10-08 10:17:15.619798899+00:00,socialnetwork-user-service-1,0.0,7.118782464,0.18,1290000.0,636000.0,5540000.0,0.0,3.0,,,
2026-10-08 10:17:15.619798899+00:00,socialnetwork-home-timeline-service-1,0.07,4.931452928000001,0.12,24900000.0,24700000.0,1890000.0,0.0,5.0,,,
2026-10-08 10:17:15.619798899+00:00,socialnetwork-user-mention-service-1,0.0,2.780823552,0.07,11000.0,126.0,991000.0,0.0,2.0,,,
2026-10-08 10:17:15.619798899+00:00,socialnetwork-unique-id-service-1,0.0,2.080374784,0.05,11700.0,126.0,967000.0,0.0,2.0,,,
2026-10-08 10:17:15.619798899+00:00,socialnetwork-social-graph-service-1,0.0,3.375366144,0.08,1280000.0,636000.0,1710000.0,0.0,3.0,,,
2026-10-08 10:17:15.619798899+00:00,socialnetwork-user-timeline-service-1,0.04,6.631194624,0.17,25200000.0,24400000.0,3620000.0,0.0,5.0,,,
2026-10-08 10:17:15.619798899+00:00,socialnetwork-text-service-1,0.0,2.178940928,0.05,11400.0,126.0,1070000.0,0.0,2.0,,,
2026-10-08 10:17:15.619798899+00:00,socialnetwork-url-shorten-memcached-1,0.01,8.974761983999999,0.22,11800.0,126.0,7470000.0,0.0,10.0,,,
2026-10-08 10:17:15.619798899+00:00,socialnetwork-user-timeline-redis-1,0.13,6.3900221440000005,0.16,495000.0,872000.0,127000.0,0.0,6.0,,,
2026-10-08 10:17:15.619798899+00:00,socialnetwork-media-memcached-1,0.01,2.1663580159999998,0.05,11200.0,126.0,0.0,0.0,10.0,,,
2026-10-08 10:17:15.619798899+00:00,socialnetwork-user-memcached-1,0.01,2.174746624,0.05,11100.0,126.0,0.0,0.0,10.0,,,
2026-10-08 10:17:15.619798899+00:00,socialnetwork-home-timeline-redis-1,0.16,62.99844608,1.58,502000.0,876000.0,35200000.0,0.0,6.0,,,
2026-10-08 10:17:15.619798899+00:00,socialnetwork-post-storage-memcached-1,0.15,8.790212608,0.22,5410000.0,67800000.0,0.0,0.0,10.0,,,
2026-10-08 10:17:15.619798899+00:00,socialnetwork-social-graph-redis-1,0.15,7.7542195199999995,0.19,10700.0,126.0,782000.0,0.0,6.0,,,
2026-10-08 10:17:15.619798899+00:00,socialnetwork-jaeger-agent-1,0.02,41.75429632,1.04,1470000.0,248000.0,33000000.0,0.0,8.0,,,
2026-10-08 10:17:15.619798899+00:00,socialnetwork-social-graph-mongodb-1,0.25,86.78014976,2.17,648000.0,1270000.0,25800000.0,85100000.0,34.0,,,
2026-10-08 10:17:15.619798899+00:00,socialnetwork-media-mongodb-1,0.24,63.56467712,1.59,10400.0,126.0,2020000.0,79400000.0,32.0,,,
2026-10-08 10:17:15.619798899+00:00,socialnetwork-user-mongodb-1,0.24,73.26400512000001,1.83,647000.0,1270000.0,12600000.0,85100000.0,34.0,,,
2026-10-08 10:17:15.619798899+00:00,socialnetwork-url-shorten-mongodb-1,0.26,64.42450944,1.61,647000.0,1270000.0,3340000.0,85200000.0,34.0,,,
2026-10-08 10:17:15.619798899+00:00,socialnetwork-post-storage-mongodb-1,0.25,71.58628352,1.79,647000.0,1310000.0,11600000.0,85500000.0,34.0,,,
2026-10-08 10:17:15.619798899+00:00,socialnetwork-user-timeline-mongodb-1,0.28,63.55419136,1.59,646000.0,1270000.0,3370000.0,85200000.0,34.0,,,
2026-10-08 10:17:25.635590315+00:00,socialnetwork-url-shorten-service-1,0.0,2.871001088,0.07,1290000.0,637000.0,971000.0,0.0,3.0,,,
2026-10-08 10:17:25.635590315+00:00,socialnetwork-nginx-thrift-1,0.75,25.574768640000002,0.64,48800000.0,64700000.0,14100000.0,4100.0,5.0,,,
2026-10-08 10:17:25.635590315+00:00,socialnetwork-media-frontend-1,0.0,23.530045440000002,0.59,10600.0,126.0,10100000.0,4100.0,17.0,,,
2026-10-08 10:17:25.635590315+00:00,socialnetwork-compose-post-service-1,0.0,6.753878016,0.17,11900.0,126.0,6160000.0,0.0,2.0,,,
2026-10-08 10:17:25.635590315+00:00,socialnetwork-post-storage-service-1,0.24,4.677697536,0.12,52300000.0,37300000.0,0.0,0.0,5.0,,,
2026-10-08 10:17:25.635590315+00:00,socialnetwork-media-service-1,0.0,2.0730347520000003,0.05,12100.0,126.0,1120000.0,0.0,2.0,,,
2026-10-08 10:17:25.635590315+00:00,socialnetwork-user-service-1,0.0,7.118782464,0.18,1290000.0,637000.0,5540000.0,0.0,3.0,,,
2026-10-08 10:17:25.635590315+00:00,socialnetwork-home-timeline-service-1,0.03,4.92306432,0.12,25000000.0,24900000.0,1890000.0,0.0,5.0,,,
2026-10-08 10:17:25.635590315+00:00,socialnetwork-user-mention-service-1,0.0,2.780823552,0.07,11000.0,126.0,991000.0,0.0,2.0,,,
2026-10-08 10:17:25.635590315+00:00,socialnetwork-unique-id-service-1,0.0,2.080374784,0.05,11700.0,126.0,967000.0,0.0,2.0,,,
2026-10-08 10:17:25.635590315+00:00,socialnetwork-social-graph-service-1,0.0,3.375366144,0.08,1280000.0,637000.0,1710000.0,0.0,3.0,,,
2026-10-08 10:17:25.635590315+00:00,socialnetwork-user-timeline-service-1,0.11,6.66370048,0.17,25400000.0,24600000.0,3620000.0,0.0,6.0,,,
2026-10-08 10:17:25.635590315+00:00,socialnetwork-text-service-1,0.0,2.178940928,0.05,11400.0,126.0,1070000.0,0.0,2.0,,,
2026-10-08 10:17:25.635590315+00:00,socialnetwork-url-shorten-memcached-1,0.01,8.974761983999999,0.22,11800.0,126.0,7470000.0,0.0,10.0,,,
2026-10-08 10:17:25.635590315+00:00,socialnetwork-user-timeline-redis-1,0.14,6.3900221440000005,0.16,498000.0,878000.0,127000.0,0.0,6.0,,,
2026-10-08 10:17:25.635590315+00:00,socialnetwork-media-memcached-1,0.01,2.1663580159999998,0.05,11200.0,126.0,0.0,0.0,10.0,,,
2026-10-08 10:17:25.635590315+00:00,socialnetwork-user-memcached-1,0.01,2.174746624,0.05,11100.0,126.0,0.0,0.0,10.0,,,
2026-10-08 10:17:25.635590315+00:00,socialnetwork-home-timeline-redis-1,0.16,62.99844608,1.58,505000.0,882000.0,35200000.0,0.0,6.0,,,
2026-10-08 10:17:25.635590315+00:00,socialnetwork-post-storage-memcached-1,0.18,8.790212608,0.22,5450000.0,68300000.0,0.0,0.0,10.0,,,
2026-10-08 10:17:25.635590315+00:00,socialnetwork-social-graph-redis-1,0.16,7.492075519999999,0.19,10700.0,126.0,782000.0,0.0,6.0,,,
2026-10-08 10:17:25.635590315+00:00,socialnetwork-jaeger-agent-1,0.02,41.75429632,1.04,1480000.0,249000.0,33000000.0,0.0,8.0,,,
2026-10-08 10:17:25.635590315+00:00,socialnetwork-social-graph-mongodb-1,0.26,87.05277952,2.18,648000.0,1270000.0,25800000.0,85200000.0,34.0,,,
2026-10-08 10:17:25.635590315+00:00,socialnetwork-media-mongodb-1,0.26,63.56467712,1.59,10400.0,126.0,2020000.0,79500000.0,32.0,,,
2026-10-08 10:17:25.635590315+00:00,socialnetwork-user-mongodb-1,0.24,73.26400512000001,1.83,647000.0,1270000.0,12600000.0,85200000.0,34.0,,,
2026-10-08 10:17:25.635590315+00:00,socialnetwork-url-shorten-mongodb-1,0.29,64.1728512,1.61,647000.0,1270000.0,3340000.0,85200000.0,34.0,,,
2026-10-08 10:17:25.635590315+00:00,socialnetwork-post-storage-mongodb-1,0.28,71.86939904,1.8,647000.0,1310000.0,11600000.0,85600000.0,34.0,,,
2026-10-08 10:17:25.635590315+00:00,socialnetwork-user-timeline-mongodb-1,0.27,63.55419136,1.59,647000.0,1270000.0,3370000.0,85200000.0,34.0,,,
2026-10-08 10:17:35.642081499+00:00,socialnetwork-url-shorten-service-1,0.0,2.871001088,0.07,1290000.0,637000.0,971000.0,0.0,3.0,0.0,0.0,0.0
2026-10-08 10:17:35.642081499+00:00,socialnetwork-nginx-thrift-1,0.02,25.574768640000002,0.64,49200000.0,65300000.0,14100000.0,4100.0,5.0,0.0,0.0,0.0
2026-10-08 10:17:35.642081499+00:00,socialnetwork-media-frontend-1,0.0,23.530045440000002,0.59,10600.0,126.0,10100000.0,4100.0,17.0,0.0,0.0,0.0
2026-10-08 10:17:35.642081499+00:00,socialnetwork-compose-post-service-1,0.0,6.753878016,0.17,11900.0,126.0,6160000.0,0.0,2.0,0.0,0.0,0.0
2026-10-08 10:17:35.642081499+00:00,socialnetwork-post-storage-service-1,0.03,4.710203392,0.12,52900000.0,37800000.0,0.0,0.0,6.0,1.0,1.0,0.0
2026-10-08 10:17:35.642081499+00:00,socialnetwork-media-service-1,0.0,2.0730347520000003,0.05,12100.0,126.0,1120000.0,0.0,2.0,0.0,0.0,0.0
2026-10-08 10:17:35.642081499+00:00,socialnetwork-user-service-1,0.0,7.118782464,0.18,1290000.0,637000.0,5540000.0,0.0,3.0,0.0,0.0,0.0
2026-10-08 10:17:35.642081499+00:00,socialnetwork-home-timeline-service-1,0.0,4.92306432,0.12,25200000.0,25100000.0,1890000.0,0.0,5.0,2.0,2.0,0.0
2026-10-08 10:17:35.642081499+00:00,socialnetwork-user-mention-service-1,0.0,2.780823552,0.07,11000.0,126.0,991000.0,0.0,2.0,0.0,0.0,0.0
2026-10-08 10:17:35.642081499+00:00,socialnetwork-unique-id-service-1,0.0,2.080374784,0.05,11700.0,126.0,967000.0,0.0,2.0,0.0,0.0,0.0
2026-10-08 10:17:35.642081499+00:00,socialnetwork-social-graph-service-1,0.0,3.375366144,0.08,1280000.0,637000.0,1710000.0,0.0,3.0,0.0,0.0,0.0
2026-10-08 10:17:35.642081499+00:00,socialnetwork-user-timeline-service-1,0.0,6.631194624,0.17,25600000.0,24800000.0,3620000.0,0.0,5.0,2.0,2.0,0.0
2026-10-08 10:17:35.642081499+00:00,socialnetwork-text-service-1,0.0,2.178940928,0.05,11400.0,126.0,1070000.0,0.0,2.0,0.0,0.0,0.0
2026-10-08 10:17:35.642081499+00:00,socialnetwork-url-shorten-memcached-1,0.01,8.974761983999999,0.22,11800.0,126.0,7470000.0,0.0,10.0,0.0,0.0,0.0
2026-10-08 10:17:35.642081499+00:00,socialnetwork-user-timeline-redis-1,0.15,6.3900221440000005,0.16,502000.0,884000.0,127000.0,0.0,6.0,0.0,0.0,0.0
2026-10-08 10:17:35.642081499+00:00,socialnetwork-media-memcached-1,0.01,2.1663580159999998,0.05,11200.0,126.0,0.0,0.0,10.0,0.0,0.0,0.0
2026-10-08 10:17:35.642081499+00:00,socialnetwork-user-memcached-1,0.01,2.174746624,0.05,11100.0,126.0,0.0,0.0,10.0,0.0,0.0,0.0
2026-10-08 10:17:35.642081499+00:00,socialnetwork-home-timeline-redis-1,0.17,62.73630208,1.57,508000.0,888000.0,35200000.0,0.0,6.0,0.0,0.0,0.0
2026-10-08 10:17:35.642081499+00:00,socialnetwork-post-storage-memcached-1,0.1,8.786018303999999,0.22,5500000.0,68900000.0,0.0,0.0,10.0,0.0,0.0,0.0
2026-10-08 10:17:35.642081499+00:00,socialnetwork-social-graph-redis-1,0.17,7.7542195199999995,0.19,10700.0,126.0,782000.0,0.0,6.0,0.0,0.0,0.0
2026-10-08 10:17:35.642081499+00:00,socialnetwork-jaeger-agent-1,0.02,41.75429632,1.04,1490000.0,251000.0,33000000.0,0.0,8.0,0.0,0.0,0.0
2026-10-08 10:17:35.642081499+00:00,socialnetwork-social-graph-mongodb-1,0.25,87.05277952,2.18,648000.0,1270000.0,25800000.0,85200000.0,34.0,1.0,0.0,0.0
2026-10-08 10:17:35.642081499+00:00,socialnetwork-media-mongodb-1,0.24,63.56467712,1.59,10400.0,126.0,2020000.0,79500000.0,32.0,1.0,0.0,0.0
2026-10-08 10:17:35.642081499+00:00,socialnetwork-user-mongodb-1,0.27,73.26400512000001,1.83,647000.0,1270000.0,12600000.0,85200000.0,34.0,1.0,0.0,0.0
2026-10-08 10:17:35.642081499+00:00,socialnetwork-url-shorten-mongodb-1,0.27,64.4349952,1.61,647000.0,1270000.0,3340000.0,85200000.0,34.0,1.0,0.0,0.0
2026-10-08 10:17:35.642081499+00:00,socialnetwork-post-storage-mongodb-1,0.28,71.60725504000001,1.79,647000.0,1320000.0,11600000.0,85600000.0,34.0,1.0,0.0,0.0
2026-10-08 10:17:35.642081499+00:00,socialnetwork-user-timeline-mongodb-1,0.26,63.55419136,1.59,647000.0,1270000.0,3370000.0,85200000.0,34.0,1.0,0.0,0.0
2026-10-08 10:17:45.654558659+00:00,socialnetwork-url-shorten-service-1,0.0,2.871001088,0.07,1290000.0,637000.0,971000.0,0.0,3.0,,,
2026-10-08 10:17:45.654558659+00:00,socialnetwork-nginx-thrift-1,1.03,25.5852544,0.64,49500000.0,65700000.0,14100000.0,4100.0,5.0,,,
2026-10-08 10:17:45.654558659+00:00,socialnetwork-media-frontend-1,0.0,23.530045440000002,0.59,10600.0,126.0,10100000.0,4100.0,17.0,,,
2026-10-08 10:17:45.654558659+00:00,socialnetwork-compose-post-service-1,0.0,6.753878016,0.17,11900.0,126.0,6160000.0,0.0,2.0,,,
2026-10-08 10:17:45.654558659+00:00,socialnetwork-post-storage-service-1,0.24,4.714397696000001,0.12,53400000.0,38100000.0,0.0,0.0,6.0,,,
2026-10-08 10:17:45.654558659+00:00,socialnetwork-media-service-1,0.0,2.0730347520000003,0.05,12100.0,126.0,1120000.0,0.0,2.0,,,
2026-10-08 10:17:45.654558659+00:00,socialnetwork-user-service-1,0.0,7.118782464,0.18,1290000.0,637000.0,5540000.0,0.0,3.0,,,
2026-10-08 10:17:45.654558659+00:00,socialnetwork-home-timeline-service-1,0.02,4.9597644800000005,0.12,25400000.0,25200000.0,1890000.0,0.0,6.0,,,
2026-10-08 10:17:45.654558659+00:00,socialnetwork-user-mention-service-1,0.0,2.780823552,0.07,11000.0,126.0,991000.0,0.0,2.0,,,
2026-10-08 10:17:45.654558659+00:00,socialnetwork-unique-id-service-1,0.0,2.080374784,0.05,11700.0,126.0,967000.0,0.0,2.0,,,
2026-10-08 10:17:45.654558659+00:00,socialnetwork-social-graph-service-1,0.0,3.375366144,0.08,1280000.0,637000.0,1710000.0,0.0,3.0,,,
2026-10-08 10:17:45.654558659+00:00,socialnetwork-user-timeline-service-1,0.11,6.697254911999999,0.17,25800000.0,24900000.0,3620000.0,0.0,7.0,,,
2026-10-08 10:17:45.654558659+00:00,socialnetwork-text-service-1,0.0,2.178940928,0.05,11400.0,126.0,1070000.0,0.0,2.0,,,
2026-10-08 10:17:45.654558659+00:00,socialnetwork-url-shorten-memcached-1,0.01,8.974761983999999,0.22,11800.0,126.0,7470000.0,0.0,10.0,,,
2026-10-08 10:17:45.654558659+00:00,socialnetwork-user-timeline-redis-1,0.14,6.3900221440000005,0.16,504000.0,889000.0,127000.0,0.0,6.0,,,
2026-10-08 10:17:45.654558659+00:00,socialnetwork-media-memcached-1,0.01,2.1663580159999998,0.05,11200.0,126.0,0.0,0.0,10.0,,,
2026-10-08 10:17:45.654558659+00:00,socialnetwork-user-memcached-1,0.01,2.174746624,0.05,11100.0,126.0,0.0,0.0,10.0,,,
2026-10-08 10:17:45.654558659+00:00,socialnetwork-home-timeline-redis-1,0.17,62.99844608,1.58,511000.0,893000.0,35200000.0,0.0,6.0,,,
2026-10-08 10:17:45.654558659+00:00,socialnetwork-post-storage-memcached-1,0.16,9.048162304,0.23,5530000.0,69400000.0,0.0,0.0,10.0,,,
2026-10-08 10:17:45.654558659+00:00,socialnetwork-social-graph-redis-1,0.16,7.7542195199999995,0.19,10700.0,126.0,782000.0,0.0,6.0,,,
2026-10-08 10:17:45.654558659+00:00,socialnetwork-jaeger-agent-1,0.01,41.75429632,1.04,1500000.0,252000.0,33000000.0,0.0,8.0,,,
2026-10-08 10:17:45.654558659+00:00,socialnetwork-social-graph-mongodb-1,0.23,87.05277952,2.18,648000.0,1270000.0,25800000.0,85200000.0,34.0,,,
2026-10-08 10:17:45.654558659+00:00,socialnetwork-media-mongodb-1,0.24,63.30253312,1.58,10400.0,126.0,2020000.0,79500000.0,32.0,,,
2026-10-08 10:17:45.654558659+00:00,socialnetwork-user-mongodb-1,0.24,73.26400512000001,1.83,648000.0,1270000.0,12600000.0,85200000.0,34.0,,,
2026-10-08 10:17:45.654558659+00:00,socialnetwork-url-shorten-mongodb-1,0.27,64.1728512,1.61,647000.0,1270000.0,3340000.0,85200000.0,34.0,,,
2026-10-08 10:17:45.654558659+00:00,socialnetwork-post-storage-mongodb-1,0.27,71.60725504000001,1.79,647000.0,1320000.0,11600000.0,85600000.0,34.0,,,
2026-10-08 10:17:45.654558659+00:00,socialnetwork-user-timeline-mongodb-1,0.26,63.81633536,1.6,647000.0,1270000.0,3370000.0,85200000.0,34.0,,,
2026-10-08 10:17:55.667244911+00:00,socialnetwork-url-shorten-service-1,0.0,2.871001088,0.07,1290000.0,637000.0,971000.0,0.0,3.0,,,
2026-10-08 10:17:55.667244911+00:00,socialnetwork-nginx-thrift-1,0.79,25.574768640000002,0.64,49900000.0,66200000.0,14100000.0,4100.0,5.0,,,
2026-10-08 10:17:55.667244911+00:00,socialnetwork-media-frontend-1,0.0,23.530045440000002,0.59,10600.0,126.0,10100000.0,4100.0,17.0,,,
2026-10-08 10:17:55.667244911+00:00,socialnetwork-compose-post-service-1,0.0,6.753878016,0.17,11900.0,126.0,6160000.0,0.0,2.0,,,
2026-10-08 10:17:55.667244911+00:00,socialnetwork-post-storage-service-1,0.19,4.710203392,0.12,53900000.0,38500000.0,0.0,0.0,6.0,,,
2026-10-08 10:17:55.667244911+00:00,socialnetwork-media-service-1,0.0,2.0730347520000003,0.05,12100.0,126.0,1120000.0,0.0,2.0,,,
2026-10-08 10:17:55.667244911+00:00,socialnetwork-user-service-1,0.0,7.118782464,0.18,1290000.0,637000.0,5540000.0,0.0,3.0,,,
2026-10-08 10:17:55.667244911+00:00,socialnetwork-home-timeline-service-1,0.06,4.927258624,0.12,25600000.0,25400000.0,1890000.0,0.0,5.0,,,
2026-10-08 10:17:55.667244911+00:00,socialnetwork-user-mention-service-1,0.0,2.780823552,0.07,11000.0,126.0,991000.0,0.0,2.0,,,
2026-10-08 10:17:55.667244911+00:00,socialnetwork-unique-id-service-1,0.0,2.080374784,0.05,11700.0,126.0,967000.0,0.0,2.0,,,
2026-10-08 10:17:55.667244911+00:00,socialnetwork-social-graph-service-1,0.0,3.375366144,0.08,1290000.0,637000.0,1710000.0,0.0,3.0,,,
2026-10-08 10:17:55.667244911+00:00,socialnetwork-user-timeline-service-1,0.04,6.631194624,0.17,25900000.0,25100000.0,3620000.0,0.0,5.0,,,
2026-10-08 10:17:55.667244911+00:00,socialnetwork-text-service-1,0.0,2.178940928,0.05,11400.0,126.0,1070000.0,0.0,2.0,,,
2026-10-08 10:17:55.667244911+00:00,socialnetwork-url-shorten-memcached-1,0.01,8.974761983999999,0.22,11800.0,126.0,7470000.0,0.0,10.0,,,
2026-10-08 10:17:55.667244911+00:00,socialnetwork-user-timeline-redis-1,0.19,6.3900221440000005,0.16,507000.0,895000.0,127000.0,0.0,6.0,,,
2026-10-08 10:17:55.667244911+00:00,socialnetwork-media-memcached-1,0.01,2.1663580159999998,0.05,11200.0,126.0,0.0,0.0,10.0,,,
2026-10-08 10:17:55.667244911+00:00,socialnetwork-user-memcached-1,0.01,2.174746624,0.05,11100.0,126.0,0.0,0.0,10.0,,,
2026-10-08 10:17:55.667244911+00:00,socialnetwork-home-timeline-redis-1,0.12,62.98796032,1.58,514000.0,899000.0,35200000.0,0.0,6.0,,,
2026-10-08 10:17:55.667244911+00:00,socialnetwork-post-storage-memcached-1,0.19,8.786018303999999,0.22,5570000.0,69900000.0,0.0,0.0,10.0,,,
2026-10-08 10:17:55.667244911+00:00,socialnetwork-social-graph-redis-1,0.16,7.7542195199999995,0.19,10700.0,126.0,782000.0,0.0,6.0,,,
2026-10-08 10:17:55.667244911+00:00,socialnetwork-jaeger-agent-1,0.01,41.75429632,1.04,1520000.0,254000.0,33000000.0,0.0,8.0,,,
2026-10-08 10:17:55.667244911+00:00,socialnetwork-social-graph-mongodb-1,0.25,87.05277952,2.18,648000.0,1270000.0,25800000.0,85200000.0,34.0,,,
2026-10-08 10:17:55.667244911+00:00,socialnetwork-media-mongodb-1,0.22,63.56467712,1.59,10400.0,126.0,2020000.0,79500000.0,32.0,,,
2026-10-08 10:17:55.667244911+00:00,socialnetwork-user-mongodb-1,0.27,73.00186112,1.83,648000.0,1270000.0,12600000.0,85200000.0,34.0,,,
2026-10-08 10:17:55.667244911+00:00,socialnetwork-url-shorten-mongodb-1,0.28,64.4349952,1.61,647000.0,1270000.0,3340000.0,85300000.0,34.0,,,
2026-10-08 10:17:55.667244911+00:00,socialnetwork-post-storage-mongodb-1,0.26,71.86939904,1.8,647000.0,1320000.0,11600000.0,85600000.0,34.0,,,
2026-10-08 10:17:55.667244911+00:00,socialnetwork-user-timeline-mongodb-1,0.25,63.55419136,1.59,647000.0,1270000.0,3370000.0,85300000.0,34.0,,,
2026-10-08 10:18:05.678552389+00:00,socialnetwork-url-shorten-service-1,0.0,2.871001088,0.07,1290000.0,637000.0,971000.0,0.0,3.0,0.0,0.0,0.0
2026-10-08 10:18:05.678552389+00:00,socialnetwork-nginx-thrift-1,0.82,25.616711679999998,0.64,50300000.0,66700000.0,14100000.0,4100.0,5.0,0.0,0.0,0.0
2026-10-08 10:18:05.678552389+00:00,socialnetwork-media-frontend-1,0.0,23.530045440000002,0.59,10600.0,126.0,10100000.0,4100.0,17.0,0.0,0.0,0.0
2026-10-08 10:18:05.678552389+00:00,socialnetwork-compose-post-service-1,0.0,6.753878016,0.17,11900.0,126.0,6160000.0,0.0,2.0,0.0,0.0,0.0
2026-10-08 10:18:05.678552389+00:00,socialnetwork-post-storage-service-1,0.23,4.677697536,0.12,54400000.0,38900000.0,0.0,0.0,5.0,2.0,2.0,0.0
2026-10-08 10:18:05.678552389+00:00,socialnetwork-media-service-1,0.0,2.0730347520000003,0.05,12100.0,126.0,1120000.0,0.0,2.0,0.0,0.0,0.0
2026-10-08 10:18:05.678552389+00:00,socialnetwork-user-service-1,0.0,7.118782464,0.18,1290000.0,637000.0,5540000.0,0.0,3.0,0.0,0.0,0.0
2026-10-08 10:18:05.678552389+00:00,socialnetwork-home-timeline-service-1,0.06,4.890558464,0.12,25800000.0,25600000.0,1890000.0,0.0,4.0,2.0,2.0,0.0
2026-10-08 10:18:05.678552389+00:00,socialnetwork-user-mention-service-1,0.0,2.780823552,0.07,11000.0,126.0,991000.0,0.0,2.0,0.0,0.0,0.0
2026-10-08 10:18:05.678552389+00:00,socialnetwork-unique-id-service-1,0.0,2.080374784,0.05,11700.0,126.0,967000.0,0.0,2.0,0.0,0.0,0.0
2026-10-08 10:18:05.678552389+00:00,socialnetwork-social-graph-service-1,0.0,3.375366144,0.08,1290000.0,637000.0,1710000.0,0.0,3.0,0.0,0.0,0.0
2026-10-08 10:18:05.678552389+00:00,socialnetwork-user-timeline-service-1,0.07,6.631194624,0.17,26100000.0,25300000.0,3620000.0,0.0,5.0,2.0,2.0,0.0
2026-10-08 10:18:05.678552389+00:00,socialnetwork-text-service-1,0.0,2.178940928,0.05,11400.0,126.0,1070000.0,0.0,2.0,0.0,0.0,0.0
2026-10-08 10:18:05.678552389+00:00,socialnetwork-url-shorten-memcached-1,0.02,8.974761983999999,0.22,11800.0,126.0,7470000.0,0.0,10.0,0.0,0.0,0.0
2026-10-08 10:18:05.678552389+00:00,socialnetwork-user-timeline-redis-1,0.19,6.3900221440000005,0.16,511000.0,901000.0,127000.0,0.0,6.0,0.0,0.0,0.0
2026-10-08 10:18:05.678552389+00:00,socialnetwork-media-memcached-1,0.01,2.1663580159999998,0.05,11200.0,126.0,0.0,0.0,10.0,0.0,0.0,0.0
2026-10-08 10:18:05.678552389+00:00,socialnetwork-user-memcached-1,0.01,2.174746624,0.05,11100.0,126.0,0.0,0.0,10.0,0.0,0.0,0.0
2026-10-08 10:18:05.678552389+00:00,socialnetwork-home-timeline-redis-1,0.16,62.99844608,1.58,518000.0,906000.0,35200000.0,0.0,6.0,0.0,0.0,0.0
2026-10-08 10:18:05.678552389+00:00,socialnetwork-post-storage-memcached-1,0.19,8.790212608,0.22,5620000.0,70400000.0,0.0,0.0,10.0,0.0,0.0,0.0
2026-10-08 10:18:05.678552389+00:00,socialnetwork-social-graph-redis-1,0.18,7.7542195199999995,0.19,10700.0,126.0,782000.0,0.0,6.0,0.0,0.0,0.0
2026-10-08 10:18:05.678552389+00:00,socialnetwork-jaeger-agent-1,0.01,41.75429632,1.04,1530000.0,255000.0,33000000.0,0.0,8.0,0.0,0.0,0.0
2026-10-08 10:18:05.678552389+00:00,socialnetwork-social-graph-mongodb-1,0.28,87.05277952,2.18,649000.0,1280000.0,25800000.0,85200000.0,34.0,0.0,0.0,0.0
2026-10-08 10:18:05.678552389+00:00,socialnetwork-media-mongodb-1,0.28,63.30253312,1.58,10400.0,126.0,2020000.0,79600000.0,32.0,0.0,0.0,0.0
2026-10-08 10:18:05.678552389+00:00,socialnetwork-user-mongodb-1,0.28,73.00186112,1.83,648000.0,1280000.0,12600000.0,85300000.0,34.0,0.0,0.0,0.0
2026-10-08 10:18:05.678552389+00:00,socialnetwork-url-shorten-mongodb-1,0.3,64.1728512,1.61,648000.0,1280000.0,3340000.0,85300000.0,34.0,0.0,0.0,0.0
2026-10-08 10:18:05.678552389+00:00,socialnetwork-post-storage-mongodb-1,0.28,71.60725504000001,1.79,648000.0,1320000.0,11600000.0,85700000.0,34.0,0.0,0.0,0.0
2026-10-08 10:18:05.678552389+00:00,socialnetwork-user-timeline-mongodb-1,0.28,63.81633536,1.6,647000.0,1280000.0,3370000.0,85300000.0,34.0,0.0,0.0,0.0
2026-10-08 10:18:15.691801548+00:00,socialnetwork-url-shorten-service-1,0.0,2.871001088,0.07,1290000.0,638000.0,971000.0,0.0,3.0,,,
2026-10-08 10:18:15.691801548+00:00,socialnetwork-nginx-thrift-1,0.79,25.574768640000002,0.64,50600000.0,67099999.99999999,14100000.0,4100.0,5.0,,,
2026-10-08 10:18:15.691801548+00:00,socialnetwork-media-frontend-1,0.0,23.530045440000002,0.59,10600.0,126.0,10100000.0,4100.0,17.0,,,
2026-10-08 10:18:15.691801548+00:00,socialnetwork-compose-post-service-1,0.0,6.753878016,0.17,11900.0,126.0,6160000.0,0.0,2.0,,,
2026-10-08 10:18:15.691801548+00:00,socialnetwork-post-storage-service-1,0.22,4.726980608,0.12,54900000.0,39200000.0,0.0,0.0,6.0,,,
2026-10-08 10:18:15.691801548+00:00,socialnetwork-media-service-1,0.0,2.0730347520000003,0.05,12100.0,126.0,1120000.0,0.0,2.0,,,
2026-10-08 10:18:15.691801548+00:00,socialnetwork-user-service-1,0.0,7.118782464,0.18,1290000.0,638000.0,5540000.0,0.0,3.0,,,
2026-10-08 10:18:15.691801548+00:00,socialnetwork-home-timeline-service-1,0.05,4.890558464,0.12,26000000.0,25800000.0,1890000.0,0.0,4.0,,,
2026-10-08 10:18:15.691801548+00:00,socialnetwork-user-mention-service-1,0.0,2.780823552,0.07,11000.0,126.0,991000.0,0.0,2.0,,,
2026-10-08 10:18:15.691801548+00:00,socialnetwork-unique-id-service-1,0.0,2.080374784,0.05,11700.0,126.0,967000.0,0.0,2.0,,,
2026-10-08 10:18:15.691801548+00:00,socialnetwork-social-graph-service-1,0.0,3.375366144,0.08,1290000.0,638000.0,1710000.0,0.0,3.0,,,
2026-10-08 10:18:15.691801548+00:00,socialnetwork-user-timeline-service-1,0.07,6.647971839999999,0.17,26300000.0,25400000.0,3620000.0,0.0,5.0,,,
2026-10-08 10:18:15.691801548+00:00,socialnetwork-text-service-1,0.0,2.178940928,0.05,11400.0,126.0,1070000.0,0.0,2.0,,,
2026-10-08 10:18:15.691801548+00:00,socialnetwork-url-shorten-memcached-1,0.01,8.974761983999999,0.22,11800.0,126.0,7470000.0,0.0,10.0,,,
2026-10-08 10:18:15.691801548+00:00,socialnetwork-user-timeline-redis-1,0.13,6.3900221440000005,0.16,514000.0,906000.0,127000.0,0.0,6.0,,,
2026-10-08 10:18:15.691801548+00:00,socialnetwork-media-memcached-1,0.01,2.1663580159999998,0.05,11200.0,126.0,0.0,0.0,10.0,,,
2026-10-08 10:18:15.691801548+00:00,socialnetwork-user-memcached-1,0.02,2.174746624,0.05,11100.0,126.0,0.0,0.0,10.0,,,
2026-10-08 10:18:15.691801548+00:00,socialnetwork-home-timeline-redis-1,0.17,62.99844608,1.58,520000.0,911000.0,35200000.0,0.0,6.0,,,
2026-10-08 10:18:15.691801548+00:00,socialnetwork-post-storage-memcached-1,0.18,9.039773696000001,0.23,5650000.0,70900000.0,0.0,0.0,10.0,,,
2026-10-08 10:18:15.691801548+00:00,socialnetwork-social-graph-redis-1,0.17,7.7542195199999995,0.19,10700.0,126.0,782000.0,0.0,6.0,,,
2026-10-08 10:18:15.691801548+00:00,socialnetwork-jaeger-agent-1,0.01,41.75429632,1.04,1540000.0,257000.0,33000000.0,0.0,8.0,,,
2026-10-08 10:18:15.691801548+00:00,socialnetwork-social-graph-mongodb-1,0.25,86.79063552,2.17,649000.0,1280000.0,25800000.0,85300000.0,34.0,,,
2026-10-08 10:18:15.691801548+00:00,socialnetwork-media-mongodb-1,0.27,63.30253312,1.58,10400.0,126.0,2020000.0,79600000.0,32.0,,,
2026-10-08 10:18:15.691801548+00:00,socialnetwork-user-mongodb-1,0.26,73.00186112,1.83,648000.0,1280000.0,12600000.0,85300000.0,34.0,,,
2026-10-08 10:18:15.691801548+00:00,socialnetwork-url-shorten-mongodb-1,0.27,64.1728512,1.61,648000.0,1280000.0,3340000.0,85300000.0,34.0,,,
2026-10-08 10:18:15.691801548+00:00,socialnetwork-post-storage-mongodb-1,0.24,71.60725504000001,1.79,648000.0,1320000.0,11600000.0,85700000.0,34.0,,,
2026-10-08 10:18:15.691801548+00:00,socialnetwork-user-timeline-mongodb-1,0.27,63.55419136,1.59,648000.0,1280000.0,3370000.0,85300000.0,34.0,,,
2026-10-08 10:18:25.700602531+00:00,socialnetwork-url-shorten-service-1,0.0,2.871001088,0.07,1290000.0,638000.0,971000.0,0.0,3.0,,,
2026-10-08 10:18:25.700602531+00:00,socialnetwork-nginx-thrift-1,0.92,25.595740160000002,0.64,50900000.0,67600000.0,14100000.0,4100.0,5.0,,,
2026-10-08 10:18:25.700602531+00:00,socialnetwork-media-frontend-1,0.0,23.530045440000002,0.59,10600.0,126.0,10100000.0,4100.0,17.0,,,
2026-10-08 10:18:25.700602531+00:00,socialnetwork-compose-post-service-1,0.0,6.753878016,0.17,11900.0,126.0,6160000.0,0.0,2.0,,,
2026-10-08 10:18:25.700602531+00:00,socialnetwork-post-storage-service-1,0.22,4.714397696000001,0.12,55400000.0,39600000.0,0.0,0.0,6.0,,,
2026-10-08 10:18:25.700602531+00:00,socialnetwork-media-service-1,0.0,2.0730347520000003,0.05,12100.0,126.0,1120000.0,0.0,2.0,,,
2026-10-08 10:18:25.700602531+00:00,socialnetwork-user-service-1,0.0,7.118782464,0.18,1290000.0,638000.0,5540000.0,0.0,3.0,,,
2026-10-08 10:18:25.700602531+00:00,socialnetwork-home-timeline-service-1,0.02,4.931452928000001,0.12,26100000.0,26000000.0,1890000.0,0.0,5.0,,,
2026-10-08 10:18:25.700602531+00:00,socialnetwork-user-mention-service-1,0.0,2.780823552,0.07,11000.0,126.0,991000.0,0.0,2.0,,,
2026-10-08 10:18:25.700602531+00:00,socialnetwork-unique-id-service-1,0.0,2.080374784,0.05,11700.0,126.0,967000.0,0.0,2.0,,,
2026-10-08 10:18:25.700602531+00:00,socialnetwork-social-graph-service-1,0.0,3.375366144,0.08,1290000.0,638000.0,1710000.0,0.0,3.0,,,
2026-10-08 10:18:25.700602531+00:00,socialnetwork-user-timeline-service-1,0.12,6.66370048,0.17,26500000.0,25600000.0,3620000.0,0.0,6.0,,,
2026-10-08 10:18:25.700602531+00:00,socialnetwork-text-service-1,0.0,2.178940928,0.05,11400.0,126.0,1070000.0,0.0,2.0,,,
2026-10-08 10:18:25.700602531+00:00,socialnetwork-url-shorten-memcached-1,0.01,8.974761983999999,0.22,11800.0,126.0,7470000.0,0.0,10.0,,,
2026-10-08 10:18:25.700602531+00:00,socialnetwork-user-timeline-redis-1,0.18,6.3900221440000005,0.16,517000.0,912000.0,127000.0,0.0,6.0,,,
2026-10-08 10:18:25.700602531+00:00,socialnetwork-media-memcached-1,0.01,2.1663580159999998,0.05,11200.0,126.0,0.0,0.0,10.0,,,
2026-10-08 10:18:25.700602531+00:00,socialnetwork-user-memcached-1,0.01,2.174746624,0.05,11100.0,126.0,0.0,0.0,10.0,,,
2026-10-08 10:18:25.700602531+00:00,socialnetwork-home-timeline-redis-1,0.18,62.73630208,1.57,523000.0,916000.0,35200000.0,0.0,6.0,,,
2026-10-08 10:18:25.700602531+00:00,socialnetwork-post-storage-memcached-1,0.17,8.790212608,0.22,5690000.0,71400000.0,0.0,0.0,10.0,,,
2026-10-08 10:18:25.700602531+00:00,socialnetwork-social-graph-redis-1,0.17,7.492075519999999,0.19,10700.0,126.0,782000.0,0.0,6.0,,,
2026-10-08 10:18:25.700602531+00:00,socialnetwork-jaeger-agent-1,0.01,41.75429632,1.04,1550000.0,258000.0,33000000.0,0.0,8.0,,,
2026-10-08 10:18:25.700602531+00:00,socialnetwork-social-graph-mongodb-1,0.26,86.79063552,2.17,649000.0,1280000.0,25800000.0,85300000.0,34.0,,,
2026-10-08 10:18:25.700602531+00:00,socialnetwork-media-mongodb-1,0.26,63.82682112,1.6,10400.0,126.0,2020000.0,79600000.0,32.0,,,
2026-10-08 10:18:25.700602531+00:00,socialnetwork-user-mongodb-1,0.26,73.26400512000001,1.83,648000.0,1280000.0,12600000.0,85300000.0,34.0,,,
2026-10-08 10:18:25.700602531+00:00,socialnetwork-url-shorten-mongodb-1,0.25,64.4349952,1.61,648000.0,1280000.0,3340000.0,85400000.0,34.0,,,
2026-10-08 10:18:25.700602531+00:00,socialnetwork-post-storage-mongodb-1,0.26,71.86939904,1.8,648000.0,1320000.0,11600000.0,85700000.0,34.0,,,
2026-10-08 10:18:25.700602531+00:00,socialnetwork-user-timeline-mongodb-1,0.23,63.81633536,1.6,648000.0,1280000.0,3370000.0,85400000.0,34.0,,,
2026-10-08 10:18:35.701110601+00:00,socialnetwork-url-shorten-service-1,0.0,2.871001088,0.07,1290000.0,638000.0,971000.0,0.0,3.0,0.0,0.0,0.0
2026-10-08 10:18:35.701110601+00:00,socialnetwork-nginx-thrift-1,0.67,25.85788416,0.65,51300000.0,68100000.0,14100000.0,4100.0,5.0,0.0,0.0,0.0
2026-10-08 10:18:35.701110601+00:00,socialnetwork-media-frontend-1,0.0,23.530045440000002,0.59,10600.0,126.0,10100000.0,4100.0,17.0,0.0,0.0,0.0
2026-10-08 10:18:35.701110601+00:00,socialnetwork-compose-post-service-1,0.0,6.753878016,0.17,11900.0,126.0,6160000.0,0.0,2.0,0.0,0.0,0.0
2026-10-08 10:18:35.701110601+00:00,socialnetwork-post-storage-service-1,0.28,4.948230144,0.12,56000000.0,40000000.0,0.0,0.0,6.0,1.0,1.0,0.0
2026-10-08 10:18:35.701110601+00:00,socialnetwork-media-service-1,0.0,2.0730347520000003,0.05,12100.0,126.0,1120000.0,0.0,2.0,0.0,0.0,0.0
2026-10-08 10:18:35.701110601+00:00,socialnetwork-user-service-1,0.0,7.118782464,0.18,1290000.0,638000.0,5540000.0,0.0,3.0,0.0,0.0,0.0
2026-10-08 10:18:35.701110601+00:00,socialnetwork-home-timeline-service-1,0.02,5.193596928000001,0.13,26300000.0,26200000.0,1890000.0,0.0,5.0,2.0,2.0,0.0
2026-10-08 10:18:35.701110601+00:00,socialnetwork-user-mention-service-1,0.0,2.780823552,0.07,11000.0,126.0,991000.0,0.0,2.0,0.0,0.0,0.0
2026-10-08 10:18:35.701110601+00:00,socialnetwork-unique-id-service-1,0.0,2.080374784,0.05,11700.0,126.0,967000.0,0.0,2.0,0.0,0.0,0.0
2026-10-08 10:18:35.701110601+00:00,socialnetwork-social-graph-service-1,0.0,3.375366144,0.08,1290000.0,638000.0,1710000.0,0.0,3.0,0.0,0.0,0.0
2026-10-08 10:18:35.701110601+00:00,socialnetwork-user-timeline-service-1,0.08,6.66370048,0.17,26700000.0,25800000.0,3620000.0,0.0,6.0,2.0,2.0,0.0
2026-10-08 10:18:35.701110601+00:00,socialnetwork-text-service-1,0.0,2.178940928,0.05,11400.0,126.0,1070000.0,0.0,2.0,0.0,0.0,0.0
2026-10-08 10:18:35.701110601+00:00,socialnetwork-url-shorten-memcached-1,0.01,8.974761983999999,0.22,11800.0,126.0,7470000.0,0.0,10.0,0.0,0.0,0.0
2026-10-08 10:18:35.701110601+00:00,socialnetwork-user-timeline-redis-1,0.17,6.127878144,0.15,520000.0,918000.0,127000.0,0.0,6.0,0.0,0.0,0.0
2026-10-08 10:18:35.701110601+00:00,socialnetwork-media-memcached-1,0.01,2.1663580159999998,0.05,11200.0,126.0,0.0,0.0,10.0,0.0,0.0,0.0
2026-10-08 10:18:35.701110601+00:00,socialnetwork-user-memcached-1,0.01,2.174746624,0.05,11100.0,126.0,0.0,0.0,10.0,0.0,0.0,0.0
2026-10-08 10:18:35.701110601+00:00,socialnetwork-home-timeline-redis-1,0.13,62.99844608,1.58,527000.0,923000.0,35200000.0,0.0,6.0,0.0,0.0,0.0
2026-10-08 10:18:35.701110601+00:00,socialnetwork-post-storage-memcached-1,0.19,9.039773696000001,0.23,5730000.0,71900000.0,0.0,0.0,10.0,0.0,0.0,0.0
2026-10-08 10:18:35.701110601+00:00,socialnetwork-social-graph-redis-1,0.16,7.7542195199999995,0.19,10700.0,126.0,782000.0,0.0,6.0,0.0,0.0,0.0
2026-10-08 10:18:35.701110601+00:00,socialnetwork-jaeger-agent-1,0.03,41.75429632,1.04,1560000.0,260000.0,33000000.0,0.0,8.0,0.0,0.0,0.0
2026-10-08 10:18:35.701110601+00:00,socialnetwork-social-graph-mongodb-1,0.24,86.79063552,2.17,649000.0,1280000.0,25800000.0,85300000.0,34.0,1.0,0.0,0.0
2026-10-08 10:18:35.701110601+00:00,socialnetwork-media-mongodb-1,0.26,63.30253312,1.58,10400.0,126.0,2020000.0,79600000.0,32.0,1.0,0.0,0.0
2026-10-08 10:18:35.701110601+00:00,socialnetwork-user-mongodb-1,0.26,73.00186112,1.83,649000.0,1280000.0,12600000.0,85400000.0,34.0,1.0,0.0,0.0
2026-10-08 10:18:35.701110601+00:00,socialnetwork-url-shorten-mongodb-1,0.29,64.1728512,1.61,648000.0,1280000.0,3340000.0,85400000.0,34.0,1.0,0.0,0.0
2026-10-08 10:18:35.701110601+00:00,socialnetwork-post-storage-mongodb-1,0.28,71.60725504000001,1.79,648000.0,1320000.0,11600000.0,85800000.0,34.0,1.0,0.0,0.0
2026-10-08 10:18:35.701110601+00:00,socialnetwork-user-timeline-mongodb-1,0.26,63.55419136,1.59,648000.0,1280000.0,3370000.0,85400000.0,34.0,1.0,0.0,0.0
2026-10-08 10:18:45.717083216+00:00,socialnetwork-url-shorten-service-1,0.0,2.871001088,0.07,1290000.0,638000.0,971000.0,0.0,3.0,,,
2026-10-08 10:18:45.717083216+00:00,socialnetwork-nginx-thrift-1,0.28,25.71108352,0.64,51600000.0,68500000.0,14100000.0,4100.0,5.0,,,
2026-10-08 10:18:45.717083216+00:00,socialnetwork-media-frontend-1,0.0,23.530045440000002,0.59,10600.0,126.0,10100000.0,4100.0,17.0,,,
2026-10-08 10:18:45.717083216+00:00,socialnetwork-compose-post-service-1,0.0,6.753878016,0.17,11900.0,126.0,6160000.0,0.0,2.0,,,
2026-10-08 10:18:45.717083216+00:00,socialnetwork-post-storage-service-1,0.08,4.64519168,0.12,56400000.0,40300000.0,0.0,0.0,4.0,,,
2026-10-08 10:18:45.717083216+00:00,socialnetwork-media-service-1,0.0,2.0730347520000003,0.05,12100.0,126.0,1120000.0,0.0,2.0,,,
2026-10-08 10:18:45.717083216+00:00,socialnetwork-user-service-1,0.0,7.118782464,0.18,1290000.0,638000.0,5540000.0,0.0,3.0,,,
2026-10-08 10:18:45.717083216+00:00,socialnetwork-home-timeline-service-1,0.03,4.948230144,0.12,26500000.0,26300000.0,1890000.0,0.0,5.0,,,
2026-10-08 10:18:45.717083216+00:00,socialnetwork-user-mention-service-1,0.0,2.780823552,0.07,11000.0,126.0,991000.0,0.0,2.0,,,
2026-10-08 10:18:45.717083216+00:00,socialnetwork-unique-id-service-1,0.0,2.080374784,0.05,11700.0,126.0,967000.0,0.0,2.0,,,
2026-10-08 10:18:45.717083216+00:00,socialnetwork-social-graph-service-1,0.0,3.375366144,0.08,1290000.0,638000.0,1710000.0,0.0,3.0,,,
2026-10-08 10:18:45.717083216+00:00,socialnetwork-user-timeline-service-1,0.0,6.622806016,0.17,26800000.0,26000000.0,3620000.0,0.0,5.0,,,
2026-10-08 10:18:45.717083216+00:00,socialnetwork-text-service-1,0.0,2.178940928,0.05,11400.0,126.0,1070000.0,0.0,2.0,,,
2026-10-08 10:18:45.717083216+00:00,socialnetwork-url-shorten-memcached-1,0.01,8.974761983999999,0.22,11800.0,126.0,7470000.0,0.0,10.0,,,
2026-10-08 10:18:45.717083216+00:00,socialnetwork-user-timeline-redis-1,0.14,6.3900221440000005,0.16,522000.0,923000.0,127000.0,0.0,6.0,,,
2026-10-08 10:18:45.717083216+00:00,socialnetwork-media-memcached-1,0.01,2.1663580159999998,0.05,11200.0,126.0,0.0,0.0,10.0,,,
2026-10-08 10:18:45.717083216+00:00,socialnetwork-user-memcached-1,0.01,2.174746624,0.05,11100.0,126.0,0.0,0.0,10.0,,,
2026-10-08 10:18:45.717083216+00:00,socialnetwork-home-timeline-redis-1,0.17,62.99844608,1.58,529000.0,927000.0,35200000.0,0.0,6.0,,,
2026-10-08 10:18:45.717083216+00:00,socialnetwork-post-storage-memcached-1,0.12,8.786018303999999,0.22,5770000.0,72300000.0,0.0,0.0,10.0,,,
2026-10-08 10:18:45.717083216+00:00,socialnetwork-social-graph-redis-1,0.15,7.492075519999999,0.19,10700.0,126.0,782000.0,0.0,6.0,,,
2026-10-08 10:18:45.717083216+00:00,socialnetwork-jaeger-agent-1,0.01,41.75429632,1.04,1570000.0,261000.0,33000000.0,0.0,8.0,,,
2026-10-08 10:18:45.717083216+00:00,socialnetwork-social-graph-mongodb-1,0.19,87.05277952,2.18,649000.0,1280000.0,25800000.0,85400000.0,34.0,,,
2026-10-08 10:18:45.717083216+00:00,socialnetwork-media-mongodb-1,0.2,63.56467712,1.59,10400.0,126.0,2020000.0,79600000.0,32.0,,,
2026-10-08 10:18:45.717083216+00:00,socialnetwork-user-mongodb-1,0.23,73.52614912,1.84,649000.0,1280000.0,12600000.0,85400000.0,34.0,,,
2026-10-08 10:18:45.717083216+00:00,socialnetwork-url-shorten-mongodb-1,0.23,64.1728512,1.61,649000.0,1280000.0,3340000.0,85400000.0,34.0,,,
2026-10-08 10:18:45.717083216+00:00,socialnetwork-post-storage-mongodb-1,0.23,72.13154304000001,1.8,648000.0,1320000.0,11600000.0,85800000.0,34.0,,,
2026-10-08 10:18:45.717083216+00:00,socialnetwork-user-timeline-mongodb-1,0.2,63.55419136,1.59,648000.0,1280000.0,3370000.0,85400000.0,34.0,,,
2026-10-08 10:18:55.729029655+00:00,socialnetwork-url-shorten-service-1,0.0,2.871001088,0.07,1290000.0,638000.0,971000.0,0.0,3.0,,,
2026-10-08 10:18:55.729029655+00:00,socialnetwork-nginx-thrift-1,0.89,25.96274176,0.65,52000000.0,69000000.0,14100000.0,4100.0,5.0,,,
2026-10-08 10:18:55.729029655+00:00,socialnetwork-media-frontend-1,0.0,23.530045440000002,0.59,10600.0,126.0,10100000.0,4100.0,17.0,,,
2026-10-08 10:18:55.729029655+00:00,socialnetwork-compose-post-service-1,0.0,6.753878016,0.17,11900.0,126.0,6160000.0,0.0,2.0,,,
2026-10-08 10:18:55.729029655+00:00,socialnetwork-post-storage-service-1,0.22,4.935647232,0.12,57000000.0,40700000.0,0.0,0.0,5.0,,,
2026-10-08 10:18:55.729029655+00:00,socialnetwork-media-service-1,0.0,2.0730347520000003,0.05,12100.0,126.0,1120000.0,0.0,2.0,,,
2026-10-08 10:18:55.729029655+00:00,socialnetwork-user-service-1,0.0,7.118782464,0.18,1290000.0,638000.0,5540000.0,0.0,3.0,,,
2026-10-08 10:18:55.729029655+00:00,socialnetwork-home-timeline-service-1,0.03,4.915724288,0.12,26700000.0,26500000.0,1890000.0,0.0,4.0,,,
2026-10-08 10:18:55.729029655+00:00,socialnetwork-user-mention-service-1,0.0,2.780823552,0.07,11000.0,126.0,991000.0,0.0,2.0,,,
2026-10-08 10:18:55.729029655+00:00,socialnetwork-unique-id-service-1,0.0,2.080374784,0.05,11700.0,126.0,967000.0,0.0,2.0,,,
2026-10-08 10:18:55.729029655+00:00,socialnetwork-social-graph-service-1,0.0,3.375366144,0.08,1290000.0,638000.0,1710000.0,0.0,3.0,,,
2026-10-08 10:18:55.729029655+00:00,socialnetwork-user-timeline-service-1,0.12,6.6270003200000005,0.17,27000000.0,26100000.0,3620000.0,0.0,5.0,,,
2026-10-08 10:18:55.729029655+00:00,socialnetwork-text-service-1,0.0,2.178940928,0.05,11400.0,126.0,1070000.0,0.0,2.0,,,
2026-10-08 10:18:55.729029655+00:00,socialnetwork-url-shorten-memcached-1,0.01,8.974761983999999,0.22,11800.0,126.0,7470000.0,0.0,10.0,,,
2026-10-08 10:18:55.729029655+00:00,socialnetwork-user-timeline-redis-1,0.18,6.132072448,0.15,526000.0,929000.0,127000.0,0.0,6.0,,,
2026-10-08 10:18:55.729029655+00:00,socialnetwork-media-memcached-1,0.01,2.1663580159999998,0.05,11200.0,126.0,0.0,0.0,10.0,,,
2026-10-08 10:18:55.729029655+00:00,socialnetwork-user-memcached-1,0.01,2.174746624,0.05,11100.0,126.0,0.0,0.0,10.0,,,
2026-10-08 10:18:55.729029655+00:00,socialnetwork-home-timeline-redis-1,0.17,62.73630208,1.57,532000.0,933000.0,35200000.0,0.0,6.0,,,
2026-10-08 10:18:55.729029655+00:00,socialnetwork-post-storage-memcached-1,0.22,9.048162304,0.23,5810000.0,72900000.0,0.0,0.0,10.0,,,
2026-10-08 10:18:55.729029655+00:00,socialnetwork-social-graph-redis-1,0.16,7.7542195199999995,0.19,10700.0,126.0,782000.0,0.0,6.0,,,
2026-10-08 10:18:55.729029655+00:00,socialnetwork-jaeger-agent-1,0.01,41.75429632,1.04,1580000.0,263000.0,33000000.0,0.0,8.0,,,
2026-10-08 10:18:55.729029655+00:00,socialnetwork-social-graph-mongodb-1,0.2,86.79063552,2.17,650000.0,1280000.0,25800000.0,85400000.0,34.0,,,
2026-10-08 10:18:55.729029655+00:00,socialnetwork-media-mongodb-1,0.21,63.30253312,1.58,10400.0,126.0,2020000.0,79700000.0,32.0,,,
2026-10-08 10:18:55.729029655+00:00,socialnetwork-user-mongodb-1,0.24,73.00186112,1.83,649000.0,1280000.0,12600000.0,85400000.0,34.0,,,
2026-10-08 10:18:55.729029655+00:00,socialnetwork-url-shorten-mongodb-1,0.24,64.1728512,1.61,649000.0,1280000.0,3340000.0,85400000.0,34.0,,,
2026-10-08 10:18:55.729029655+00:00,socialnetwork-post-storage-mongodb-1,0.24,71.60725504000001,1.79,648000.0,1320000.0,11600000.0,85800000.0,34.0,,,
2026-10-08 10:18:55.729029655+00:00,socialnetwork-user-timeline-mongodb-1,0.22,63.55419136,1.59,649000.0,1280000.0,3370000.0,85400000.0,34.0,,,
2026-10-08 10:19:05.742445230+00:00,socialnetwork-url-shorten-service-1,0.0,2.871001088,0.07,1290000.0,639000.0,971000.0,0.0,3.0,0.0,0.0,0.0
2026-10-08 10:19:05.742445230+00:00,socialnetwork-nginx-thrift-1,1.08,25.71108352,0.64,52400000.0,69600000.0,14100000.0,4100.0,5.0,0.0,0.0,0.0
2026-10-08 10:19:05.742445230+00:00,socialnetwork-media-frontend-1,0.0,23.530045440000002,0.59,10600.0,126.0,10100000.0,4100.0,17.0,0.0,0.0,0.0
2026-10-08 10:19:05.742445230+00:00,socialnetwork-compose-post-service-1,0.0,6.753878016,0.17,11900.0,126.0,6160000.0,0.0,2.0,0.0,0.0,0.0
2026-10-08 10:19:05.742445230+00:00,socialnetwork-post-storage-service-1,0.06,4.746903552,0.12,57500000.0,41100000.0,0.0,0.0,7.0,2.0,2.0,0.0
2026-10-08 10:19:05.742445230+00:00,socialnetwork-media-service-1,0.0,2.0730347520000003,0.05,12100.0,126.0,1120000.0,0.0,2.0,0.0,0.0,0.0
2026-10-08 10:19:05.742445230+00:00,socialnetwork-user-service-1,0.0,7.118782464,0.18,1290000.0,639000.0,5540000.0,0.0,3.0,0.0,0.0,0.0
2026-10-08 10:19:05.742445230+00:00,socialnetwork-home-timeline-service-1,0.08,4.918870016,0.12,26900000.0,26700000.0,1890000.0,0.0,4.0,2.0,2.0,0.0
2026-10-08 10:19:05.742445230+00:00,socialnetwork-user-mention-service-1,0.0,2.780823552,0.07,11000.0,126.0,991000.0,0.0,2.0,0.0,0.0,0.0
2026-10-08 10:19:05.742445230+00:00,socialnetwork-unique-id-service-1,0.0,2.080374784,0.05,11700.0,126.0,967000.0,0.0,2.0,0.0,0.0,0.0
2026-10-08 10:19:05.742445230+00:00,socialnetwork-social-graph-service-1,0.0,3.375366144,0.08,1290000.0,639000.0,1710000.0,0.0,3.0,0.0,0.0,0.0
2026-10-08 10:19:05.742445230+00:00,socialnetwork-user-timeline-service-1,0.08,6.667894784,0.17,27200000.0,26300000.0,3620000.0,0.0,6.0,2.0,2.0,0.0
2026-10-08 10:19:05.742445230+00:00,socialnetwork-text-service-1,0.0,2.178940928,0.05,11400.0,126.0,1070000.0,0.0,2.0,0.0,0.0,0.0
2026-10-08 10:19:05.742445230+00:00,socialnetwork-url-shorten-memcached-1,0.01,8.974761983999999,0.22,11800.0,126.0,7470000.0,0.0,10.0,0.0,0.0,0.0
2026-10-08 10:19:05.742445230+00:00,socialnetwork-user-timeline-redis-1,0.16,6.3900221440000005,0.16,529000.0,935000.0,127000.0,0.0,6.0,0.0,0.0,0.0
2026-10-08 10:19:05.742445230+00:00,socialnetwork-media-memcached-1,0.01,2.1663580159999998,0.05,11200.0,126.0,0.0,0.0,10.0,0.0,0.0,0.0
2026-10-08 10:19:05.742445230+00:00,socialnetwork-user-memcached-1,0.01,2.174746624,0.05,11100.0,126.0,0.0,0.0,10.0,0.0,0.0,0.0
2026-10-08 10:19:05.742445230+00:00,socialnetwork-home-timeline-redis-1,0.17,62.99844608,1.58,536000.0,939000.0,35200000.0,0.0,6.0,0.0,0.0,0.0
2026-10-08 10:19:05.742445230+00:00,socialnetwork-post-storage-memcached-1,0.15,8.790212608,0.22,5850000.0,73400000.0,0.0,0.0,10.0,0.0,0.0,0.0
2026-10-08 10:19:05.742445230+00:00,socialnetwork-social-graph-redis-1,0.16,7.7542195199999995,0.19,10700.0,126.0,782000.0,0.0,6.0,0.0,0.0,0.0
2026-10-08 10:19:05.742445230+00:00,socialnetwork-jaeger-agent-1,0.02,41.75429632,1.04,1590000.0,265000.0,33000000.0,0.0,8.0,0.0,0.0,0.0
2026-10-08 10:19:05.742445230+00:00,socialnetwork-social-graph-mongodb-1,0.24,86.79063552,2.17,650000.0,1280000.0,25800000.0,85400000.0,34.0,0.0,0.0,0.0
2026-10-08 10:19:05.742445230+00:00,socialnetwork-media-mongodb-1,0.22,63.30253312,1.58,10400.0,126.0,2020000.0,79700000.0,32.0,0.0,0.0,0.0
2026-10-08 10:19:05.742445230+00:00,socialnetwork-user-mongodb-1,0.25,73.52614912,1.84,649000.0,1280000.0,12600000.0,85400000.0,34.0,0.0,0.0,0.0
2026-10-08 10:19:05.742445230+00:00,socialnetwork-url-shorten-mongodb-1,0.26,64.4349952,1.61,649000.0,1280000.0,3340000.0,85400000.0,34.0,0.0,0.0,0.0
2026-10-08 10:19:05.742445230+00:00,socialnetwork-post-storage-mongodb-1,0.23,71.86939904,1.8,649000.0,1320000.0,11600000.0,85800000.0,34.0,0.0,0.0,0.0
2026-10-08 10:19:05.742445230+00:00,socialnetwork-user-timeline-mongodb-1,0.24,63.55419136,1.59,649000.0,1280000.0,3370000.0,85400000.0,34.0,0.0,0.0,0.0
2026-10-08 10:19:15.747716665+00:00,socialnetwork-url-shorten-service-1,0.0,2.871001088,0.07,1290000.0,639000.0,971000.0,0.0,3.0,,,
2026-10-08 10:19:15.747716665+00:00,socialnetwork-nginx-thrift-1,0.89,25.71108352,0.64,52700000.0,70000000.0,14100000.0,4100.0,5.0,,,
2026-10-08 10:19:15.747716665+00:00,socialnetwork-media-frontend-1,0.0,23.530045440000002,0.59,10600.0,126.0,10100000.0,4100.0,17.0,,,
2026-10-08 10:19:15.747716665+00:00,socialnetwork-compose-post-service-1,0.0,6.753878016,0.17,11900.0,126.0,6160000.0,0.0,2.0,,,
2026-10-08 10:19:15.747716665+00:00,socialnetwork-post-storage-service-1,0.27,4.68189184,0.12,58000000.0,41400000.0,0.0,0.0,5.0,,,
2026-10-08 10:19:15.747716665+00:00,socialnetwork-media-service-1,0.0,2.0730347520000003,0.05,12100.0,126.0,1120000.0,0.0,2.0,,,
2026-10-08 10:19:15.747716665+00:00,socialnetwork-user-service-1,0.0,7.118782464,0.18,1290000.0,639000.0,5540000.0,0.0,3.0,,,
2026-10-08 10:19:15.747716665+00:00,socialnetwork-home-timeline-service-1,0.06,4.948230144,0.12,27000000.0,26900000.0,1890000.0,0.0,5.0,,,
2026-10-08 10:19:15.747716665+00:00,socialnetwork-user-mention-service-1,0.0,2.780823552,0.07,11000.0,126.0,991000.0,0.0,2.0,,,
2026-10-08 10:19:15.747716665+00:00,socialnetwork-unique-id-service-1,0.0,2.080374784,0.05,11700.0,126.0,967000.0,0.0,2.0,,,
2026-10-08 10:19:15.747716665+00:00,socialnetwork-social-graph-service-1,0.0,3.375366144,0.08,1290000.0,639000.0,1710000.0,0.0,3.0,,,
2026-10-08 10:19:15.747716665+00:00,socialnetwork-user-timeline-service-1,0.08,6.676283392,0.17,27300000.0,26500000.0,3620000.0,0.0,6.0,,,
2026-10-08 10:19:15.747716665+00:00,socialnetwork-text-service-1,0.0,2.178940928,0.05,11400.0,126.0,1070000.0,0.0,2.0,,,
2026-10-08 10:19:15.747716665+00:00,socialnetwork-url-shorten-memcached-1,0.01,8.974761983999999,0.22,11800.0,126.0,7470000.0,0.0,10.0,,,
2026-10-08 10:19:15.747716665+00:00,socialnetwork-user-timeline-redis-1,0.16,6.3900221440000005,0.16,532000.0,940000.0,127000.0,0.0,6.0,,,
2026-10-08 10:19:15.747716665+00:00,socialnetwork-media-memcached-1,0.02,2.1663580159999998,0.05,11200.0,126.0,0.0,0.0,10.0,,,
2026-10-08 10:19:15.747716665+00:00,socialnetwork-user-memcached-1,0.01,2.174746624,0.05,11100.0,126.0,0.0,0.0,10.0,,,
2026-10-08 10:19:15.747716665+00:00,socialnetwork-home-timeline-redis-1,0.18,62.99844608,1.58,538000.0,945000.0,35200000.0,0.0,6.0,,,
2026-10-08 10:19:15.747716665+00:00,socialnetwork-post-storage-memcached-1,0.21,8.790212608,0.22,5880000.0,73900000.0,0.0,0.0,10.0,,,
2026-10-08 10:19:15.747716665+00:00,socialnetwork-social-graph-redis-1,0.19,7.7542195199999995,0.19,10700.0,126.0,782000.0,0.0,6.0,,,
2026-10-08 10:19:15.747716665+00:00,socialnetwork-jaeger-agent-1,0.01,41.75429632,1.04,1600000.0,266000.0,33000000.0,0.0,8.0,,,
2026-10-08 10:19:15.747716665+00:00,socialnetwork-social-graph-mongodb-1,0.2,86.79063552,2.17,650000.0,1280000.0,25800000.0,85400000.0,34.0,,,
2026-10-08 10:19:15.747716665+00:00,socialnetwork-media-mongodb-1,0.24,63.82682112,1.6,10400.0,126.0,2020000.0,79700000.0,32.0,,,
2026-10-08 10:19:15.747716665+00:00,socialnetwork-user-mongodb-1,0.22,73.26400512000001,1.83,649000.0,1280000.0,12600000.0,85400000.0,34.0,,,
2026-10-08 10:19:15.747716665+00:00,socialnetwork-url-shorten-mongodb-1,0.23,64.4349952,1.61,649000.0,1280000.0,3340000.0,85500000.0,34.0,,,
2026-10-08 10:19:15.747716665+00:00,socialnetwork-post-storage-mongodb-1,0.23,71.86939904,1.8,649000.0,1320000.0,11600000.0,85800000.0,34.0,,,
2026-10-08 10:19:15.747716665+00:00,socialnetwork-user-timeline-mongodb-1,0.26,63.55419136,1.59,649000.0,1280000.0,3370000.0,85500000.0,34.0,,,
2026-10-08 10:19:25.759213686+00:00,socialnetwork-url-shorten-service-1,0.0,2.871001088,0.07,1290000.0,639000.0,971000.0,0.0,3.0,,,
2026-10-08 10:19:25.759213686+00:00,socialnetwork-nginx-thrift-1,1.0,25.72156928,0.64,53100000.0,70500000.0,14100000.0,4100.0,5.0,,,
2026-10-08 10:19:25.759213686+00:00,socialnetwork-media-frontend-1,0.0,23.530045440000002,0.59,10600.0,126.0,10100000.0,4100.0,17.0,,,
2026-10-08 10:19:25.759213686+00:00,socialnetwork-compose-post-service-1,0.0,6.753878016,0.17,11900.0,126.0,6160000.0,0.0,2.0,,,
2026-10-08 10:19:25.759213686+00:00,socialnetwork-post-storage-service-1,0.25,4.963958784,0.12,58500000.0,41800000.0,0.0,0.0,6.0,,,
2026-10-08 10:19:25.759213686+00:00,socialnetwork-media-service-1,0.0,2.0730347520000003,0.05,12100.0,126.0,1120000.0,0.0,2.0,,,
2026-10-08 10:19:25.759213686+00:00,socialnetwork-user-service-1,0.0,7.118782464,0.18,1290000.0,639000.0,5540000.0,0.0,3.0,,,
2026-10-08 10:19:25.759213686+00:00,socialnetwork-home-timeline-service-1,0.09,4.984930304,0.12,27200000.0,27000000.0,1890000.0,0.0,6.0,,,
2026-10-08 10:19:25.759213686+00:00,socialnetwork-user-mention-service-1,0.0,2.780823552,0.07,11000.0,126.0,991000.0,0.0,2.0,,,
2026-10-08 10:19:25.759213686+00:00,socialnetwork-unique-id-service-1,0.0,2.080374784,0.05,11700.0,126.0,967000.0,0.0,2.0,,,
2026-10-08 10:19:25.759213686+00:00,socialnetwork-social-graph-service-1,0.0,3.375366144,0.08,1290000.0,639000.0,1710000.0,0.0,3.0,,,
2026-10-08 10:19:25.759213686+00:00,socialnetwork-user-timeline-service-1,0.04,6.934233088,0.17,27500000.0,26700000.0,3620000.0,0.0,6.0,,,
2026-10-08 10:19:25.759213686+00:00,socialnetwork-text-service-1,0.0,2.178940928,0.05,11400.0,126.0,1070000.0,0.0,2.0,,,
2026-10-08 10:19:25.759213686+00:00,socialnetwork-url-shorten-memcached-1,0.01,8.974761983999999,0.22,11800.0,126.0,7470000.0,0.0,10.0,,,
2026-10-08 10:19:25.759213686+00:00,socialnetwork-user-timeline-redis-1,0.19,6.127878144,0.15,535000.0,945000.0,127000.0,0.0,6.0,,,
2026-10-08 10:19:25.759213686+00:00,socialnetwork-media-memcached-1,0.01,2.1663580159999998,0.05,11200.0,126.0,0.0,0.0,10.0,,,
2026-10-08 10:19:25.759213686+00:00,socialnetwork-user-memcached-1,0.01,2.174746624,0.05,11100.0,126.0,0.0,0.0,10.0,,,
2026-10-08 10:19:25.759213686+00:00,socialnetwork-home-timeline-redis-1,0.16,62.99844608,1.58,542000.0,950000.0,35200000.0,0.0,6.0,,,
2026-10-08 10:19:25.759213686+00:00,socialnetwork-post-storage-memcached-1,0.22,9.048162304,0.23,5920000.0,74400000.0,0.0,0.0,10.0,,,
2026-10-08 10:19:25.759213686+00:00,socialnetwork-social-graph-redis-1,0.15,7.492075519999999,0.19,10700.0,126.0,782000.0,0.0,6.0,,,
2026-10-08 10:19:25.759213686+00:00,socialnetwork-jaeger-agent-1,0.01,41.75429632,1.04,1610000.0,267000.0,33000000.0,0.0,8.0,,,
2026-10-08 10:19:25.759213686+00:00,socialnetwork-social-graph-mongodb-1,0.27,86.79063552,2.17,650000.0,1280000.0,25800000.0,85500000.0,34.0,,,
2026-10-08 10:19:25.759213686+00:00,socialnetwork-media-mongodb-1,0.23,63.56467712,1.59,10400.0,126.0,2020000.0,79800000.0,32.0,,,
2026-10-08 10:19:25.759213686+00:00,socialnetwork-user-mongodb-1,0.25,73.00186112,1.83,650000.0,1280000.0,12600000.0,85500000.0,34.0,,,
2026-10-08 10:19:25.759213686+00:00,socialnetwork-url-shorten-mongodb-1,0.26,64.1728512,1.61,649000.0,1280000.0,3340000.0,85500000.0,34.0,,,
2026-10-08 10:19:25.759213686+00:00,socialnetwork-post-storage-mongodb-1,0.25,71.60725504000001,1.79,649000.0,1320000.0,11600000.0,85900000.0,34.0,,,
2026-10-08 10:19:25.759213686+00:00,socialnetwork-user-timeline-mongodb-1,0.28,63.81633536,1.6,649000.0,1280000.0,3370000.0,85500000.0,34.0,,,
2026-10-08 10:19:35.767433882+00:00,socialnetwork-url-shorten-service-1,0.0,2.871001088,0.07,1290000.0,639000.0,971000.0,0.0,3.0,0.0,0.0,0.0
2026-10-08 10:19:35.767433882+00:00,socialnetwork-nginx-thrift-1,0.87,25.70059776,0.64,53400000.0,71000000.0,14100000.0,4100.0,5.0,0.0,0.0,0.0
2026-10-08 10:19:35.767433882+00:00,socialnetwork-media-frontend-1,0.0,23.530045440000002,0.59,10600.0,126.0,10100000.0,4100.0,17.0,0.0,0.0,0.0
2026-10-08 10:19:35.767433882+00:00,socialnetwork-compose-post-service-1,0.0,6.753878016,0.17,11900.0,126.0,6160000.0,0.0,2.0,0.0,0.0,0.0
2026-10-08 10:19:35.767433882+00:00,socialnetwork-post-storage-service-1,0.26,4.677697536,0.12,59100000.0,42200000.0,0.0,0.0,5.0,1.0,1.0,0.0
2026-10-08 10:19:35.767433882+00:00,socialnetwork-media-service-1,0.0,2.0730347520000003,0.05,12100.0,126.0,1120000.0,0.0,2.0,0.0,0.0,0.0
2026-10-08 10:19:35.767433882+00:00,socialnetwork-user-service-1,0.0,7.118782464,0.18,1290000.0,639000.0,5540000.0,0.0,3.0,0.0,0.0,0.0
2026-10-08 10:19:35.767433882+00:00,socialnetwork-home-timeline-service-1,0.07,4.911529984,0.12,27400000.0,27200000.0,1890000.0,0.0,4.0,2.0,2.0,0.0
2026-10-08 10:19:35.767433882+00:00,socialnetwork-user-mention-service-1,0.0,2.780823552,0.07,11000.0,126.0,991000.0,0.0,2.0,0.0,0.0,0.0
2026-10-08 10:19:35.767433882+00:00,socialnetwork-unique-id-service-1,0.0,2.080374784,0.05,11700.0,126.0,967000.0,0.0,2.0,0.0,0.0,0.0
2026-10-08 10:19:35.767433882+00:00,socialnetwork-social-graph-service-1,0.0,3.375366144,0.08,1290000.0,639000.0,1710000.0,0.0,3.0,0.0,0.0,0.0
2026-10-08 10:19:35.767433882+00:00,socialnetwork-user-timeline-service-1,0.03,6.643777536,0.17,27700000.0,26800000.0,3620000.0,0.0,5.0,2.0,2.0,0.0
2026-10-08 10:19:35.767433882+00:00,socialnetwork-text-service-1,0.0,2.178940928,0.05,11400.0,126.0,1070000.0,0.0,2.0,0.0,0.0,0.0
2026-10-08 10:19:35.767433882+00:00,socialnetwork-url-shorten-memcached-1,0.01,8.974761983999999,0.22,11800.0,126.0,7470000.0,0.0,10.0,0.0,0.0,0.0
2026-10-08 10:19:35.767433882+00:00,socialnetwork-user-timeline-redis-1,0.16,6.127878144,0.15,538000.0,952000.0,127000.0,0.0,6.0,0.0,0.0,0.0
2026-10-08 10:19:35.767433882+00:00,socialnetwork-media-memcached-1,0.01,2.1663580159999998,0.05,11200.0,126.0,0.0,0.0,10.0,0.0,0.0,0.0
2026-10-08 10:19:35.767433882+00:00,socialnetwork-user-memcached-1,0.01,2.174746624,0.05,11100.0,126.0,0.0,0.0,10.0,0.0,0.0,0.0
2026-10-08 10:19:35.767433882+00:00,socialnetwork-home-timeline-redis-1,0.15,62.73630208,1.57,545000.0,956000.0,35200000.0,0.0,6.0,0.0,0.0,0.0
2026-10-08 10:19:35.767433882+00:00,socialnetwork-post-storage-memcached-1,0.23,8.790212608,0.22,5970000.0,74900000.0,0.0,0.0,10.0,0.0,0.0,0.0
2026-10-08 10:19:35.767433882+00:00,socialnetwork-social-graph-redis-1,0.13,7.7542195199999995,0.19,10700.0,126.0,782000.0,0.0,6.0,0.0,0.0,0.0
2026-10-08 10:19:35.767433882+00:00,socialnetwork-jaeger-agent-1,0.02,41.75429632,1.04,1620000.0,269000.0,33000000.0,0.0,8.0,0.0,0.0,0.0
2026-10-08 10:19:35.767433882+00:00,socialnetwork-social-graph-mongodb-1,0.22,87.05277952,2.18,650000.0,1280000.0,25800000.0,85500000.0,34.0,1.0,0.0,0.0
2026-10-08 10:19:35.767433882+00:00,socialnetwork-media-mongodb-1,0.22,63.56467712,1.59,10400.0,126.0,2020000.0,79800000.0,32.0,1.0,0.0,0.0
2026-10-08 10:19:35.767433882+00:00,socialnetwork-user-mongodb-1,0.22,73.26400512000001,1.83,650000.0,1280000.0,12600000.0,85500000.0,34.0,1.0,0.0,0.0
2026-10-08 10:19:35.767433882+00:00,socialnetwork-url-shorten-mongodb-1,0.26,64.4349952,1.61,650000.0,1280000.0,3340000.0,85500000.0,34.0,1.0,0.0,0.0
2026-10-08 10:19:35.767433882+00:00,socialnetwork-post-storage-mongodb-1,0.25,71.60725504000001,1.79,649000.0,1320000.0,11600000.0,85900000.0,34.0,1.0,0.0,0.0
2026-10-08 10:19:35.767433882+00:00,socialnetwork-user-timeline-mongodb-1,0.21,63.81633536,1.6,649000.0,1280000.0,3370000.0,85500000.0,34.0,1.0,0.0,0.0
2026-10-08 10:19:45.774472237+00:00,socialnetwork-url-shorten-service-1,0.0,2.871001088,0.07,1290000.0,639000.0,971000.0,0.0,3.0,,,
2026-10-08 10:19:45.774472237+00:00,socialnetwork-nginx-thrift-1,0.87,25.952256,0.65,53800000.0,71400000.0,14100000.0,4100.0,5.0,,,
2026-10-08 10:19:45.774472237+00:00,socialnetwork-media-frontend-1,0.0,23.530045440000002,0.59,10600.0,126.0,10100000.0,4100.0,17.0,,,
2026-10-08 10:19:45.774472237+00:00,socialnetwork-compose-post-service-1,0.0,6.753878016,0.17,11900.0,126.0,6160000.0,0.0,2.0,,,
2026-10-08 10:19:45.774472237+00:00,socialnetwork-post-storage-service-1,0.25,4.677697536,0.12,59500000.0,42500000.0,0.0,0.0,5.0,,,
2026-10-08 10:19:45.774472237+00:00,socialnetwork-media-service-1,0.0,2.0730347520000003,0.05,12100.0,126.0,1120000.0,0.0,2.0,,,
2026-10-08 10:19:45.774472237+00:00,socialnetwork-user-service-1,0.0,7.118782464,0.18,1290000.0,639000.0,5540000.0,0.0,3.0,,,
2026-10-08 10:19:45.774472237+00:00,socialnetwork-home-timeline-service-1,0.09,4.94403584,0.12,27600000.0,27400000.0,1890000.0,0.0,5.0,,,
2026-10-08 10:19:45.774472237+00:00,socialnetwork-user-mention-service-1,0.0,2.780823552,0.07,11000.0,126.0,991000.0,0.0,2.0,,,
2026-10-08 10:19:45.774472237+00:00,socialnetwork-unique-id-service-1,0.0,2.080374784,0.05,11700.0,126.0,967000.0,0.0,2.0,,,
2026-10-08 10:19:45.774472237+00:00,socialnetwork-social-graph-service-1,0.0,3.375366144,0.08,1290000.0,639000.0,1710000.0,0.0,3.0,,,
2026-10-08 10:19:45.774472237+00:00,socialnetwork-user-timeline-service-1,0.04,6.643777536,0.17,27800000.0,27000000.0,3620000.0,0.0,5.0,,,
2026-10-08 10:19:45.774472237+00:00,socialnetwork-text-service-1,0.0,2.178940928,0.05,11400.0,126.0,1070000.0,0.0,2.0,,,
2026-10-08 10:19:45.774472237+00:00,socialnetwork-url-shorten-memcached-1,0.01,8.974761983999999,0.22,11800.0,126.0,7470000.0,0.0,10.0,,,
2026-10-08 10:19:45.774472237+00:00,socialnetwork-user-timeline-redis-1,0.15,6.3900221440000005,0.16,541000.0,957000.0,127000.0,0.0,6.0,,,
2026-10-08 10:19:45.774472237+00:00,socialnetwork-media-memcached-1,0.01,2.1663580159999998,0.05,11200.0,126.0,0.0,0.0,10.0,,,
2026-10-08 10:19:45.774472237+00:00,socialnetwork-user-memcached-1,0.01,2.174746624,0.05,11100.0,126.0,0.0,0.0,10.0,,,
2026-10-08 10:19:45.774472237+00:00,socialnetwork-home-timeline-redis-1,0.19,62.99844608,1.58,548000.0,962000.0,35200000.0,0.0,6.0,,,
2026-10-08 10:19:45.774472237+00:00,socialnetwork-post-storage-memcached-1,0.19,8.786018303999999,0.22,6000000.0,75400000.0,0.0,0.0,10.0,,,
2026-10-08 10:19:45.774472237+00:00,socialnetwork-social-graph-redis-1,0.15,7.492075519999999,0.19,10700.0,126.0,782000.0,0.0,6.0,,,
2026-10-08 10:19:45.774472237+00:00,socialnetwork-jaeger-agent-1,0.01,41.75429632,1.04,1630000.0,270000.0,33000000.0,0.0,8.0,,,
2026-10-08 10:19:45.774472237+00:00,socialnetwork-social-graph-mongodb-1,0.22,87.05277952,2.18,651000.0,1280000.0,25800000.0,85500000.0,34.0,,,
2026-10-08 10:19:45.774472237+00:00,socialnetwork-media-mongodb-1,0.22,63.82682112,1.6,10400.0,126.0,2020000.0,79800000.0,32.0,,,
2026-10-08 10:19:45.774472237+00:00,socialnetwork-user-mongodb-1,0.24,73.26400512000001,1.83,650000.0,1280000.0,12600000.0,85500000.0,34.0,,,
2026-10-08 10:19:45.774472237+00:00,socialnetwork-url-shorten-mongodb-1,0.25,64.4349952,1.61,650000.0,1280000.0,3340000.0,85600000.0,34.0,,,
2026-10-08 10:19:45.774472237+00:00,socialnetwork-post-storage-mongodb-1,0.25,71.60725504000001,1.79,649000.0,1320000.0,11600000.0,85900000.0,34.0,,,
2026-10-08 10:19:45.774472237+00:00,socialnetwork-user-timeline-mongodb-1,0.23,63.55419136,1.59,650000.0,1280000.0,3370000.0,85600000.0,34.0,,,
2026-10-08 10:19:55.779344320+00:00,socialnetwork-url-shorten-service-1,0.0,2.871001088,0.07,1290000.0,640000.0,971000.0,0.0,3.0,,,
2026-10-08 10:19:55.779344320+00:00,socialnetwork-nginx-thrift-1,1.07,25.71108352,0.64,54100000.0,71900000.0,14100000.0,4100.0,5.0,,,
2026-10-08 10:19:55.779344320+00:00,socialnetwork-media-frontend-1,0.0,23.530045440000002,0.59,10600.0,126.0,10100000.0,4100.0,17.0,,,
2026-10-08 10:19:55.779344320+00:00,socialnetwork-compose-post-service-1,0.0,6.753878016,0.17,11900.0,126.0,6160000.0,0.0,2.0,,,
2026-10-08 10:19:55.779344320+00:00,socialnetwork-post-storage-service-1,0.24,4.746903552,0.12,60100000.0,42900000.0,0.0,0.0,7.0,,,
2026-10-08 10:19:55.779344320+00:00,socialnetwork-media-service-1,0.0,2.0730347520000003,0.05,12100.0,126.0,1120000.0,0.0,2.0,,,
2026-10-08 10:19:55.779344320+00:00,socialnetwork-user-service-1,0.0,7.118782464,0.18,1290000.0,640000.0,5540000.0,0.0,3.0,,,
2026-10-08 10:19:55.779344320+00:00,socialnetwork-home-timeline-service-1,0.05,4.948230144,0.12,27800000.0,27600000.0,1890000.0,0.0,5.0,,,
2026-10-08 10:19:55.779344320+00:00,socialnetwork-user-mention-service-1,0.0,2.780823552,0.07,11000.0,126.0,991000.0,0.0,2.0,,,
2026-10-08 10:19:55.779344320+00:00,socialnetwork-unique-id-service-1,0.0,2.080374784,0.05,11700.0,126.0,967000.0,0.0,2.0,,,
2026-10-08 10:19:55.779344320+00:00,socialnetwork-social-graph-service-1,0.0,3.375366144,0.08,1290000.0,640000.0,1710000.0,0.0,3.0,,,
2026-10-08 10:19:55.779344320+00:00,socialnetwork-user-timeline-service-1,0.11,6.6804776960000005,0.17,28000000.0,27200000.0,3620000.0,0.0,6.0,,,
2026-10-08 10:19:55.779344320+00:00,socialnetwork-text-service-1,0.0,2.178940928,0.05,11400.0,126.0,1070000.0,0.0,2.0,,,
2026-10-08 10:19:55.779344320+00:00,socialnetwork-url-shorten-memcached-1,0.01,8.974761983999999,0.22,11800.0,126.0,7470000.0,0.0,10.0,,,
2026-10-08 10:19:55.779344320+00:00,socialnetwork-user-timeline-redis-1,0.19,6.127878144,0.15,544000.0,963000.0,127000.0,0.0,6.0,,,
2026-10-08 10:19:55.779344320+00:00,socialnetwork-media-memcached-1,0.01,2.1663580159999998,0.05,11200.0,126.0,0.0,0.0,10.0,,,
2026-10-08 10:19:55.779344320+00:00,socialnetwork-user-memcached-1,0.01,2.174746624,0.05,11100.0,126.0,0.0,0.0,10.0,,,
2026-10-08 10:19:55.779344320+00:00,socialnetwork-home-timeline-redis-1,0.18,63.25010432,1.58,551000.0,967000.0,35200000.0,0.0,6.0,,,
2026-10-08 10:19:55.779344320+00:00,socialnetwork-post-storage-memcached-1,0.19,8.790212608,0.22,6040000.0,75900000.0,0.0,0.0,10.0,,,
2026-10-08 10:19:55.779344320+00:00,socialnetwork-social-graph-redis-1,0.17,7.7542195199999995,0.19,10700.0,126.0,782000.0,0.0,6.0,,,
2026-10-08 10:19:55.779344320+00:00,socialnetwork-jaeger-agent-1,0.02,41.75429632,1.04,1640000.0,273000.0,33000000.0,0.0,8.0,,,
2026-10-08 10:19:55.779344320+00:00,socialnetwork-social-graph-mongodb-1,0.26,86.79063552,2.17,651000.0,1280000.0,25800000.0,85500000.0,34.0,,,
2026-10-08 10:19:55.779344320+00:00,socialnetwork-media-mongodb-1,0.25,63.82682112,1.6,10400.0,126.0,2020000.0,79800000.0,32.0,,,
2026-10-08 10:19:55.779344320+00:00,socialnetwork-user-mongodb-1,0.27,73.00186112,1.83,650000.0,1280000.0,12600000.0,85600000.0,34.0,,,
2026-10-08 10:19:55.779344320+00:00,socialnetwork-url-shorten-mongodb-1,0.26,64.4349952,1.61,650000.0,1280000.0,3340000.0,85600000.0,34.0,,,
2026-10-08 10:19:55.779344320+00:00,socialnetwork-post-storage-mongodb-1,0.26,71.60725504000001,1.79,650000.0,1320000.0,11600000.0,85900000.0,34.0,,,
2026-10-08 10:19:55.779344320+00:00,socialnetwork-user-timeline-mongodb-1,0.21,63.81633536,1.6,650000.0,1280000.0,3370000.0,85600000.0,34.0,,,
2026-10-08 10:20:05.793468475+00:00,socialnetwork-url-shorten-service-1,0.0,2.871001088,0.07,1290000.0,640000.0,971000.0,0.0,3.0,0.0,0.0,0.0
2026-10-08 10:20:05.793468475+00:00,socialnetwork-nginx-thrift-1,0.8,25.71108352,0.64,54500000.0,72400000.0,14100000.0,4100.0,5.0,0.0,0.0,0.0
2026-10-08 10:20:05.793468475+00:00,socialnetwork-media-frontend-1,0.0,23.530045440000002,0.59,10600.0,126.0,10100000.0,4100.0,17.0,0.0,0.0,0.0
2026-10-08 10:20:05.793468475+00:00,socialnetwork-compose-post-service-1,0.0,6.753878016,0.17,11900.0,126.0,6160000.0,0.0,2.0,0.0,0.0,0.0
2026-10-08 10:20:05.793468475+00:00,socialnetwork-post-storage-service-1,0.26,4.710203392,0.12,60600000.0,43300000.0,0.0,0.0,6.0,2.0,2.0,0.0
2026-10-08 10:20:05.793468475+00:00,socialnetwork-media-service-1,0.0,2.0730347520000003,0.05,12100.0,126.0,1120000.0,0.0,2.0,0.0,0.0,0.0
2026-10-08 10:20:05.793468475+00:00,socialnetwork-user-service-1,0.0,7.118782464,0.18,1290000.0,640000.0,5540000.0,0.0,3.0,0.0,0.0,0.0
2026-10-08 10:20:05.793468475+00:00,socialnetwork-home-timeline-service-1,0.02,5.165285376,0.13,28000000.0,27800000.0,1890000.0,0.0,4.0,2.0,2.0,0.0
2026-10-08 10:20:05.793468475+00:00,socialnetwork-user-mention-service-1,0.0,2.780823552,0.07,11000.0,126.0,991000.0,0.0,2.0,0.0,0.0,0.0
2026-10-08 10:20:05.793468475+00:00,socialnetwork-unique-id-service-1,0.0,2.080374784,0.05,11700.0,126.0,967000.0,0.0,2.0,0.0,0.0,0.0
2026-10-08 10:20:05.793468475+00:00,socialnetwork-social-graph-service-1,0.0,3.375366144,0.08,1290000.0,640000.0,1710000.0,0.0,3.0,0.0,0.0,0.0
2026-10-08 10:20:05.793468475+00:00,socialnetwork-user-timeline-service-1,0.11,6.6804776960000005,0.17,28200000.0,27400000.0,3620000.0,0.0,6.0,2.0,2.0,0.0
2026-10-08 10:20:05.793468475+00:00,socialnetwork-text-service-1,0.0,2.178940928,0.05,11400.0,126.0,1070000.0,0.0,2.0,0.0,0.0,0.0
2026-10-08 10:20:05.793468475+00:00,socialnetwork-url-shorten-memcached-1,0.01,8.974761983999999,0.22,11800.0,126.0,7470000.0,0.0,10.0,0.0,0.0,0.0
2026-10-08 10:20:05.793468475+00:00,socialnetwork-user-timeline-redis-1,0.2,6.3900221440000005,0.16,547000.0,969000.0,127000.0,0.0,6.0,0.0,0.0,0.0
2026-10-08 10:20:05.793468475+00:00,socialnetwork-media-memcached-1,0.01,2.1663580159999998,0.05,11200.0,126.0,0.0,0.0,10.0,0.0,0.0,0.0
2026-10-08 10:20:05.793468475+00:00,socialnetwork-user-memcached-1,0.01,2.174746624,0.05,11100.0,126.0,0.0,0.0,10.0,0.0,0.0,0.0
2026-10-08 10:20:05.793468475+00:00,socialnetwork-home-timeline-redis-1,0.18,62.99844608,1.58,554000.0,973000.0,35200000.0,0.0,6.0,0.0,0.0,0.0
2026-10-08 10:20:05.793468475+00:00,socialnetwork-post-storage-memcached-1,0.21,8.790212608,0.22,6090000.0,76400000.0,0.0,0.0,10.0,0.0,0.0,0.0
2026-10-08 10:20:05.793468475+00:00,socialnetwork-social-graph-redis-1,0.15,7.7542195199999995,0.19,10700.0,126.0,782000.0,0.0,6.0,0.0,0.0,0.0
2026-10-08 10:20:05.793468475+00:00,socialnetwork-jaeger-agent-1,0.03,41.75429632,1.04,1650000.0,274000.0,33000000.0,0.0,8.0,0.0,0.0,0.0
2026-10-08 10:20:05.793468475+00:00,socialnetwork-social-graph-mongodb-1,0.24,86.79063552,2.17,651000.0,1280000.0,25800000.0,85600000.0,34.0,0.0,0.0,0.0
2026-10-08 10:20:05.793468475+00:00,socialnetwork-media-mongodb-1,0.27,63.56467712,1.59,10400.0,126.0,2020000.0,79800000.0,32.0,0.0,0.0,0.0
2026-10-08 10:20:05.793468475+00:00,socialnetwork-user-mongodb-1,0.23,73.26400512000001,1.83,650000.0,1280000.0,12600000.0,85600000.0,34.0,0.0,0.0,0.0
2026-10-08 10:20:05.793468475+00:00,socialnetwork-url-shorten-mongodb-1,0.26,64.4349952,1.61,650000.0,1280000.0,3340000.0,85600000.0,34.0,0.0,0.0,0.0
2026-10-08 10:20:05.793468475+00:00,socialnetwork-post-storage-mongodb-1,0.25,71.60725504000001,1.79,650000.0,1320000.0,11600000.0,86000000.0,34.0,0.0,0.0,0.0
2026-10-08 10:20:05.793468475+00:00,socialnetwork-user-timeline-mongodb-1,0.26,64.07847936,1.6,650000.0,1280000.0,3370000.0,85600000.0,34.0,0.0,0.0,0.0
2026-10-08 10:20:15.810319185+00:00,socialnetwork-url-shorten-service-1,0.0,2.871001088,0.07,1290000.0,640000.0,971000.0,0.0,3.0,,,
2026-10-08 10:20:15.810319185+00:00,socialnetwork-nginx-thrift-1,0.99,25.71108352,0.64,54800000.0,72900000.0,14100000.0,4100.0,5.0,,,
2026-10-08 10:20:15.810319185+00:00,socialnetwork-media-frontend-1,0.0,23.530045440000002,0.59,10600.0,126.0,10100000.0,4100.0,17.0,,,
2026-10-08 10:20:15.810319185+00:00,socialnetwork-compose-post-service-1,0.0,6.753878016,0.17,11900.0,126.0,6160000.0,0.0,2.0,,,
2026-10-08 10:20:15.810319185+00:00,socialnetwork-post-storage-service-1,0.27,4.677697536,0.12,61100000.0,43700000.0,0.0,0.0,5.0,,,
2026-10-08 10:20:15.810319185+00:00,socialnetwork-media-service-1,0.0,2.0730347520000003,0.05,12100.0,126.0,1120000.0,0.0,2.0,,,
2026-10-08 10:20:15.810319185+00:00,socialnetwork-user-service-1,0.0,7.118782464,0.18,1290000.0,640000.0,5540000.0,0.0,3.0,,,
2026-10-08 10:20:15.810319185+00:00,socialnetwork-home-timeline-service-1,0.04,4.94403584,0.12,28100000.0,27900000.0,1890000.0,0.0,5.0,,,
2026-10-08 10:20:15.810319185+00:00,socialnetwork-user-mention-service-1,0.0,2.780823552,0.07,11000.0,126.0,991000.0,0.0,2.0,,,
2026-10-08 10:20:15.810319185+00:00,socialnetwork-unique-id-service-1,0.0,2.080374784,0.05,11700.0,126.0,967000.0,0.0,2.0,,,
2026-10-08 10:20:15.810319185+00:00,socialnetwork-social-graph-service-1,0.0,3.375366144,0.08,1290000.0,640000.0,1710000.0,0.0,3.0,,,
2026-10-08 10:20:15.810319185+00:00,socialnetwork-user-timeline-service-1,0.11,6.676283392,0.17,28400000.0,27500000.0,3620000.0,0.0,6.0,,,
2026-10-08 10:20:15.810319185+00:00,socialnetwork-text-service-1,0.0,2.178940928,0.05,11400.0,126.0,1070000.0,0.0,2.0,,,
2026-10-08 10:20:15.810319185+00:00,socialnetwork-url-shorten-memcached-1,0.01,8.974761983999999,0.22,11800.0,126.0,7470000.0,0.0,10.0,,,
2026-10-08 10:20:15.810319185+00:00,socialnetwork-user-timeline-redis-1,0.18,6.3900221440000005,0.16,550000.0,974000.0,127000.0,0.0,6.0,,,
2026-10-08 10:20:15.810319185+00:00,socialnetwork-media-memcached-1,0.01,2.1663580159999998,0.05,11200.0,126.0,0.0,0.0,10.0,,,
2026-10-08 10:20:15.810319185+00:00,socialnetwork-user-memcached-1,0.01,2.174746624,0.05,11100.0,126.0,0.0,0.0,10.0,,,
2026-10-08 10:20:15.810319185+00:00,socialnetwork-home-timeline-redis-1,0.14,62.99844608,1.58,557000.0,979000.0,35200000.0,0.0,6.0,,,
2026-10-08 10:20:15.810319185+00:00,socialnetwork-post-storage-memcached-1,0.17,8.790212608,0.22,6120000.0,76900000.0,0.0,0.0,10.0,,,
2026-10-08 10:20:15.810319185+00:00,socialnetwork-social-graph-redis-1,0.13,7.7542195199999995,0.19,10700.0,126.0,782000.0,0.0,6.0,,,
2026-10-08 10:20:15.810319185+00:00,socialnetwork-jaeger-agent-1,0.01,41.75429632,1.04,1660000.0,276000.0,33000000.0,0.0,8.0,,,
2026-10-08 10:20:15.810319185+00:00,socialnetwork-social-graph-mongodb-1,0.23,87.05277952,2.18,651000.0,1280000.0,25800000.0,85600000.0,34.0,,,
2026-10-08 10:20:15.810319185+00:00,socialnetwork-media-mongodb-1,0.23,63.56467712,1.59,10400.0,126.0,2020000.0,79800000.0,32.0,,,
2026-10-08 10:20:15.810319185+00:00,socialnetwork-user-mongodb-1,0.27,73.00186112,1.83,651000.0,1280000.0,12600000.0,85600000.0,34.0,,,
2026-10-08 10:20:15.810319185+00:00,socialnetwork-url-shorten-mongodb-1,0.25,64.4349952,1.61,650000.0,1280000.0,3340000.0,85600000.0,34.0,,,
2026-10-08 10:20:15.810319185+00:00,socialnetwork-post-storage-mongodb-1,0.27,71.86939904,1.8,650000.0,1320000.0,11600000.0,86000000.0,34.0,,,
2026-10-08 10:20:15.810319185+00:00,socialnetwork-user-timeline-mongodb-1,0.27,63.81633536,1.6,650000.0,1280000.0,3370000.0,85600000.0,34.0,,,
2026-10-08 10:20:25.821182728+00:00,socialnetwork-url-shorten-service-1,0.0,2.871001088,0.07,1290000.0,640000.0,971000.0,0.0,3.0,,,
2026-10-08 10:20:25.821182728+00:00,socialnetwork-nginx-thrift-1,0.84,25.75302656,0.64,55200000.0,73300000.0,14100000.0,4100.0,5.0,,,
2026-10-08 10:20:25.821182728+00:00,socialnetwork-media-frontend-1,0.0,23.530045440000002,0.59,10600.0,126.0,10100000.0,4100.0,17.0,,,
2026-10-08 10:20:25.821182728+00:00,socialnetwork-compose-post-service-1,0.0,6.753878016,0.17,11900.0,126.0,6160000.0,0.0,2.0,,,
2026-10-08 10:20:25.821182728+00:00,socialnetwork-post-storage-service-1,0.32,5.004853248,0.13,61600000.0,44100000.0,0.0,0.0,7.0,,,
2026-10-08 10:20:25.821182728+00:00,socialnetwork-media-service-1,0.0,2.0730347520000003,0.05,12100.0,126.0,1120000.0,0.0,2.0,,,
2026-10-08 10:20:25.821182728+00:00,socialnetwork-user-service-1,0.0,7.118782464,0.18,1290000.0,640000.0,5540000.0,0.0,3.0,,,
2026-10-08 10:20:25.821182728+00:00,socialnetwork-home-timeline-service-1,0.1,5.214568448,0.13,28300000.0,28100000.0,1890000.0,0.0,5.0,,,
2026-10-08 10:20:25.821182728+00:00,socialnetwork-user-mention-service-1,0.0,2.780823552,0.07,11000.0,126.0,991000.0,0.0,2.0,,,
2026-10-08 10:20:25.821182728+00:00,socialnetwork-unique-id-service-1,0.0,2.080374784,0.05,11700.0,126.0,967000.0,0.0,2.0,,,
2026-10-08 10:20:25.821182728+00:00,socialnetwork-social-graph-service-1,0.0,3.375366144,0.08,1290000.0,640000.0,1710000.0,0.0,3.0,,,
2026-10-08 10:20:25.821182728+00:00,socialnetwork-user-timeline-service-1,0.05,6.6804776960000005,0.17,28600000.0,27700000.0,3620000.0,0.0,6.0,,,
2026-10-08 10:20:25.821182728+00:00,socialnetwork-text-service-1,0.0,2.178940928,0.05,11400.0,126.0,1070000.0,0.0,2.0,,,
2026-10-08 10:20:25.821182728+00:00,socialnetwork-url-shorten-memcached-1,0.01,8.974761983999999,0.22,11800.0,126.0,7470000.0,0.0,10.0,,,
2026-10-08 10:20:25.821182728+00:00,socialnetwork-user-timeline-redis-1,0.16,6.127878144,0.15,553000.0,980000.0,127000.0,0.0,6.0,,,
2026-10-08 10:20:25.821182728+00:00,socialnetwork-media-memcached-1,0.01,2.1663580159999998,0.05,11200.0,126.0,0.0,0.0,10.0,,,
2026-10-08 10:20:25.821182728+00:00,socialnetwork-user-memcached-1,0.01,2.174746624,0.05,11100.0,126.0,0.0,0.0,10.0,,,
2026-10-08 10:20:25.821182728+00:00,socialnetwork-home-timeline-redis-1,0.14,62.73630208,1.57,560000.0,985000.0,35200000.0,0.0,6.0,,,
2026-10-08 10:20:25.821182728+00:00,socialnetwork-post-storage-memcached-1,0.19,9.048162304,0.23,6160000.0,77400000.0,0.0,0.0,10.0,,,
2026-10-08 10:20:25.821182728+00:00,socialnetwork-social-graph-redis-1,0.17,7.492075519999999,0.19,10700.0,126.0,782000.0,0.0,6.0,,,
2026-10-08 10:20:25.821182728+00:00,socialnetwork-jaeger-agent-1,0.01,41.75429632,1.04,1680000.0,277000.0,33000000.0,0.0,8.0,,,
2026-10-08 10:20:25.821182728+00:00,socialnetwork-social-graph-mongodb-1,0.23,86.79063552,2.17,651000.0,1280000.0,25800000.0,85600000.0,34.0,,,
2026-10-08 10:20:25.821182728+00:00,socialnetwork-media-mongodb-1,0.22,63.56467712,1.59,10400.0,126.0,2020000.0,79900000.0,32.0,,,
2026-10-08 10:20:25.821182728+00:00,socialnetwork-user-mongodb-1,0.22,73.00186112,1.83,651000.0,1280000.0,12600000.0,85700000.0,34.0,,,
2026-10-08 10:20:25.821182728+00:00,socialnetwork-url-shorten-mongodb-1,0.24,64.1728512,1.61,650000.0,1280000.0,3340000.0,85700000.0,34.0,,,
2026-10-08 10:20:25.821182728+00:00,socialnetwork-post-storage-mongodb-1,0.27,71.60725504000001,1.79,650000.0,1320000.0,11600000.0,86100000.0,34.0,,,
2026-10-08 10:20:25.821182728+00:00,socialnetwork-user-timeline-mongodb-1,0.24,63.81633536,1.6,650000.0,1280000.0,3370000.0,85700000.0,34.0,,,
2026-10-08 10:20:35.837462425+00:00,socialnetwork-url-shorten-service-1,0.0,2.871001088,0.07,1290000.0,640000.0,971000.0,0.0,3.0,0.0,0.0,0.0
2026-10-08 10:20:35.837462425+00:00,socialnetwork-nginx-thrift-1,1.1,25.71108352,0.64,55600000.0,73900000.0,14100000.0,4100.0,5.0,0.0,0.0,0.0
2026-10-08 10:20:35.837462425+00:00,socialnetwork-media-frontend-1,0.0,23.530045440000002,0.59,10600.0,126.0,10100000.0,4100.0,17.0,0.0,0.0,0.0
2026-10-08 10:20:35.837462425+00:00,socialnetwork-compose-post-service-1,0.0,6.753878016,0.17,11900.0,126.0,6160000.0,0.0,2.0,0.0,0.0,0.0
2026-10-08 10:20:35.837462425+00:00,socialnetwork-post-storage-service-1,0.26,4.710203392,0.12,62200000.0,44500000.0,0.0,0.0,6.0,1.0,1.0,0.0
2026-10-08 10:20:35.837462425+00:00,socialnetwork-media-service-1,0.0,2.0730347520000003,0.05,12100.0,126.0,1120000.0,0.0,2.0,0.0,0.0,0.0
2026-10-08 10:20:35.837462425+00:00,socialnetwork-user-service-1,0.0,7.118782464,0.18,1290000.0,640000.0,5540000.0,0.0,3.0,0.0,0.0,0.0
2026-10-08 10:20:35.837462425+00:00,socialnetwork-home-timeline-service-1,0.1,4.911529984,0.12,28500000.0,28300000.0,1890000.0,0.0,4.0,2.0,2.0,0.0
2026-10-08 10:20:35.837462425+00:00,socialnetwork-user-mention-service-1,0.0,2.780823552,0.07,11000.0,126.0,991000.0,0.0,2.0,0.0,0.0,0.0
2026-10-08 10:20:35.837462425+00:00,socialnetwork-unique-id-service-1,0.0,2.080374784,0.05,11700.0,126.0,967000.0,0.0,2.0,0.0,0.0,0.0
2026-10-08 10:20:35.837462425+00:00,socialnetwork-social-graph-service-1,0.0,3.375366144,0.08,1290000.0,640000.0,1710000.0,0.0,3.0,0.0,0.0,0.0
2026-10-08 10:20:35.837462425+00:00,socialnetwork-user-timeline-service-1,0.05,6.647971839999999,0.17,28800000.0,27900000.0,3620000.0,0.0,5.0,2.0,2.0,0.0
2026-10-08 10:20:35.837462425+00:00,socialnetwork-text-service-1,0.0,2.178940928,0.05,11400.0,126.0,1070000.0,0.0,2.0,0.0,0.0,0.0
2026-10-08 10:20:35.837462425+00:00,socialnetwork-url-shorten-memcached-1,0.01,8.974761983999999,0.22,11800.0,126.0,7470000.0,0.0,10.0,0.0,0.0,0.0
2026-10-08 10:20:35.837462425+00:00,socialnetwork-user-timeline-redis-1,0.13,6.3900221440000005,0.16,556000.0,986000.0,127000.0,0.0,6.0,0.0,0.0,0.0
2026-10-08 10:20:35.837462425+00:00,socialnetwork-media-memcached-1,0.01,2.1663580159999998,0.05,11200.0,126.0,0.0,0.0,10.0,0.0,0.0,0.0
2026-10-08 10:20:35.837462425+00:00,socialnetwork-user-memcached-1,0.01,2.174746624,0.05,11100.0,126.0,0.0,0.0,10.0,0.0,0.0,0.0
2026-10-08 10:20:35.837462425+00:00,socialnetwork-home-timeline-redis-1,0.15,62.73630208,1.57,563000.0,991000.0,35200000.0,0.0,6.0,0.0,0.0,0.0
2026-10-08 10:20:35.837462425+00:00,socialnetwork-post-storage-memcached-1,0.2,9.039773696000001,0.23,6210000.0,78000000.0,0.0,0.0,10.0,0.0,0.0,0.0
2026-10-08 10:20:35.837462425+00:00,socialnetwork-social-graph-redis-1,0.17,7.7542195199999995,0.19,10700.0,126.0,782000.0,0.0,6.0,0.0,0.0,0.0
2026-10-08 10:20:35.837462425+00:00,socialnetwork-jaeger-agent-1,0.02,41.75429632,1.04,1690000.0,279000.0,33000000.0,0.0,8.0,0.0,0.0,0.0
2026-10-08 10:20:35.837462425+00:00,socialnetwork-social-graph-mongodb-1,0.28,86.79063552,2.17,652000.0,1280000.0,25800000.0,85700000.0,34.0,1.0,0.0,0.0
2026-10-08 10:20:35.837462425+00:00,socialnetwork-media-mongodb-1,0.29,63.30253312,1.58,10400.0,126.0,2020000.0,79900000.0,32.0,1.0,0.0,0.0
2026-10-08 10:20:35.837462425+00:00,socialnetwork-user-mongodb-1,0.27,73.00186112,1.83,651000.0,1280000.0,12600000.0,85700000.0,34.0,1.0,0.0,0.0
2026-10-08 10:20:35.837462425+00:00,socialnetwork-url-shorten-mongodb-1,0.29,64.4349952,1.61,651000.0,1280000.0,3340000.0,85700000.0,34.0,1.0,0.0,0.0
2026-10-08 10:20:35.837462425+00:00,socialnetwork-post-storage-mongodb-1,0.32,71.86939904,1.8,651000.0,1320000.0,11600000.0,86100000.0,34.0,1.0,0.0,0.0
2026-10-08 10:20:35.837462425+00:00,socialnetwork-user-timeline-mongodb-1,0.26,63.55419136,1.59,650000.0,1280000.0,3370000.0,85700000.0,34.0,1.0,0.0,0.0
2026-10-08 10:20:45.838336706+00:00,socialnetwork-url-shorten-service-1,0.0,2.871001088,0.07,1290000.0,641000.0,971000.0,0.0,3.0,,,
2026-10-08 10:20:45.838336706+00:00,socialnetwork-nginx-thrift-1,0.69,25.71108352,0.64,55900000.0,74300000.0,14100000.0,4100.0,5.0,,,
2026-10-08 10:20:45.838336706+00:00,socialnetwork-media-frontend-1,0.0,23.530045440000002,0.59,10600.0,126.0,10100000.0,4100.0,17.0,,,
2026-10-08 10:20:45.838336706+00:00,socialnetwork-compose-post-service-1,0.0,6.753878016,0.17,11900.0,126.0,6160000.0,0.0,2.0,,,
2026-10-08 10:20:45.838336706+00:00,socialnetwork-post-storage-service-1,0.14,5.234491392,0.13,62700000.0,44800000.0,0.0,0.0,6.0,,,
2026-10-08 10:20:45.838336706+00:00,socialnetwork-media-service-1,0.0,2.0730347520000003,0.05,12100.0,126.0,1120000.0,0.0,2.0,,,
2026-10-08 10:20:45.838336706+00:00,socialnetwork-user-service-1,0.0,7.118782464,0.18,1290000.0,640000.0,5540000.0,0.0,3.0,,,
2026-10-08 10:20:45.838336706+00:00,socialnetwork-home-timeline-service-1,0.03,5.177868288,0.13,28700000.0,28500000.0,1890000.0,0.0,4.0,,,
2026-10-08 10:20:45.838336706+00:00,socialnetwork-user-mention-service-1,0.0,2.780823552,0.07,11000.0,126.0,991000.0,0.0,2.0,,,
2026-10-08 10:20:45.838336706+00:00,socialnetwork-unique-id-service-1,0.0,2.080374784,0.05,11700.0,126.0,967000.0,0.0,2.0,,,
2026-10-08 10:20:45.838336706+00:00,socialnetwork-social-graph-service-1,0.0,3.375366144,0.08,1290000.0,641000.0,1710000.0,0.0,3.0,,,
2026-10-08 10:20:45.838336706+00:00,socialnetwork-user-timeline-service-1,0.05,6.905921536,0.17,28900000.0,28100000.0,3620000.0,0.0,5.0,,,
2026-10-08 10:20:45.838336706+00:00,socialnetwork-text-service-1,0.0,2.178940928,0.05,11400.0,126.0,1070000.0,0.0,2.0,,,
2026-10-08 10:20:45.838336706+00:00,socialnetwork-url-shorten-memcached-1,0.01,8.974761983999999,0.22,11800.0,126.0,7470000.0,0.0,10.0,,,
2026-10-08 10:20:45.838336706+00:00,socialnetwork-user-timeline-redis-1,0.14,6.127878144,0.15,559000.0,991000.0,127000.0,0.0,6.0,,,
2026-10-08 10:20:45.838336706+00:00,socialnetwork-media-memcached-1,0.01,2.1663580159999998,0.05,11200.0,126.0,0.0,0.0,10.0,,,
2026-10-08 10:20:45.838336706+00:00,socialnetwork-user-memcached-1,0.01,2.174746624,0.05,11100.0,126.0,0.0,0.0,10.0,,,
2026-10-08 10:20:45.838336706+00:00,socialnetwork-home-timeline-redis-1,0.14,62.73630208,1.57,566000.0,996000.0,35200000.0,0.0,6.0,,,
2026-10-08 10:20:45.838336706+00:00,socialnetwork-post-storage-memcached-1,0.21,9.043968,0.23,6240000.0,78400000.0,0.0,0.0,10.0,,,
2026-10-08 10:20:45.838336706+00:00,socialnetwork-social-graph-redis-1,0.16,7.7542195199999995,0.19,10700.0,126.0,782000.0,0.0,6.0,,,
2026-10-08 10:20:45.838336706+00:00,socialnetwork-jaeger-agent-1,0.01,41.75429632,1.04,1690000.0,279000.0,33000000.0,0.0,8.0,,,
2026-10-08 10:20:45.838336706+00:00,socialnetwork-social-graph-mongodb-1,0.24,86.79063552,2.17,652000.0,1280000.0,25800000.0,85700000.0,34.0,,,
2026-10-08 10:20:45.838336706+00:00,socialnetwork-media-mongodb-1,0.21,63.30253312,1.58,10400.0,126.0,2020000.0,79900000.0,32.0,,,
2026-10-08 10:20:45.838336706+00:00,socialnetwork-user-mongodb-1,0.24,73.00186112,1.83,651000.0,1280000.0,12600000.0,85700000.0,34.0,,,
2026-10-08 10:20:45.838336706+00:00,socialnetwork-url-shorten-mongodb-1,0.23,64.1728512,1.61,651000.0,1280000.0,3340000.0,85700000.0,34.0,,,
2026-10-08 10:20:45.838336706+00:00,socialnetwork-post-storage-mongodb-1,0.22,71.60725504000001,1.79,651000.0,1320000.0,11600000.0,86100000.0,34.0,,,
2026-10-08 10:20:45.838336706+00:00,socialnetwork-user-timeline-mongodb-1,0.2,63.55419136,1.59,651000.0,1280000.0,3370000.0,85700000.0,34.0,,,
2026-10-08 10:20:55.839740515+00:00,socialnetwork-url-shorten-service-1,0.0,2.871001088,0.07,1290000.0,641000.0,971000.0,0.0,3.0,,,
2026-10-08 10:20:55.839740515+00:00,socialnetwork-nginx-thrift-1,1.14,25.71108352,0.64,56200000.0,74800000.0,14100000.0,4100.0,5.0,,,
2026-10-08 10:20:55.839740515+00:00,socialnetwork-media-frontend-1,0.0,23.530045440000002,0.59,10600.0,126.0,10100000.0,4100.0,17.0,,,
2026-10-08 10:20:55.839740515+00:00,socialnetwork-compose-post-service-1,0.0,6.753878016,0.17,11900.0,126.0,6160000.0,0.0,2.0,,,
2026-10-08 10:20:55.839740515+00:00,socialnetwork-post-storage-service-1,0.27,4.718592,0.12,63200000.0,45200000.0,0.0,0.0,6.0,,,
2026-10-08 10:20:55.839740515+00:00,socialnetwork-media-service-1,0.0,2.0730347520000003,0.05,12100.0,126.0,1120000.0,0.0,2.0,,,
2026-10-08 10:20:55.839740515+00:00,socialnetwork-user-service-1,0.0,7.118782464,0.18,1290000.0,641000.0,5540000.0,0.0,3.0,,,
2026-10-08 10:20:55.839740515+00:00,socialnetwork-home-timeline-service-1,0.08,4.915724288,0.12,28900000.0,28700000.0,1890000.0,0.0,4.0,,,
2026-10-08 10:20:55.839740515+00:00,socialnetwork-user-mention-service-1,0.0,2.780823552,0.07,11000.0,126.0,991000.0,0.0,2.0,,,
2026-10-08 10:20:55.839740515+00:00,socialnetwork-unique-id-service-1,0.0,2.080374784,0.05,11700.0,126.0,967000.0,0.0,2.0,,,
2026-10-08 10:20:55.839740515+00:00,socialnetwork-social-graph-service-1,0.0,3.375366144,0.08,1290000.0,641000.0,1710000.0,0.0,3.0,,,
2026-10-08 10:20:55.839740515+00:00,socialnetwork-user-timeline-service-1,0.04,6.676283392,0.17,29100000.0,28200000.0,3620000.0,0.0,6.0,,,
2026-10-08 10:20:55.839740515+00:00,socialnetwork-text-service-1,0.0,2.178940928,0.05,11400.0,126.0,1070000.0,0.0,2.0,,,
2026-10-08 10:20:55.839740515+00:00,socialnetwork-url-shorten-memcached-1,0.01,8.974761983999999,0.22,11800.0,126.0,7470000.0,0.0,10.0,,,
2026-10-08 10:20:55.839740515+00:00,socialnetwork-user-timeline-redis-1,0.15,6.652166144000001,0.17,562000.0,997000.0,127000.0,0.0,6.0,,,
2026-10-08 10:20:55.839740515+00:00,socialnetwork-media-memcached-1,0.01,2.1663580159999998,0.05,11200.0,126.0,0.0,0.0,10.0,,,
2026-10-08 10:20:55.839740515+00:00,socialnetwork-user-memcached-1,0.01,2.174746624,0.05,11100.0,126.0,0.0,0.0,10.0,,,
2026-10-08 10:20:55.839740515+00:00,socialnetwork-home-timeline-redis-1,0.17,62.99844608,1.58,569000.0,1000000.0,35200000.0,0.0,6.0,,,
2026-10-08 10:20:55.839740515+00:00,socialnetwork-post-storage-memcached-1,0.24,9.043968,0.23,6280000.0,78900000.0,0.0,0.0,10.0,,,
2026-10-08 10:20:55.839740515+00:00,socialnetwork-social-graph-redis-1,0.18,7.7542195199999995,0.19,10700.0,126.0,782000.0,0.0,6.0,,,
2026-10-08 10:20:55.839740515+00:00,socialnetwork-jaeger-agent-1,0.01,41.75429632,1.04,1710000.0,282000.0,33000000.0,0.0,8.0,,,
2026-10-08 10:20:55.839740515+00:00,socialnetwork-social-graph-mongodb-1,0.26,86.79063552,2.17,652000.0,1280000.0,25800000.0,85700000.0,34.0,,,
2026-10-08 10:20:55.839740515+00:00,socialnetwork-media-mongodb-1,0.24,63.56467712,1.59,10400.0,126.0,2020000.0,80000000.0,32.0,,,
2026-10-08 10:20:55.839740515+00:00,socialnetwork-user-mongodb-1,0.25,73.26400512000001,1.83,651000.0,1280000.0,12600000.0,85700000.0,34.0,,,
2026-10-08 10:20:55.839740515+00:00,socialnetwork-url-shorten-mongodb-1,0.27,64.1728512,1.61,651000.0,1280000.0,3340000.0,85800000.0,34.0,,,
2026-10-08 10:20:55.839740515+00:00,socialnetwork-post-storage-mongodb-1,0.26,71.60725504000001,1.79,651000.0,1320000.0,11600000.0,86100000.0,34.0,,,
2026-10-08 10:20:55.839740515+00:00,socialnetwork-user-timeline-mongodb-1,0.24,63.81633536,1.6,651000.0,1280000.0,3370000.0,85800000.0,34.0,,,
2026-10-08 10:21:05.841577530+00:00,socialnetwork-url-shorten-service-1,0.0,2.871001088,0.07,1290000.0,641000.0,971000.0,0.0,3.0,0.0,0.0,0.0
2026-10-08 10:21:05.841577530+00:00,socialnetwork-nginx-thrift-1,0.23,25.73205504,0.64,56300000.0,74900000.0,14100000.0,4100.0,5.0,0.0,0.0,0.0
2026-10-08 10:21:05.841577530+00:00,socialnetwork-media-frontend-1,0.0,23.530045440000002,0.59,10600.0,126.0,10100000.0,4100.0,17.0,0.0,0.0,0.0
2026-10-08 10:21:05.841577530+00:00,socialnetwork-compose-post-service-1,0.0,6.753878016,0.17,11900.0,126.0,6160000.0,0.0,2.0,0.0,0.0,0.0
2026-10-08 10:21:05.841577530+00:00,socialnetwork-post-storage-service-1,0.07,4.677697536,0.12,63300000.0,45200000.0,0.0,0.0,5.0,2.0,2.0,0.0
2026-10-08 10:21:05.841577530+00:00,socialnetwork-media-service-1,0.0,2.0730347520000003,0.05,12100.0,126.0,1120000.0,0.0,2.0,0.0,0.0,0.0
2026-10-08 10:21:05.841577530+00:00,socialnetwork-user-service-1,0.0,7.118782464,0.18,1290000.0,641000.0,5540000.0,0.0,3.0,0.0,0.0,0.0
2026-10-08 10:21:05.841577530+00:00,socialnetwork-home-timeline-service-1,0.03,5.173673984000001,0.13,28900000.0,28700000.0,1890000.0,0.0,4.0,2.0,2.0,0.0
2026-10-08 10:21:05.841577530+00:00,socialnetwork-user-mention-service-1,0.0,2.780823552,0.07,11000.0,126.0,991000.0,0.0,2.0,0.0,0.0,0.0
2026-10-08 10:21:05.841577530+00:00,socialnetwork-unique-id-service-1,0.0,2.080374784,0.05,11700.0,126.0,967000.0,0.0,2.0,0.0,0.0,0.0
2026-10-08 10:21:05.841577530+00:00,socialnetwork-social-graph-service-1,0.0,3.375366144,0.08,1290000.0,641000.0,1710000.0,0.0,3.0,0.0,0.0,0.0
2026-10-08 10:21:05.841577530+00:00,socialnetwork-user-timeline-service-1,0.0,6.688866303999999,0.17,29100000.0,28300000.0,3620000.0,0.0,6.0,1.0,1.0,0.0
2026-10-08 10:21:05.841577530+00:00,socialnetwork-text-service-1,0.0,2.178940928,0.05,11400.0,126.0,1070000.0,0.0,2.0,0.0,0.0,0.0
2026-10-08 10:21:05.841577530+00:00,socialnetwork-url-shorten-memcached-1,0.01,8.974761983999999,0.22,11800.0,126.0,7470000.0,0.0,10.0,0.0,0.0,0.0
2026-10-08 10:21:05.841577530+00:00,socialnetwork-user-timeline-redis-1,0.11,6.127878144,0.15,562000.0,997000.0,127000.0,0.0,6.0,0.0,0.0,0.0
2026-10-08 10:21:05.841577530+00:00,socialnetwork-media-memcached-1,0.02,2.1663580159999998,0.05,11200.0,126.0,0.0,0.0,10.0,0.0,0.0,0.0
2026-10-08 10:21:05.841577530+00:00,socialnetwork-user-memcached-1,0.01,2.174746624,0.05,11100.0,126.0,0.0,0.0,10.0,0.0,0.0,0.0
2026-10-08 10:21:05.841577530+00:00,socialnetwork-home-timeline-redis-1,0.13,62.99844608,1.58,570000.0,1000000.0,35200000.0,0.0,6.0,0.0,0.0,0.0
2026-10-08 10:21:05.841577530+00:00,socialnetwork-post-storage-memcached-1,0.05,8.786018303999999,0.22,6290000.0,79000000.0,0.0,0.0,10.0,0.0,0.0,0.0
2026-10-08 10:21:05.841577530+00:00,socialnetwork-social-graph-redis-1,0.16,7.492075519999999,0.19,10700.0,126.0,782000.0,0.0,6.0,0.0,0.0,0.0
2026-10-08 10:21:05.841577530+00:00,socialnetwork-jaeger-agent-1,0.02,41.75429632,1.04,1720000.0,283000.0,33000000.0,0.0,8.0,0.0,0.0,0.0
2026-10-08 10:21:05.841577530+00:00,socialnetwork-social-graph-mongodb-1,0.27,86.79063552,2.17,652000.0,1280000.0,25800000.0,85700000.0,34.0,0.0,0.0,0.0
2026-10-08 10:21:05.841577530+00:00,socialnetwork-media-mongodb-1,0.25,63.30253312,1.58,10400.0,126.0,2020000.0,80000000.0,32.0,0.0,0.0,0.0
2026-10-08 10:21:05.841577530+00:00,socialnetwork-user-mongodb-1,0.27,73.52614912,1.84,651000.0,1280000.0,12600000.0,85700000.0,34.0,0.0,0.0,0.0
2026-10-08 10:21:05.841577530+00:00,socialnetwork-url-shorten-mongodb-1,0.27,64.4349952,1.61,651000.0,1280000.0,3340000.0,85800000.0,34.0,0.0,0.0,0.0
2026-10-08 10:21:05.841577530+00:00,socialnetwork-post-storage-mongodb-1,0.27,71.86939904,1.8,651000.0,1320000.0,11600000.0,86100000.0,34.0,0.0,0.0,0.0
2026-10-08 10:21:05.841577530+00:00,socialnetwork-user-timeline-mongodb-1,0.27,64.07847936,1.6,651000.0,1280000.0,3370000.0,85800000.0,34.0,0.0,0.0,0.0
2026-10-08 10:21:15.848854303+00:00,socialnetwork-url-shorten-service-1,0.0,2.871001088,0.07,1290000.0,641000.0,971000.0,0.0,3.0,,,
2026-10-08 10:21:15.848854303+00:00,socialnetwork-nginx-thrift-1,0.0,25.994199039999998,0.65,56400000.0,74900000.0,14100000.0,4100.0,5.0,,,
2026-10-08 10:21:15.848854303+00:00,socialnetwork-media-frontend-1,0.0,23.530045440000002,0.59,10600.0,126.0,10100000.0,4100.0,17.0,,,
2026-10-08 10:21:15.848854303+00:00,socialnetwork-compose-post-service-1,0.0,6.753878016,0.17,11900.0,126.0,6160000.0,0.0,2.0,,,
2026-10-08 10:21:15.848854303+00:00,socialnetwork-post-storage-service-1,0.01,4.677697536,0.12,63300000.0,45300000.0,0.0,0.0,5.0,,,
2026-10-08 10:21:15.848854303+00:00,socialnetwork-media-service-1,0.0,2.0730347520000003,0.05,12100.0,126.0,1120000.0,0.0,2.0,,,
2026-10-08 10:21:15.848854303+00:00,socialnetwork-user-service-1,0.0,7.118782464,0.18,1290000.0,641000.0,5540000.0,0.0,3.0,,,
2026-10-08 10:21:15.848854303+00:00,socialnetwork-home-timeline-service-1,0.0,4.915724288,0.12,29000000.0,28800000.0,1890000.0,0.0,4.0,,,
2026-10-08 10:21:15.848854303+00:00,socialnetwork-user-mention-service-1,0.0,2.780823552,0.07,11000.0,126.0,991000.0,0.0,2.0,,,
2026-10-08 10:21:15.848854303+00:00,socialnetwork-unique-id-service-1,0.0,2.080374784,0.05,11700.0,126.0,967000.0,0.0,2.0,,,
2026-10-08 10:21:15.848854303+00:00,socialnetwork-social-graph-service-1,0.0,3.375366144,0.08,1290000.0,641000.0,1710000.0,0.0,3.0,,,
2026-10-08 10:21:15.848854303+00:00,socialnetwork-user-timeline-service-1,0.0,6.688866303999999,0.17,29100000.0,28300000.0,3620000.0,0.0,6.0,,,
2026-10-08 10:21:15.848854303+00:00,socialnetwork-text-service-1,0.0,2.178940928,0.05,11400.0,126.0,1070000.0,0.0,2.0,,,
2026-10-08 10:21:15.848854303+00:00,socialnetwork-url-shorten-memcached-1,0.01,8.974761983999999,0.22,11800.0,126.0,7470000.0,0.0,10.0,,,
2026-10-08 10:21:15.848854303+00:00,socialnetwork-user-timeline-redis-1,0.19,6.3900221440000005,0.16,562000.0,997000.0,127000.0,0.0,6.0,,,
2026-10-08 10:21:15.848854303+00:00,socialnetwork-media-memcached-1,0.01,2.1663580159999998,0.05,11200.0,126.0,0.0,0.0,10.0,,,
2026-10-08 10:21:15.848854303+00:00,socialnetwork-user-memcached-1,0.01,2.174746624,0.05,11100.0,126.0,0.0,0.0,10.0,,,
2026-10-08 10:21:15.848854303+00:00,socialnetwork-home-timeline-redis-1,0.15,62.73630208,1.57,571000.0,1000000.0,35200000.0,0.0,6.0,,,
2026-10-08 10:21:15.848854303+00:00,socialnetwork-post-storage-memcached-1,0.03,8.786018303999999,0.22,6290000.0,79000000.0,0.0,0.0,10.0,,,
2026-10-08 10:21:15.848854303+00:00,socialnetwork-social-graph-redis-1,0.17,7.7542195199999995,0.19,10700.0,126.0,782000.0,0.0,6.0,,,
2026-10-08 10:21:15.848854303+00:00,socialnetwork-jaeger-agent-1,0.02,41.75429632,1.04,1730000.0,284000.0,33000000.0,0.0,8.0,,,
2026-10-08 10:21:15.848854303+00:00,socialnetwork-social-graph-mongodb-1,0.23,87.05277952,2.18,652000.0,1280000.0,25800000.0,85700000.0,34.0,,,
2026-10-08 10:21:15.848854303+00:00,socialnetwork-media-mongodb-1,0.22,63.56467712,1.59,10400.0,126.0,2020000.0,80000000.0,32.0,,,
2026-10-08 10:21:15.848854303+00:00,socialnetwork-user-mongodb-1,0.26,73.26400512000001,1.83,652000.0,1280000.0,12600000.0,85800000.0,34.0,,,
2026-10-08 10:21:15.848854303+00:00,socialnetwork-url-shorten-mongodb-1,0.28,64.69713920000001,1.62,651000.0,1280000.0,3340000.0,85800000.0,34.0,,,
2026-10-08 10:21:15.848854303+00:00,socialnetwork-post-storage-mongodb-1,0.26,71.60725504000001,1.79,651000.0,1320000.0,11600000.0,86200000.0,34.0,,,
2026-10-08 10:21:15.848854303+00:00,socialnetwork-user-timeline-mongodb-1,0.23,63.81633536,1.6,651000.0,1280000.0,3370000.0,85800000.0,34.0,,,
2026-10-08 10:21:25.863488436+00:00,socialnetwork-url-shorten-service-1,0.0,2.871001088,0.07,1290000.0,641000.0,971000.0,0.0,3.0,,,
2026-10-08 10:21:25.863488436+00:00,socialnetwork-nginx-thrift-1,0.0,25.73205504,0.64,56400000.0,75000000.0,14100000.0,4100.0,5.0,,,
2026-10-08 10:21:25.863488436+00:00,socialnetwork-media-frontend-1,0.0,23.530045440000002,0.59,10600.0,126.0,10100000.0,4100.0,17.0,,,
2026-10-08 10:21:25.863488436+00:00,socialnetwork-compose-post-service-1,0.0,6.753878016,0.17,11900.0,126.0,6160000.0,0.0,2.0,,,
2026-10-08 10:21:25.863488436+00:00,socialnetwork-post-storage-service-1,0.0,4.677697536,0.12,63400000.0,45300000.0,0.0,0.0,5.0,,,
2026-10-08 10:21:25.863488436+00:00,socialnetwork-media-service-1,0.0,2.0730347520000003,0.05,12100.0,126.0,1120000.0,0.0,2.0,,,
2026-10-08 10:21:25.863488436+00:00,socialnetwork-user-service-1,0.0,7.118782464,0.18,1290000.0,641000.0,5540000.0,0.0,3.0,,,
2026-10-08 10:21:25.863488436+00:00,socialnetwork-home-timeline-service-1,0.0,4.915724288,0.12,29000000.0,28800000.0,1890000.0,0.0,4.0,,,
2026-10-08 10:21:25.863488436+00:00,socialnetwork-user-mention-service-1,0.0,2.780823552,0.07,11000.0,126.0,991000.0,0.0,2.0,,,
2026-10-08 10:21:25.863488436+00:00,socialnetwork-unique-id-service-1,0.0,2.080374784,0.05,11700.0,126.0,967000.0,0.0,2.0,,,
2026-10-08 10:21:25.863488436+00:00,socialnetwork-social-graph-service-1,0.0,3.375366144,0.08,1290000.0,641000.0,1710000.0,0.0,3.0,,,
2026-10-08 10:21:25.863488436+00:00,socialnetwork-user-timeline-service-1,0.0,6.688866303999999,0.17,29100000.0,28300000.0,3620000.0,0.0,6.0,,,
2026-10-08 10:21:25.863488436+00:00,socialnetwork-text-service-1,0.0,2.178940928,0.05,11400.0,126.0,1070000.0,0.0,2.0,,,
2026-10-08 10:21:25.863488436+00:00,socialnetwork-url-shorten-memcached-1,0.01,8.974761983999999,0.22,11800.0,126.0,7470000.0,0.0,10.0,,,
2026-10-08 10:21:25.863488436+00:00,socialnetwork-user-timeline-redis-1,0.17,6.3900221440000005,0.16,562000.0,997000.0,127000.0,0.0,6.0,,,
2026-10-08 10:21:25.863488436+00:00,socialnetwork-media-memcached-1,0.01,2.1663580159999998,0.05,11200.0,126.0,0.0,0.0,10.0,,,
2026-10-08 10:21:25.863488436+00:00,socialnetwork-user-memcached-1,0.01,2.174746624,0.05,11100.0,126.0,0.0,0.0,10.0,,,
2026-10-08 10:21:25.863488436+00:00,socialnetwork-home-timeline-redis-1,0.14,62.73630208,1.57,572000.0,1010000.0,35200000.0,0.0,6.0,,,
2026-10-08 10:21:25.863488436+00:00,socialnetwork-post-storage-memcached-1,0.03,8.786018303999999,0.22,6300000.0,79100000.0,0.0,0.0,10.0,,,
2026-10-08 10:21:25.863488436+00:00,socialnetwork-social-graph-redis-1,0.17,7.492075519999999,0.19,10700.0,126.0,782000.0,0.0,6.0,,,
2026-10-08 10:21:25.863488436+00:00,socialnetwork-jaeger-agent-1,0.01,41.75429632,1.04,1730000.0,284000.0,33000000.0,0.0,8.0,,,
2026-10-08 10:21:25.863488436+00:00,socialnetwork-social-graph-mongodb-1,0.25,86.79063552,2.17,652000.0,1280000.0,25800000.0,85800000.0,34.0,,,
2026-10-08 10:21:25.863488436+00:00,socialnetwork-media-mongodb-1,0.23,63.82682112,1.6,10400.0,126.0,2020000.0,80100000.0,32.0,,,
2026-10-08 10:21:25.863488436+00:00,socialnetwork-user-mongodb-1,0.23,73.26400512000001,1.83,652000.0,1280000.0,12600000.0,85800000.0,34.0,,,
2026-10-08 10:21:25.863488436+00:00,socialnetwork-url-shorten-mongodb-1,0.26,64.4349952,1.61,652000.0,1280000.0,3340000.0,85900000.0,34.0,,,
2026-10-08 10:21:25.863488436+00:00,socialnetwork-post-storage-mongodb-1,0.25,72.13154304000001,1.8,651000.0,1320000.0,11600000.0,86200000.0,34.0,,,
2026-10-08 10:21:25.863488436+00:00,socialnetwork-user-timeline-mongodb-1,0.27,63.55419136,1.59,651000.0,1280000.0,3370000.0,85900000.0,34.0,,,
2026-10-08 10:21:35.866552353+00:00,socialnetwork-url-shorten-service-1,0.0,2.871001088,0.07,1300000.0,641000.0,971000.0,0.0,3.0,0.0,0.0,0.0
2026-10-08 10:21:35.866552353+00:00,socialnetwork-nginx-thrift-1,0.0,25.73205504,0.64,56500000.0,75000000.0,14100000.0,4100.0,5.0,24.0,24.0,0.0
2026-10-08 10:21:35.866552353+00:00,socialnetwork-media-frontend-1,0.0,23.530045440000002,0.59,10600.0,126.0,10100000.0,4100.0,17.0,0.0,0.0,0.0
2026-10-08 10:21:35.866552353+00:00,socialnetwork-compose-post-service-1,0.0,6.753878016,0.17,11900.0,126.0,6160000.0,0.0,2.0,0.0,0.0,0.0
2026-10-08 10:21:35.866552353+00:00,socialnetwork-post-storage-service-1,0.0,4.677697536,0.12,63500000.0,45400000.0,0.0,0.0,5.0,1.0,1.0,0.0
2026-10-08 10:21:35.866552353+00:00,socialnetwork-media-service-1,0.0,2.0730347520000003,0.05,12100.0,126.0,1120000.0,0.0,2.0,0.0,0.0,0.0
2026-10-08 10:21:35.866552353+00:00,socialnetwork-user-service-1,0.0,7.118782464,0.18,1300000.0,641000.0,5540000.0,0.0,3.0,0.0,0.0,0.0
2026-10-08 10:21:35.866552353+00:00,socialnetwork-home-timeline-service-1,0.0,4.918870016,0.12,29000000.0,28800000.0,1890000.0,0.0,4.0,2.0,2.0,0.0
2026-10-08 10:21:35.866552353+00:00,socialnetwork-user-mention-service-1,0.0,2.780823552,0.07,11000.0,126.0,991000.0,0.0,2.0,0.0,0.0,0.0
2026-10-08 10:21:35.866552353+00:00,socialnetwork-unique-id-service-1,0.0,2.080374784,0.05,11700.0,126.0,967000.0,0.0,2.0,0.0,0.0,0.0
2026-10-08 10:21:35.866552353+00:00,socialnetwork-social-graph-service-1,0.0,3.375366144,0.08,1290000.0,641000.0,1710000.0,0.0,3.0,0.0,0.0,0.0
2026-10-08 10:21:35.866552353+00:00,socialnetwork-user-timeline-service-1,0.0,6.688866303999999,0.17,29100000.0,28300000.0,3620000.0,0.0,6.0,0.0,0.0,0.0
2026-10-08 10:21:35.866552353+00:00,socialnetwork-text-service-1,0.0,2.178940928,0.05,11400.0,126.0,1070000.0,0.0,2.0,0.0,0.0,0.0
2026-10-08 10:21:35.866552353+00:00,socialnetwork-url-shorten-memcached-1,0.01,8.974761983999999,0.22,11800.0,126.0,7470000.0,0.0,10.0,0.0,0.0,0.0
2026-10-08 10:21:35.866552353+00:00,socialnetwork-user-timeline-redis-1,0.18,6.127878144,0.15,562000.0,997000.0,127000.0,0.0,6.0,0.0,0.0,0.0
2026-10-08 10:21:35.866552353+00:00,socialnetwork-media-memcached-1,0.01,2.1663580159999998,0.05,11200.0,126.0,0.0,0.0,10.0,0.0,0.0,0.0
2026-10-08 10:21:35.866552353+00:00,socialnetwork-user-memcached-1,0.01,2.174746624,0.05,11100.0,126.0,0.0,0.0,10.0,0.0,0.0,0.0
2026-10-08 10:21:35.866552353+00:00,socialnetwork-home-timeline-redis-1,0.15,62.99844608,1.58,573000.0,1010000.0,35200000.0,0.0,6.0,0.0,0.0,0.0
2026-10-08 10:21:35.866552353+00:00,socialnetwork-post-storage-memcached-1,0.03,8.786018303999999,0.22,6300000.0,79200000.0,0.0,0.0,10.0,0.0,0.0,0.0
2026-10-08 10:21:35.866552353+00:00,socialnetwork-social-graph-redis-1,0.17,7.492075519999999,0.19,10700.0,126.0,782000.0,0.0,6.0,0.0,0.0,0.0
2026-10-08 10:21:35.866552353+00:00,socialnetwork-jaeger-agent-1,0.02,41.75429632,1.04,1730000.0,287000.0,33000000.0,0.0,8.0,0.0,0.0,0.0
2026-10-08 10:21:35.866552353+00:00,socialnetwork-social-graph-mongodb-1,0.23,87.05277952,2.18,653000.0,1280000.0,25800000.0,85800000.0,34.0,1.0,0.0,0.0
2026-10-08 10:21:35.866552353+00:00,socialnetwork-media-mongodb-1,0.22,63.56467712,1.59,10400.0,126.0,2020000.0,80100000.0,32.0,1.0,0.0,0.0
2026-10-08 10:21:35.866552353+00:00,socialnetwork-user-mongodb-1,0.27,73.00186112,1.83,652000.0,1280000.0,12600000.0,85900000.0,34.0,1.0,0.0,0.0
2026-10-08 10:21:35.866552353+00:00,socialnetwork-url-shorten-mongodb-1,0.26,64.4349952,1.61,652000.0,1280000.0,3340000.0,85900000.0,34.0,1.0,0.0,0.0
2026-10-08 10:21:35.866552353+00:00,socialnetwork-post-storage-mongodb-1,0.25,72.13154304000001,1.8,652000.0,1320000.0,11600000.0,86300000.0,34.0,1.0,0.0,0.0
2026-10-08 10:21:35.866552353+00:00,socialnetwork-user-timeline-mongodb-1,0.25,64.07847936,1.6,651000.0,1280000.0,3370000.0,85900000.0,34.0,1.0,0.0,0.0
2026-10-08 10:21:45.880896807+00:00,socialnetwork-url-shorten-service-1,0.0,2.871001088,0.07,1300000.0,642000.0,971000.0,0.0,3.0,,,
2026-10-08 10:21:45.880896807+00:00,socialnetwork-nginx-thrift-1,0.0,25.73205504,0.64,56500000.0,75100000.0,14100000.0,4100.0,5.0,,,
2026-10-08 10:21:45.880896807+00:00,socialnetwork-media-frontend-1,0.0,23.530045440000002,0.59,10600.0,126.0,10100000.0,4100.0,17.0,,,
2026-10-08 10:21:45.880896807+00:00,socialnetwork-compose-post-service-1,0.0,6.753878016,0.17,11900.0,126.0,6160000.0,0.0,2.0,,,
2026-10-08 10:21:45.880896807+00:00,socialnetwork-post-storage-service-1,0.02,4.939841536,0.12,63500000.0,45400000.0,0.0,0.0,5.0,,,
2026-10-08 10:21:45.880896807+00:00,socialnetwork-media-service-1,0.0,2.0730347520000003,0.05,12100.0,126.0,1120000.0,0.0,2.0,,,
2026-10-08 10:21:45.880896807+00:00,socialnetwork-user-service-1,0.0,7.118782464,0.18,1300000.0,642000.0,5540000.0,0.0,3.0,,,
2026-10-08 10:21:45.880896807+00:00,socialnetwork-home-timeline-service-1,0.0,4.88636416,0.12,29100000.0,28900000.0,1890000.0,0.0,3.0,,,
2026-10-08 10:21:45.880896807+00:00,socialnetwork-user-mention-service-1,0.0,2.780823552,0.07,11000.0,126.0,991000.0,0.0,2.0,,,
2026-10-08 10:21:45.880896807+00:00,socialnetwork-unique-id-service-1,0.0,2.080374784,0.05,11700.0,126.0,967000.0,0.0,2.0,,,
2026-10-08 10:21:45.880896807+00:00,socialnetwork-social-graph-service-1,0.0,3.375366144,0.08,1290000.0,642000.0,1710000.0,0.0,3.0,,,
2026-10-08 10:21:45.880896807+00:00,socialnetwork-user-timeline-service-1,0.0,6.688866303999999,0.17,29100000.0,28300000.0,3620000.0,0.0,6.0,,,
2026-10-08 10:21:45.880896807+00:00,socialnetwork-text-service-1,0.0,2.178940928,0.05,11400.0,126.0,1070000.0,0.0,2.0,,,
2026-10-08 10:21:45.880896807+00:00,socialnetwork-url-shorten-memcached-1,0.01,8.974761983999999,0.22,11800.0,126.0,7470000.0,0.0,10.0,,,
2026-10-08 10:21:45.880896807+00:00,socialnetwork-user-timeline-redis-1,0.17,6.127878144,0.15,562000.0,997000.0,127000.0,0.0,6.0,,,
2026-10-08 10:21:45.880896807+00:00,socialnetwork-media-memcached-1,0.01,2.1663580159999998,0.05,11200.0,126.0,0.0,0.0,10.0,,,
2026-10-08 10:21:45.880896807+00:00,socialnetwork-user-memcached-1,0.01,2.174746624,0.05,11100.0,126.0,0.0,0.0,10.0,,,
2026-10-08 10:21:45.880896807+00:00,socialnetwork-home-timeline-redis-1,0.16,62.73630208,1.57,574000.0,1010000.0,35200000.0,0.0,6.0,,,
2026-10-08 10:21:45.880896807+00:00,socialnetwork-post-storage-memcached-1,0.04,8.786018303999999,0.22,6310000.0,79200000.0,0.0,0.0,10.0,,,
2026-10-08 10:21:45.880896807+00:00,socialnetwork-social-graph-redis-1,0.18,7.7542195199999995,0.19,10700.0,126.0,782000.0,0.0,6.0,,,
2026-10-08 10:21:45.880896807+00:00,socialnetwork-jaeger-agent-1,0.02,41.75429632,1.04,1730000.0,287000.0,33000000.0,0.0,8.0,,,
2026-10-08 10:21:45.880896807+00:00,socialnetwork-social-graph-mongodb-1,0.22,87.05277952,2.18,653000.0,1280000.0,25800000.0,85900000.0,34.0,,,
2026-10-08 10:21:45.880896807+00:00,socialnetwork-media-mongodb-1,0.2,63.82682112,1.6,10400.0,126.0,2020000.0,80100000.0,32.0,,,
2026-10-08 10:21:45.880896807+00:00,socialnetwork-user-mongodb-1,0.23,73.00186112,1.83,652000.0,1280000.0,12600000.0,85900000.0,34.0,,,
2026-10-08 10:21:45.880896807+00:00,socialnetwork-url-shorten-mongodb-1,0.25,64.4349952,1.61,652000.0,1280000.0,3340000.0,85900000.0,34.0,,,
2026-10-08 10:21:45.880896807+00:00,socialnetwork-post-storage-mongodb-1,0.25,71.86939904,1.8,652000.0,1330000.0,11600000.0,86300000.0,34.0,,,
2026-10-08 10:21:45.880896807+00:00,socialnetwork-user-timeline-mongodb-1,0.26,63.81633536,1.6,651000.0,1280000.0,3370000.0,85900000.0,34.0,,,
2026-10-08 10:21:55.892010927+00:00,socialnetwork-url-shorten-service-1,0.0,2.871001088,0.07,1300000.0,642000.0,971000.0,0.0,3.0,,,
2026-10-08 10:21:55.892010927+00:00,socialnetwork-nginx-thrift-1,0.0,25.73205504,0.64,56500000.0,75200000.0,14100000.0,4100.0,5.0,,,
2026-10-08 10:21:55.892010927+00:00,socialnetwork-media-frontend-1,0.0,23.530045440000002,0.59,10600.0,126.0,10100000.0,4100.0,17.0,,,
2026-10-08 10:21:55.892010927+00:00,socialnetwork-compose-post-service-1,0.0,6.753878016,0.17,11900.0,126.0,6160000.0,0.0,2.0,,,
2026-10-08 10:21:55.892010927+00:00,socialnetwork-post-storage-service-1,0.03,4.939841536,0.12,63600000.0,45400000.0,0.0,0.0,5.0,,,
2026-10-08 10:21:55.892010927+00:00,socialnetwork-media-service-1,0.0,2.0730347520000003,0.05,12100.0,126.0,1120000.0,0.0,2.0,,,
2026-10-08 10:21:55.892010927+00:00,socialnetwork-user-service-1,0.0,7.118782464,0.18,1300000.0,642000.0,5540000.0,0.0,3.0,,,
2026-10-08 10:21:55.892010927+00:00,socialnetwork-home-timeline-service-1,0.0,4.92306432,0.12,29100000.0,28900000.0,1890000.0,0.0,4.0,,,
2026-10-08 10:21:55.892010927+00:00,socialnetwork-user-mention-service-1,0.0,2.780823552,0.07,11000.0,126.0,991000.0,0.0,2.0,,,
2026-10-08 10:21:55.892010927+00:00,socialnetwork-unique-id-service-1,0.0,2.080374784,0.05,11700.0,126.0,967000.0,0.0,2.0,,,
2026-10-08 10:21:55.892010927+00:00,socialnetwork-social-graph-service-1,0.0,3.375366144,0.08,1290000.0,642000.0,1710000.0,0.0,3.0,,,
2026-10-08 10:21:55.892010927+00:00,socialnetwork-user-timeline-service-1,0.0,6.688866303999999,0.17,29100000.0,28300000.0,3620000.0,0.0,6.0,,,
2026-10-08 10:21:55.892010927+00:00,socialnetwork-text-service-1,0.0,2.178940928,0.05,11400.0,126.0,1070000.0,0.0,2.0,,,
2026-10-08 10:21:55.892010927+00:00,socialnetwork-url-shorten-memcached-1,0.01,8.974761983999999,0.22,11800.0,126.0,7470000.0,0.0,10.0,,,
2026-10-08 10:21:55.892010927+00:00,socialnetwork-user-timeline-redis-1,0.21,6.3900221440000005,0.16,562000.0,997000.0,127000.0,0.0,6.0,,,
2026-10-08 10:21:55.892010927+00:00,socialnetwork-media-memcached-1,0.01,2.1663580159999998,0.05,11200.0,126.0,0.0,0.0,10.0,,,
2026-10-08 10:21:55.892010927+00:00,socialnetwork-user-memcached-1,0.01,2.174746624,0.05,11100.0,126.0,0.0,0.0,10.0,,,
2026-10-08 10:21:55.892010927+00:00,socialnetwork-home-timeline-redis-1,0.18,63.26059008,1.58,575000.0,1010000.0,35200000.0,0.0,6.0,,,
2026-10-08 10:21:55.892010927+00:00,socialnetwork-post-storage-memcached-1,0.04,8.786018303999999,0.22,6310000.0,79300000.0,0.0,0.0,10.0,,,
2026-10-08 10:21:55.892010927+00:00,socialnetwork-social-graph-redis-1,0.16,7.7542195199999995,0.19,10700.0,126.0,782000.0,0.0,6.0,,,
2026-10-08 10:21:55.892010927+00:00,socialnetwork-jaeger-agent-1,0.01,41.75429632,1.04,1740000.0,287000.0,33000000.0,0.0,8.0,,,
2026-10-08 10:21:55.892010927+00:00,socialnetwork-social-graph-mongodb-1,0.25,86.79063552,2.17,653000.0,1280000.0,25800000.0,85900000.0,34.0,,,
2026-10-08 10:21:55.892010927+00:00,socialnetwork-media-mongodb-1,0.25,63.56467712,1.59,10400.0,126.0,2020000.0,80100000.0,32.0,,,
2026-10-08 10:21:55.892010927+00:00,socialnetwork-user-mongodb-1,0.23,73.26400512000001,1.83,652000.0,1280000.0,12600000.0,85900000.0,34.0,,,
2026-10-08 10:21:55.892010927+00:00,socialnetwork-url-shorten-mongodb-1,0.27,64.1728512,1.61,652000.0,1280000.0,3340000.0,85900000.0,34.0,,,
2026-10-08 10:21:55.892010927+00:00,socialnetwork-post-storage-mongodb-1,0.3,71.85891328,1.8,652000.0,1330000.0,11600000.0,86300000.0,34.0,,,
2026-10-08 10:21:55.892010927+00:00,socialnetwork-user-timeline-mongodb-1,0.27,63.81633536,1.6,651000.0,1280000.0,3370000.0,85900000.0,34.0,,,
2026-10-08 10:22:05.894057274+00:00,socialnetwork-url-shorten-service-1,0.0,2.871001088,0.07,1300000.0,642000.0,971000.0,0.0,3.0,0.0,0.0,0.0
2026-10-08 10:22:05.894057274+00:00,socialnetwork-nginx-thrift-1,0.0,25.73205504,0.64,56600000.0,75200000.0,14100000.0,4100.0,5.0,24.0,24.0,0.0
2026-10-08 10:22:05.894057274+00:00,socialnetwork-media-frontend-1,0.0,23.530045440000002,0.59,10600.0,126.0,10100000.0,4100.0,17.0,0.0,0.0,0.0
2026-10-08 10:22:05.894057274+00:00,socialnetwork-compose-post-service-1,0.0,6.753878016,0.17,11900.0,126.0,6160000.0,0.0,2.0,0.0,0.0,0.0
2026-10-08 10:22:05.894057274+00:00,socialnetwork-post-storage-service-1,0.0,4.677697536,0.12,63600000.0,45500000.0,0.0,0.0,5.0,1.0,1.0,0.0
2026-10-08 10:22:05.894057274+00:00,socialnetwork-media-service-1,0.0,2.0730347520000003,0.05,12100.0,126.0,1120000.0,0.0,2.0,0.0,0.0,0.0
2026-10-08 10:22:05.894057274+00:00,socialnetwork-user-service-1,0.0,7.118782464,0.18,1300000.0,642000.0,5540000.0,0.0,3.0,0.0,0.0,0.0
2026-10-08 10:22:05.894057274+00:00,socialnetwork-home-timeline-service-1,0.0,4.918870016,0.12,29200000.0,29000000.0,1890000.0,0.0,4.0,1.0,1.0,0.0
2026-10-08 10:22:05.894057274+00:00,socialnetwork-user-mention-service-1,0.0,2.780823552,0.07,11000.0,126.0,991000.0,0.0,2.0,0.0,0.0,0.0
2026-10-08 10:22:05.894057274+00:00,socialnetwork-unique-id-service-1,0.0,2.080374784,0.05,11700.0,126.0,967000.0,0.0,2.0,0.0,0.0,0.0
2026-10-08 10:22:05.894057274+00:00,socialnetwork-social-graph-service-1,0.0,3.375366144,0.08,1290000.0,642000.0,1710000.0,0.0,3.0,0.0,0.0,0.0
2026-10-08 10:22:05.894057274+00:00,socialnetwork-user-timeline-service-1,0.0,6.688866303999999,0.17,29100000.0,28300000.0,3620000.0,0.0,6.0,0.0,0.0,0.0
2026-10-08 10:22:05.894057274+00:00,socialnetwork-text-service-1,0.0,2.178940928,0.05,11400.0,126.0,1070000.0,0.0,2.0,0.0,0.0,0.0
2026-10-08 10:22:05.894057274+00:00,socialnetwork-url-shorten-memcached-1,0.01,8.974761983999999,0.22,11800.0,126.0,7470000.0,0.0,10.0,0.0,0.0,0.0
2026-10-08 10:22:05.894057274+00:00,socialnetwork-user-timeline-redis-1,0.18,6.3900221440000005,0.16,562000.0,997000.0,127000.0,0.0,6.0,0.0,0.0,0.0
2026-10-08 10:22:05.894057274+00:00,socialnetwork-media-memcached-1,0.01,2.1663580159999998,0.05,11200.0,126.0,0.0,0.0,10.0,0.0,0.0,0.0
2026-10-08 10:22:05.894057274+00:00,socialnetwork-user-memcached-1,0.01,2.174746624,0.05,11100.0,126.0,0.0,0.0,10.0,0.0,0.0,0.0
2026-10-08 10:22:05.894057274+00:00,socialnetwork-home-timeline-redis-1,0.16,62.99844608,1.58,576000.0,1010000.0,35200000.0,0.0,6.0,0.0,0.0,0.0
2026-10-08 10:22:05.894057274+00:00,socialnetwork-post-storage-memcached-1,0.03,8.786018303999999,0.22,6310000.0,79300000.0,0.0,0.0,10.0,0.0,0.0,0.0
2026-10-08 10:22:05.894057274+00:00,socialnetwork-social-graph-redis-1,0.18,7.7542195199999995,0.19,10700.0,126.0,782000.0,0.0,6.0,0.0,0.0,0.0
2026-10-08 10:22:05.894057274+00:00,socialnetwork-jaeger-agent-1,0.02,41.75429632,1.04,1740000.0,289000.0,33000000.0,0.0,8.0,0.0,0.0,0.0
2026-10-08 10:22:05.894057274+00:00,socialnetwork-social-graph-mongodb-1,0.23,86.79063552,2.17,653000.0,1280000.0,25800000.0,85900000.0,34.0,0.0,0.0,0.0
2026-10-08 10:22:05.894057274+00:00,socialnetwork-media-mongodb-1,0.24,63.56467712,1.59,10400.0,126.0,2020000.0,80100000.0,32.0,0.0,0.0,0.0
2026-10-08 10:22:05.894057274+00:00,socialnetwork-user-mongodb-1,0.24,73.26400512000001,1.83,653000.0,1280000.0,12600000.0,85900000.0,34.0,0.0,0.0,0.0
2026-10-08 10:22:05.894057274+00:00,socialnetwork-url-shorten-mongodb-1,0.28,64.4349952,1.61,652000.0,1280000.0,3340000.0,85900000.0,34.0,0.0,0.0,0.0
2026-10-08 10:22:05.894057274+00:00,socialnetwork-post-storage-mongodb-1,0.27,71.86939904,1.8,652000.0,1330000.0,11600000.0,86300000.0,34.0,0.0,0.0,0.0
2026-10-08 10:22:05.894057274+00:00,socialnetwork-user-timeline-mongodb-1,0.26,63.55419136,1.59,651000.0,1280000.0,3370000.0,85900000.0,34.0,0.0,0.0,0.0
2026-10-08 10:22:15.902872801+00:00,socialnetwork-url-shorten-service-1,0.0,2.871001088,0.07,1300000.0,642000.0,971000.0,0.0,3.0,,,
2026-10-08 10:22:15.902872801+00:00,socialnetwork-nginx-thrift-1,0.0,25.73205504,0.64,56600000.0,75300000.0,14100000.0,4100.0,5.0,,,
2026-10-08 10:22:15.902872801+00:00,socialnetwork-media-frontend-1,0.0,23.530045440000002,0.59,10600.0,126.0,10100000.0,4100.0,17.0,,,
2026-10-08 10:22:15.902872801+00:00,socialnetwork-compose-post-service-1,0.0,6.753878016,0.17,11900.0,126.0,6160000.0,0.0,2.0,,,
2026-10-08 10:22:15.902872801+00:00,socialnetwork-post-storage-service-1,0.01,4.677697536,0.12,63700000.0,45500000.0,0.0,0.0,5.0,,,
2026-10-08 10:22:15.902872801+00:00,socialnetwork-media-service-1,0.0,2.0730347520000003,0.05,12100.0,126.0,1120000.0,0.0,2.0,,,
2026-10-08 10:22:15.902872801+00:00,socialnetwork-user-service-1,0.0,7.118782464,0.18,1300000.0,642000.0,5540000.0,0.0,3.0,,,
2026-10-08 10:22:15.902872801+00:00,socialnetwork-home-timeline-service-1,0.0,4.918870016,0.12,29200000.0,29000000.0,1890000.0,0.0,4.0,,,
2026-10-08 10:22:15.902872801+00:00,socialnetwork-user-mention-service-1,0.0,2.780823552,0.07,11000.0,126.0,991000.0,0.0,2.0,,,
2026-10-08 10:22:15.902872801+00:00,socialnetwork-unique-id-service-1,0.0,2.080374784,0.05,11700.0,126.0,967000.0,0.0,2.0,,,
2026-10-08 10:22:15.902872801+00:00,socialnetwork-social-graph-service-1,0.0,3.375366144,0.08,1300000.0,642000.0,1710000.0,0.0,3.0,,,
2026-10-08 10:22:15.902872801+00:00,socialnetwork-user-timeline-service-1,0.0,6.688866303999999,0.17,29100000.0,28300000.0,3620000.0,0.0,6.0,,,
2026-10-08 10:22:15.902872801+00:00,socialnetwork-text-service-1,0.0,2.178940928,0.05,11400.0,126.0,1070000.0,0.0,2.0,,,
2026-10-08 10:22:15.902872801+00:00,socialnetwork-url-shorten-memcached-1,0.01,8.974761983999999,0.22,11800.0,126.0,7470000.0,0.0,10.0,,,
2026-10-08 10:22:15.902872801+00:00,socialnetwork-user-timeline-redis-1,0.18,6.3900221440000005,0.16,562000.0,997000.0,127000.0,0.0,6.0,,,
2026-10-08 10:22:15.902872801+00:00,socialnetwork-media-memcached-1,0.01,2.1663580159999998,0.05,11200.0,126.0,0.0,0.0,10.0,,,
2026-10-08 10:22:15.902872801+00:00,socialnetwork-user-memcached-1,0.01,2.174746624,0.05,11100.0,126.0,0.0,0.0,10.0,,,
2026-10-08 10:22:15.902872801+00:00,socialnetwork-home-timeline-redis-1,0.17,62.73630208,1.57,577000.0,1010000.0,35200000.0,0.0,6.0,,,
2026-10-08 10:22:15.902872801+00:00,socialnetwork-post-storage-memcached-1,0.03,8.786018303999999,0.22,6320000.0,79400000.0,0.0,0.0,10.0,,,
2026-10-08 10:22:15.902872801+00:00,socialnetwork-social-graph-redis-1,0.18,7.7542195199999995,0.19,10700.0,126.0,782000.0,0.0,6.0,,,
2026-10-08 10:22:15.902872801+00:00,socialnetwork-jaeger-agent-1,0.01,41.75429632,1.04,1740000.0,289000.0,33000000.0,0.0,8.0,,,
2026-10-08 10:22:15.902872801+00:00,socialnetwork-social-graph-mongodb-1,0.25,87.05277952,2.18,653000.0,1290000.0,25800000.0,85900000.0,34.0,,,
2026-10-08 10:22:15.902872801+00:00,socialnetwork-media-mongodb-1,0.25,63.56467712,1.59,10400.0,126.0,2020000.0,80200000.0,32.0,,,
2026-10-08 10:22:15.902872801+00:00,socialnetwork-user-mongodb-1,0.25,73.52614912,1.84,653000.0,1290000.0,12600000.0,85900000.0,34.0,,,
2026-10-08 10:22:15.902872801+00:00,socialnetwork-url-shorten-mongodb-1,0.27,64.1728512,1.61,653000.0,1290000.0,3340000.0,86000000.0,34.0,,,
2026-10-08 10:22:15.902872801+00:00,socialnetwork-post-storage-mongodb-1,0.26,71.86939904,1.8,652000.0,1330000.0,11600000.0,86300000.0,34.0,,,
2026-10-08 10:22:15.902872801+00:00,socialnetwork-user-timeline-mongodb-1,0.28,63.55419136,1.59,651000.0,1280000.0,3370000.0,86000000.0,34.0,,,
2026-10-08 10:22:25.917998075+00:00,socialnetwork-url-shorten-service-1,0.0,2.871001088,0.07,1300000.0,642000.0,971000.0,0.0,3.0,,,
2026-10-08 10:22:25.917998075+00:00,socialnetwork-nginx-thrift-1,0.0,25.73205504,0.64,56700000.0,75400000.0,14100000.0,4100.0,5.0,,,
2026-10-08 10:22:25.917998075+00:00,socialnetwork-media-frontend-1,0.0,23.530045440000002,0.59,10600.0,126.0,10100000.0,4100.0,17.0,,,
2026-10-08 10:22:25.917998075+00:00,socialnetwork-compose-post-service-1,0.0,6.753878016,0.17,11900.0,126.0,6160000.0,0.0,2.0,,,
2026-10-08 10:22:25.917998075+00:00,socialnetwork-post-storage-service-1,0.03,4.939841536,0.12,63800000.0,45600000.0,0.0,0.0,5.0,,,
2026-10-08 10:22:25.917998075+00:00,socialnetwork-media-service-1,0.0,2.0730347520000003,0.05,12100.0,126.0,1120000.0,0.0,2.0,,,
2026-10-08 10:22:25.917998075+00:00,socialnetwork-user-service-1,0.0,7.118782464,0.18,1300000.0,642000.0,5540000.0,0.0,3.0,,,
2026-10-08 10:22:25.917998075+00:00,socialnetwork-home-timeline-service-1,0.0,4.92306432,0.12,29200000.0,29000000.0,1890000.0,0.0,4.0,,,
2026-10-08 10:22:25.917998075+00:00,socialnetwork-user-mention-service-1,0.0,2.780823552,0.07,11000.0,126.0,991000.0,0.0,2.0,,,
2026-10-08 10:22:25.917998075+00:00,socialnetwork-unique-id-service-1,0.0,2.080374784,0.05,11700.0,126.0,967000.0,0.0,2.0,,,
2026-10-08 10:22:25.917998075+00:00,socialnetwork-social-graph-service-1,0.0,3.375366144,0.08,1300000.0,642000.0,1710000.0,0.0,3.0,,,
2026-10-08 10:22:25.917998075+00:00,socialnetwork-user-timeline-service-1,0.0,6.688866303999999,0.17,29100000.0,28300000.0,3620000.0,0.0,6.0,,,
2026-10-08 10:22:25.917998075+00:00,socialnetwork-text-service-1,0.0,2.178940928,0.05,11400.0,126.0,1070000.0,0.0,2.0,,,
2026-10-08 10:22:25.917998075+00:00,socialnetwork-url-shorten-memcached-1,0.01,8.974761983999999,0.22,11800.0,126.0,7470000.0,0.0,10.0,,,
2026-10-08 10:22:25.917998075+00:00,socialnetwork-user-timeline-redis-1,0.17,6.127878144,0.15,562000.0,997000.0,127000.0,0.0,6.0,,,
2026-10-08 10:22:25.917998075+00:00,socialnetwork-media-memcached-1,0.01,2.1663580159999998,0.05,11200.0,126.0,0.0,0.0,10.0,,,
2026-10-08 10:22:25.917998075+00:00,socialnetwork-user-memcached-1,0.01,2.174746624,0.05,11100.0,126.0,0.0,0.0,10.0,,,
2026-10-08 10:22:25.917998075+00:00,socialnetwork-home-timeline-redis-1,0.17,62.73630208,1.57,578000.0,1010000.0,35200000.0,0.0,6.0,,,
2026-10-08 10:22:25.917998075+00:00,socialnetwork-post-storage-memcached-1,0.03,8.786018303999999,0.22,6320000.0,79400000.0,0.0,0.0,10.0,,,
2026-10-08 10:22:25.917998075+00:00,socialnetwork-social-graph-redis-1,0.15,7.7542195199999995,0.19,10700.0,126.0,782000.0,0.0,6.0,,,
2026-10-08 10:22:25.917998075+00:00,socialnetwork-jaeger-agent-1,0.02,41.75429632,1.04,1740000.0,290000.0,33000000.0,0.0,8.0,,,
2026-10-08 10:22:25.917998075+00:00,socialnetwork-social-graph-mongodb-1,0.24,86.79063552,2.17,654000.0,1290000.0,25800000.0,86000000.0,34.0,,,
2026-10-08 10:22:25.917998075+00:00,socialnetwork-media-mongodb-1,0.22,63.82682112,1.6,10400.0,126.0,2020000.0,80200000.0,32.0,,,
2026-10-08 10:22:25.917998075+00:00,socialnetwork-user-mongodb-1,0.24,73.26400512000001,1.83,653000.0,1290000.0,12600000.0,86000000.0,34.0,,,
2026-10-08 10:22:25.917998075+00:00,socialnetwork-url-shorten-mongodb-1,0.22,64.4349952,1.61,653000.0,1290000.0,3340000.0,86000000.0,34.0,,,
2026-10-08 10:22:25.917998075+00:00,socialnetwork-post-storage-mongodb-1,0.27,72.12105728,1.8,653000.0,1330000.0,11600000.0,86400000.0,34.0,,,
2026-10-08 10:22:25.917998075+00:00,socialnetwork-user-timeline-mongodb-1,0.23,63.55419136,1.59,651000.0,1280000.0,3370000.0,86000000.0,34.0,,,
2026-10-08 10:22:35.929738283+00:00,socialnetwork-url-shorten-service-1,0.0,2.871001088,0.07,1300000.0,643000.0,971000.0,0.0,3.0,0.0,0.0,0.0
2026-10-08 10:22:35.929738283+00:00,socialnetwork-nginx-thrift-1,1.04,25.98371328,0.65,57300000.0,75800000.0,14100000.0,4100.0,5.0,16.0,16.0,0.0
2026-10-08 10:22:35.929738283+00:00,socialnetwork-media-frontend-1,0.0,23.530045440000002,0.59,10600.0,126.0,10100000.0,4100.0,17.0,0.0,0.0,0.0
2026-10-08 10:22:35.929738283+00:00,socialnetwork-compose-post-service-1,0.0,6.753878016,0.17,11900.0,126.0,6160000.0,0.0,2.0,0.0,0.0,0.0
2026-10-08 10:22:35.929738283+00:00,socialnetwork-post-storage-service-1,0.24,5.919211519999999,0.15,64700000.0,46300000.0,0.0,0.0,37.0,1.0,1.0,0.0
2026-10-08 10:22:35.929738283+00:00,socialnetwork-media-service-1,0.0,2.0730347520000003,0.05,12100.0,126.0,1120000.0,0.0,2.0,0.0,0.0,0.0
2026-10-08 10:22:35.929738283+00:00,socialnetwork-user-service-1,0.0,7.118782464,0.18,1300000.0,643000.0,5540000.0,0.0,3.0,0.0,0.0,0.0
2026-10-08 10:22:35.929738283+00:00,socialnetwork-home-timeline-service-1,0.08,4.993318911999999,0.12,29400000.0,29200000.0,1890000.0,0.0,6.0,1.0,1.0,0.0
2026-10-08 10:22:35.929738283+00:00,socialnetwork-user-mention-service-1,0.0,2.780823552,0.07,11000.0,126.0,991000.0,0.0,2.0,0.0,0.0,0.0
2026-10-08 10:22:35.929738283+00:00,socialnetwork-unique-id-service-1,0.0,2.080374784,0.05,11700.0,126.0,967000.0,0.0,2.0,0.0,0.0,0.0
2026-10-08 10:22:35.929738283+00:00,socialnetwork-social-graph-service-1,0.0,3.375366144,0.08,1300000.0,643000.0,1710000.0,0.0,3.0,0.0,0.0,0.0
2026-10-08 10:22:35.929738283+00:00,socialnetwork-user-timeline-service-1,0.21,7.323254784,0.18,29600000.0,28800000.0,3620000.0,0.0,5.0,1.0,1.0,0.0
2026-10-08 10:22:35.929738283+00:00,socialnetwork-text-service-1,0.0,2.178940928,0.05,11400.0,126.0,1070000.0,0.0,2.0,0.0,0.0,0.0
2026-10-08 10:22:35.929738283+00:00,socialnetwork-url-shorten-memcached-1,0.01,8.974761983999999,0.22,11800.0,126.0,7470000.0,0.0,10.0,0.0,0.0,0.0
2026-10-08 10:22:35.929738283+00:00,socialnetwork-user-timeline-redis-1,0.21,6.25475584,0.16,573000.0,1020000.0,127000.0,0.0,6.0,0.0,0.0,0.0
2026-10-08 10:22:35.929738283+00:00,socialnetwork-media-memcached-1,0.01,2.1663580159999998,0.05,11200.0,126.0,0.0,0.0,10.0,0.0,0.0,0.0
2026-10-08 10:22:35.929738283+00:00,socialnetwork-user-memcached-1,0.01,2.174746624,0.05,11100.0,126.0,0.0,0.0,10.0,0.0,0.0,0.0
2026-10-08 10:22:35.929738283+00:00,socialnetwork-home-timeline-redis-1,0.16,62.99844608,1.58,581000.0,1020000.0,35200000.0,0.0,6.0,0.0,0.0,0.0
2026-10-08 10:22:35.929738283+00:00,socialnetwork-post-storage-memcached-1,0.18,8.790212608,0.22,6400000.0,80400000.0,0.0,0.0,10.0,0.0,0.0,0.0
2026-10-08 10:22:35.929738283+00:00,socialnetwork-social-graph-redis-1,0.15,7.7542195199999995,0.19,10700.0,126.0,782000.0,0.0,6.0,0.0,0.0,0.0
2026-10-08 10:22:35.929738283+00:00,socialnetwork-jaeger-agent-1,0.02,41.75429632,1.04,1740000.0,291000.0,33000000.0,0.0,8.0,0.0,0.0,0.0
2026-10-08 10:22:35.929738283+00:00,socialnetwork-social-graph-mongodb-1,0.24,87.05277952,2.18,654000.0,1290000.0,25800000.0,86000000.0,34.0,1.0,0.0,0.0
2026-10-08 10:22:35.929738283+00:00,socialnetwork-media-mongodb-1,0.23,63.30253312,1.58,10400.0,126.0,2020000.0,80200000.0,32.0,1.0,0.0,0.0
2026-10-08 10:22:35.929738283+00:00,socialnetwork-user-mongodb-1,0.26,73.00186112,1.83,653000.0,1290000.0,12600000.0,86000000.0,34.0,1.0,0.0,0.0
2026-10-08 10:22:35.929738283+00:00,socialnetwork-url-shorten-mongodb-1,0.25,64.1728512,1.61,653000.0,1290000.0,3340000.0,86000000.0,34.0,1.0,0.0,0.0
2026-10-08 10:22:35.929738283+00:00,socialnetwork-post-storage-mongodb-1,0.24,71.60725504000001,1.79,653000.0,1330000.0,11600000.0,86400000.0,34.0,1.0,0.0,0.0
2026-10-08 10:22:35.929738283+00:00,socialnetwork-user-timeline-mongodb-1,0.26,63.81633536,1.6,651000.0,1280000.0,3370000.0,86000000.0,34.0,1.0,0.0,0.0
2026-10-08 10:22:45.943128347+00:00,socialnetwork-url-shorten-service-1,0.0,2.871001088,0.07,1300000.0,643000.0,971000.0,0.0,3.0,,,
2026-10-08 10:22:45.943128347+00:00,socialnetwork-nginx-thrift-1,0.74,25.71108352,0.64,57600000.0,76300000.0,14100000.0,4100.0,5.0,,,
2026-10-08 10:22:45.943128347+00:00,socialnetwork-media-frontend-1,0.0,23.530045440000002,0.59,10600.0,126.0,10100000.0,4100.0,17.0,,,
2026-10-08 10:22:45.943128347+00:00,socialnetwork-compose-post-service-1,0.0,6.753878016,0.17,11900.0,126.0,6160000.0,0.0,2.0,,,
2026-10-08 10:22:45.943128347+00:00,socialnetwork-post-storage-service-1,0.23,5.419040768,0.14,65200000.0,46600000.0,0.0,0.0,21.0,,,
2026-10-08 10:22:45.943128347+00:00,socialnetwork-media-service-1,0.0,2.0730347520000003,0.05,12100.0,126.0,1120000.0,0.0,2.0,,,
2026-10-08 10:22:45.943128347+00:00,socialnetwork-user-service-1,0.0,7.118782464,0.18,1300000.0,643000.0,5540000.0,0.0,3.0,,,
2026-10-08 10:22:45.943128347+00:00,socialnetwork-home-timeline-service-1,0.02,4.948230144,0.12,29600000.0,29400000.0,1890000.0,0.0,5.0,,,
2026-10-08 10:22:45.943128347+00:00,socialnetwork-user-mention-service-1,0.0,2.780823552,0.07,11000.0,126.0,991000.0,0.0,2.0,,,
2026-10-08 10:22:45.943128347+00:00,socialnetwork-unique-id-service-1,0.0,2.080374784,0.05,11700.0,126.0,967000.0,0.0,2.0,,,
2026-10-08 10:22:45.943128347+00:00,socialnetwork-social-graph-service-1,0.0,3.375366144,0.08,1300000.0,643000.0,1710000.0,0.0,3.0,,,
2026-10-08 10:22:45.943128347+00:00,socialnetwork-user-timeline-service-1,0.13,7.024410624,0.18,29800000.0,28900000.0,3620000.0,0.0,6.0,,,
2026-10-08 10:22:45.943128347+00:00,socialnetwork-text-service-1,0.0,2.178940928,0.05,11400.0,126.0,1070000.0,0.0,2.0,,,
2026-10-08 10:22:45.943128347+00:00,socialnetwork-url-shorten-memcached-1,0.01,8.974761983999999,0.22,11800.0,126.0,7470000.0,0.0,10.0,,,
2026-10-08 10:22:45.943128347+00:00,socialnetwork-user-timeline-redis-1,0.16,6.25475584,0.16,576000.0,1020000.0,127000.0,0.0,6.0,,,
2026-10-08 10:22:45.943128347+00:00,socialnetwork-media-memcached-1,0.01,2.1663580159999998,0.05,11200.0,126.0,0.0,0.0,10.0,,,
2026-10-08 10:22:45.943128347+00:00,socialnetwork-user-memcached-1,0.01,2.174746624,0.05,11100.0,126.0,0.0,0.0,10.0,,,
2026-10-08 10:22:45.943128347+00:00,socialnetwork-home-timeline-redis-1,0.15,62.99844608,1.58,583000.0,1030000.0,35200000.0,0.0,6.0,,,
2026-10-08 10:22:45.943128347+00:00,socialnetwork-post-storage-memcached-1,0.25,8.790212608,0.22,6430000.0,80800000.0,0.0,0.0,10.0,,,
2026-10-08 10:22:45.943128347+00:00,socialnetwork-social-graph-redis-1,0.17,7.7542195199999995,0.19,10700.0,126.0,782000.0,0.0,6.0,,,
2026-10-08 10:22:45.943128347+00:00,socialnetwork-jaeger-agent-1,0.01,41.75429632,1.04,1760000.0,293000.0,33000000.0,0.0,8.0,,,
2026-10-08 10:22:45.943128347+00:00,socialnetwork-social-graph-mongodb-1,0.23,86.79063552,2.17,654000.0,1290000.0,25800000.0,86000000.0,34.0,,,
2026-10-08 10:22:45.943128347+00:00,socialnetwork-media-mongodb-1,0.24,63.56467712,1.59,10400.0,126.0,2020000.0,80300000.0,32.0,,,
2026-10-08 10:22:45.943128347+00:00,socialnetwork-user-mongodb-1,0.24,73.00186112,1.83,653000.0,1290000.0,12600000.0,86000000.0,34.0,,,
2026-10-08 10:22:45.943128347+00:00,socialnetwork-url-shorten-mongodb-1,0.24,64.1728512,1.61,653000.0,1290000.0,3340000.0,86000000.0,34.0,,,
2026-10-08 10:22:45.943128347+00:00,socialnetwork-post-storage-mongodb-1,0.28,71.86939904,1.8,653000.0,1330000.0,11600000.0,86400000.0,34.0,,,
2026-10-08 10:22:45.943128347+00:00,socialnetwork-user-timeline-mongodb-1,0.25,63.55419136,1.59,651000.0,1280000.0,3370000.0,86000000.0,34.0,,,
2026-10-08 10:22:55.956161737+00:00,socialnetwork-url-shorten-service-1,0.0,2.871001088,0.07,1300000.0,643000.0,971000.0,0.0,3.0,,,
2026-10-08 10:22:55.956161737+00:00,socialnetwork-nginx-thrift-1,0.85,25.70059776,0.64,58000000.0,76700000.0,14100000.0,4100.0,5.0,,,
2026-10-08 10:22:55.956161737+00:00,socialnetwork-media-frontend-1,0.0,23.530045440000002,0.59,10600.0,126.0,10100000.0,4100.0,17.0,,,
2026-10-08 10:22:55.956161737+00:00,socialnetwork-compose-post-service-1,0.0,6.753878016,0.17,11900.0,126.0,6160000.0,0.0,2.0,,,
2026-10-08 10:22:55.956161737+00:00,socialnetwork-post-storage-service-1,0.34,5.120196608,0.13,65700000.0,47000000.0,0.0,0.0,4.0,,,
2026-10-08 10:22:55.956161737+00:00,socialnetwork-media-service-1,0.0,2.0730347520000003,0.05,12100.0,126.0,1120000.0,0.0,2.0,,,
2026-10-08 10:22:55.956161737+00:00,socialnetwork-user-service-1,0.0,7.118782464,0.18,1300000.0,643000.0,5540000.0,0.0,3.0,,,
2026-10-08 10:22:55.956161737+00:00,socialnetwork-home-timeline-service-1,0.03,4.915724288,0.12,29800000.0,29600000.0,1890000.0,0.0,4.0,,,
2026-10-08 10:22:55.956161737+00:00,socialnetwork-user-mention-service-1,0.0,2.780823552,0.07,11000.0,126.0,991000.0,0.0,2.0,,,
2026-10-08 10:22:55.956161737+00:00,socialnetwork-unique-id-service-1,0.0,2.080374784,0.05,11700.0,126.0,967000.0,0.0,2.0,,,
2026-10-08 10:22:55.956161737+00:00,socialnetwork-social-graph-service-1,0.0,3.375366144,0.08,1300000.0,643000.0,1710000.0,0.0,3.0,,,
2026-10-08 10:22:55.956161737+00:00,socialnetwork-user-timeline-service-1,0.09,6.8692213760000005,0.17,30000000.0,29100000.0,3620000.0,0.0,5.0,,,
2026-10-08 10:22:55.956161737+00:00,socialnetwork-text-service-1,0.0,2.178940928,0.05,11400.0,126.0,1070000.0,0.0,2.0,,,
2026-10-08 10:22:55.956161737+00:00,socialnetwork-url-shorten-memcached-1,0.01,8.974761983999999,0.22,11800.0,126.0,7470000.0,0.0,10.0,,,
2026-10-08 10:22:55.956161737+00:00,socialnetwork-user-timeline-redis-1,0.17,6.25475584,0.16,579000.0,1030000.0,127000.0,0.0,6.0,,,
2026-10-08 10:22:55.956161737+00:00,socialnetwork-media-memcached-1,0.01,2.1663580159999998,0.05,11200.0,126.0,0.0,0.0,10.0,,,
2026-10-08 10:22:55.956161737+00:00,socialnetwork-user-memcached-1,0.01,2.174746624,0.05,11100.0,126.0,0.0,0.0,10.0,,,
2026-10-08 10:22:55.956161737+00:00,socialnetwork-home-timeline-redis-1,0.16,62.99844608,1.58,586000.0,1030000.0,35200000.0,0.0,6.0,,,
2026-10-08 10:22:55.956161737+00:00,socialnetwork-post-storage-memcached-1,0.25,9.035579392,0.23,6470000.0,81300000.0,0.0,0.0,10.0,,,
2026-10-08 10:22:55.956161737+00:00,socialnetwork-social-graph-redis-1,0.15,7.7542195199999995,0.19,10700.0,126.0,782000.0,0.0,6.0,,,
2026-10-08 10:22:55.956161737+00:00,socialnetwork-jaeger-agent-1,0.01,41.75429632,1.04,1760000.0,294000.0,33000000.0,0.0,8.0,,,
2026-10-08 10:22:55.956161737+00:00,socialnetwork-social-graph-mongodb-1,0.22,86.79063552,2.17,654000.0,1290000.0,25800000.0,86000000.0,34.0,,,
2026-10-08 10:22:55.956161737+00:00,socialnetwork-media-mongodb-1,0.22,63.30253312,1.58,10400.0,126.0,2020000.0,80300000.0,32.0,,,
2026-10-08 10:22:55.956161737+00:00,socialnetwork-user-mongodb-1,0.22,73.00186112,1.83,654000.0,1290000.0,12600000.0,86000000.0,34.0,,,
2026-10-08 10:22:55.956161737+00:00,socialnetwork-url-shorten-mongodb-1,0.22,64.1728512,1.61,653000.0,1290000.0,3340000.0,86100000.0,34.0,,,
2026-10-08 10:22:55.956161737+00:00,socialnetwork-post-storage-mongodb-1,0.23,71.60725504000001,1.79,653000.0,1330000.0,11600000.0,86400000.0,34.0,,,
2026-10-08 10:22:55.956161737+00:00,socialnetwork-user-timeline-mongodb-1,0.25,63.55419136,1.59,651000.0,1280000.0,3370000.0,86100000.0,34.0,,,
2026-10-08 10:23:05.968680382+00:00,socialnetwork-url-shorten-service-1,0.0,2.871001088,0.07,1300000.0,643000.0,971000.0,0.0,3.0,0.0,0.0,0.0
2026-10-08 10:23:05.968680382+00:00,socialnetwork-nginx-thrift-1,0.9,25.72156928,0.64,58300000.0,77200000.0,14100000.0,4100.0,5.0,0.0,0.0,0.0
2026-10-08 10:23:05.968680382+00:00,socialnetwork-media-frontend-1,0.0,23.530045440000002,0.59,10600.0,126.0,10100000.0,4100.0,17.0,0.0,0.0,0.0
2026-10-08 10:23:05.968680382+00:00,socialnetwork-compose-post-service-1,0.0,6.753878016,0.17,11900.0,126.0,6160000.0,0.0,2.0,0.0,0.0,0.0
2026-10-08 10:23:05.968680382+00:00,socialnetwork-post-storage-service-1,0.2,5.1359252479999995,0.13,66300000.0,47400000.0,0.0,0.0,6.0,2.0,2.0,0.0
2026-10-08 10:23:05.968680382+00:00,socialnetwork-media-service-1,0.0,2.0730347520000003,0.05,12100.0,126.0,1120000.0,0.0,2.0,0.0,0.0,0.0
2026-10-08 10:23:05.968680382+00:00,socialnetwork-user-service-1,0.0,7.118782464,0.18,1300000.0,643000.0,5540000.0,0.0,3.0,0.0,0.0,0.0
2026-10-08 10:23:05.968680382+00:00,socialnetwork-home-timeline-service-1,0.02,4.9524244479999995,0.12,30000000.0,29800000.0,1890000.0,0.0,5.0,2.0,2.0,0.0
2026-10-08 10:23:05.968680382+00:00,socialnetwork-user-mention-service-1,0.0,2.780823552,0.07,11000.0,126.0,991000.0,0.0,2.0,0.0,0.0,0.0
2026-10-08 10:23:05.968680382+00:00,socialnetwork-unique-id-service-1,0.0,2.080374784,0.05,11700.0,126.0,967000.0,0.0,2.0,0.0,0.0,0.0
2026-10-08 10:23:05.968680382+00:00,socialnetwork-social-graph-service-1,0.0,3.375366144,0.08,1300000.0,643000.0,1710000.0,0.0,3.0,0.0,0.0,0.0
2026-10-08 10:23:05.968680382+00:00,socialnetwork-user-timeline-service-1,0.19,7.1806484479999995,0.18,30200000.0,29300000.0,3620000.0,0.0,5.0,1.0,1.0,0.0
2026-10-08 10:23:05.968680382+00:00,socialnetwork-text-service-1,0.0,2.178940928,0.05,11400.0,126.0,1070000.0,0.0,2.0,0.0,0.0,0.0
2026-10-08 10:23:05.968680382+00:00,socialnetwork-url-shorten-memcached-1,0.01,8.974761983999999,0.22,11800.0,126.0,7470000.0,0.0,10.0,0.0,0.0,0.0
2026-10-08 10:23:05.968680382+00:00,socialnetwork-user-timeline-redis-1,0.2,6.51689984,0.16,582000.0,1030000.0,127000.0,0.0,6.0,0.0,0.0,0.0
2026-10-08 10:23:05.968680382+00:00,socialnetwork-media-memcached-1,0.01,2.1663580159999998,0.05,11200.0,126.0,0.0,0.0,10.0,0.0,0.0,0.0
2026-10-08 10:23:05.968680382+00:00,socialnetwork-user-memcached-1,0.01,2.174746624,0.05,11100.0,126.0,0.0,0.0,10.0,0.0,0.0,0.0
2026-10-08 10:23:05.968680382+00:00,socialnetwork-home-timeline-redis-1,0.15,62.73630208,1.57,590000.0,1040000.0,35200000.0,0.0,6.0,0.0,0.0,0.0
2026-10-08 10:23:05.968680382+00:00,socialnetwork-post-storage-memcached-1,0.23,9.310306304,0.23,6520000.0,81900000.0,0.0,0.0,10.0,0.0,0.0,0.0
2026-10-08 10:23:05.968680382+00:00,socialnetwork-social-graph-redis-1,0.18,7.492075519999999,0.19,10700.0,126.0,782000.0,0.0,6.0,0.0,0.0,0.0
2026-10-08 10:23:05.968680382+00:00,socialnetwork-jaeger-agent-1,0.02,41.75429632,1.04,1780000.0,296000.0,33000000.0,0.0,8.0,0.0,0.0,0.0
2026-10-08 10:23:05.968680382+00:00,socialnetwork-social-graph-mongodb-1,0.29,86.79063552,2.17,654000.0,1290000.0,25800000.0,86000000.0,34.0,0.0,0.0,0.0
2026-10-08 10:23:05.968680382+00:00,socialnetwork-media-mongodb-1,0.28,63.30253312,1.58,10400.0,126.0,2020000.0,80300000.0,32.0,0.0,0.0,0.0
2026-10-08 10:23:05.968680382+00:00,socialnetwork-user-mongodb-1,0.27,73.00186112,1.83,654000.0,1290000.0,12600000.0,86100000.0,34.0,0.0,0.0,0.0
2026-10-08 10:23:05.968680382+00:00,socialnetwork-url-shorten-mongodb-1,0.26,64.1728512,1.61,653000.0,1290000.0,3340000.0,86100000.0,34.0,0.0,0.0,0.0
2026-10-08 10:23:05.968680382+00:00,socialnetwork-post-storage-mongodb-1,0.28,71.60725504000001,1.79,654000.0,1330000.0,11600000.0,86500000.0,34.0,0.0,0.0,0.0
2026-10-08 10:23:05.968680382+00:00,socialnetwork-user-timeline-mongodb-1,0.29,63.55419136,1.59,652000.0,1280000.0,3370000.0,86100000.0,34.0,0.0,0.0,0.0
2026-10-08 10:23:15.973758459+00:00,socialnetwork-url-shorten-service-1,0.0,2.871001088,0.07,1300000.0,643000.0,971000.0,0.0,3.0,,,
2026-10-08 10:23:15.973758459+00:00,socialnetwork-nginx-thrift-1,0.84,25.941770239999997,0.65,58700000.0,77700000.0,14100000.0,4100.0,5.0,,,
2026-10-08 10:23:15.973758459+00:00,socialnetwork-media-frontend-1,0.0,23.530045440000002,0.59,10600.0,126.0,10100000.0,4100.0,17.0,,,
2026-10-08 10:23:15.973758459+00:00,socialnetwork-compose-post-service-1,0.0,6.753878016,0.17,11900.0,126.0,6160000.0,0.0,2.0,,,
2026-10-08 10:23:15.973758459+00:00,socialnetwork-post-storage-service-1,0.27,4.927258624,0.12,66800000.0,47700000.0,0.0,0.0,6.0,,,
2026-10-08 10:23:15.973758459+00:00,socialnetwork-media-service-1,0.0,2.0730347520000003,0.05,12200.0,126.0,1120000.0,0.0,2.0,,,
2026-10-08 10:23:15.973758459+00:00,socialnetwork-user-service-1,0.0,7.118782464,0.18,1300000.0,643000.0,5540000.0,0.0,3.0,,,
2026-10-08 10:23:15.973758459+00:00,socialnetwork-home-timeline-service-1,0.02,5.214568448,0.13,30100000.0,29900000.0,1890000.0,0.0,5.0,,,
2026-10-08 10:23:15.973758459+00:00,socialnetwork-user-mention-service-1,0.0,2.780823552,0.07,11000.0,126.0,991000.0,0.0,2.0,,,
2026-10-08 10:23:15.973758459+00:00,socialnetwork-unique-id-service-1,0.0,2.080374784,0.05,11700.0,126.0,967000.0,0.0,2.0,,,
2026-10-08 10:23:15.973758459+00:00,socialnetwork-social-graph-service-1,0.0,3.375366144,0.08,1300000.0,643000.0,1710000.0,0.0,3.0,,,
2026-10-08 10:23:15.973758459+00:00,socialnetwork-user-timeline-service-1,0.12,6.87341568,0.17,30300000.0,29400000.0,3620000.0,0.0,5.0,,,
2026-10-08 10:23:15.973758459+00:00,socialnetwork-text-service-1,0.0,2.178940928,0.05,11400.0,126.0,1070000.0,0.0,2.0,,,
2026-10-08 10:23:15.973758459+00:00,socialnetwork-url-shorten-memcached-1,0.01,8.974761983999999,0.22,11800.0,126.0,7470000.0,0.0,10.0,,,
2026-10-08 10:23:15.973758459+00:00,socialnetwork-user-timeline-redis-1,0.18,6.25475584,0.16,585000.0,1040000.0,127000.0,0.0,6.0,,,
2026-10-08 10:23:15.973758459+00:00,socialnetwork-media-memcached-1,0.01,2.1663580159999998,0.05,11200.0,126.0,0.0,0.0,10.0,,,
2026-10-08 10:23:15.973758459+00:00,socialnetwork-user-memcached-1,0.01,2.174746624,0.05,11100.0,126.0,0.0,0.0,10.0,,,
2026-10-08 10:23:15.973758459+00:00,socialnetwork-home-timeline-redis-1,0.17,62.99844608,1.58,592000.0,1040000.0,35200000.0,0.0,6.0,,,
2026-10-08 10:23:15.973758459+00:00,socialnetwork-post-storage-memcached-1,0.14,9.019850752,0.23,6550000.0,82400000.0,0.0,0.0,10.0,,,
2026-10-08 10:23:15.973758459+00:00,socialnetwork-social-graph-redis-1,0.16,7.7542195199999995,0.19,10700.0,126.0,782000.0,0.0,6.0,,,
2026-10-08 10:23:15.973758459+00:00,socialnetwork-jaeger-agent-1,0.01,41.75429632,1.04,1780000.0,297000.0,33000000.0,0.0,8.0,,,
2026-10-08 10:23:15.973758459+00:00,socialnetwork-social-graph-mongodb-1,0.25,86.79063552,2.17,655000.0,1290000.0,25800000.0,86100000.0,34.0,,,
2026-10-08 10:23:15.973758459+00:00,socialnetwork-media-mongodb-1,0.25,63.30253312,1.58,10400.0,126.0,2020000.0,80300000.0,32.0,,,
2026-10-08 10:23:15.973758459+00:00,socialnetwork-user-mongodb-1,0.25,73.00186112,1.83,654000.0,1290000.0,12600000.0,86100000.0,34.0,,,
2026-10-08 10:23:15.973758459+00:00,socialnetwork-url-shorten-mongodb-1,0.25,64.1728512,1.61,654000.0,1290000.0,3340000.0,86100000.0,34.0,,,
2026-10-08 10:23:15.973758459+00:00,socialnetwork-post-storage-mongodb-1,0.27,71.86939904,1.8,654000.0,1330000.0,11600000.0,86500000.0,34.0,,,
2026-10-08 10:23:15.973758459+00:00,socialnetwork-user-timeline-mongodb-1,0.23,63.81633536,1.6,652000.0,1280000.0,3370000.0,86100000.0,34.0,,,
2026-10-08 10:23:25.980502367+00:00,socialnetwork-url-shorten-service-1,0.0,2.871001088,0.07,1300000.0,644000.0,971000.0,0.0,3.0,,,
2026-10-08 10:23:25.980502367+00:00,socialnetwork-nginx-thrift-1,0.03,25.71108352,0.64,59000000.0,78100000.0,14100000.0,4100.0,5.0,,,
2026-10-08 10:23:25.980502367+00:00,socialnetwork-media-frontend-1,0.0,23.530045440000002,0.59,10600.0,126.0,10100000.0,4100.0,17.0,,,
2026-10-08 10:23:25.980502367+00:00,socialnetwork-compose-post-service-1,0.0,6.753878016,0.17,11900.0,126.0,6160000.0,0.0,2.0,,,
2026-10-08 10:23:25.980502367+00:00,socialnetwork-post-storage-service-1,0.03,5.218762752,0.13,67200000.0,48100000.0,0.0,0.0,7.0,,,
2026-10-08 10:23:25.980502367+00:00,socialnetwork-media-service-1,0.0,2.0730347520000003,0.05,12200.0,126.0,1120000.0,0.0,2.0,,,
2026-10-08 10:23:25.980502367+00:00,socialnetwork-user-service-1,0.0,7.118782464,0.18,1300000.0,644000.0,5540000.0,0.0,3.0,,,
2026-10-08 10:23:25.980502367+00:00,socialnetwork-home-timeline-service-1,0.0,4.9524244479999995,0.12,30300000.0,30100000.0,1890000.0,0.0,5.0,,,
2026-10-08 10:23:25.980502367+00:00,socialnetwork-user-mention-service-1,0.0,2.780823552,0.07,11000.0,126.0,991000.0,0.0,2.0,,,
2026-10-08 10:23:25.980502367+00:00,socialnetwork-unique-id-service-1,0.0,2.080374784,0.05,11700.0,126.0,967000.0,0.0,2.0,,,
2026-10-08 10:23:25.980502367+00:00,socialnetwork-social-graph-service-1,0.0,3.375366144,0.08,1300000.0,644000.0,1710000.0,0.0,3.0,,,
2026-10-08 10:23:25.980502367+00:00,socialnetwork-user-timeline-service-1,0.0,6.91011584,0.17,30500000.0,29600000.0,3620000.0,0.0,6.0,,,
2026-10-08 10:23:25.980502367+00:00,socialnetwork-text-service-1,0.0,2.178940928,0.05,11400.0,126.0,1070000.0,0.0,2.0,,,
2026-10-08 10:23:25.980502367+00:00,socialnetwork-url-shorten-memcached-1,0.01,8.974761983999999,0.22,11800.0,126.0,7470000.0,0.0,10.0,,,
2026-10-08 10:23:25.980502367+00:00,socialnetwork-user-timeline-redis-1,0.16,6.25475584,0.16,587000.0,1040000.0,127000.0,0.0,6.0,,,
2026-10-08 10:23:25.980502367+00:00,socialnetwork-media-memcached-1,0.01,2.1663580159999998,0.05,11200.0,126.0,0.0,0.0,10.0,,,
2026-10-08 10:23:25.980502367+00:00,socialnetwork-user-memcached-1,0.02,2.174746624,0.05,11100.0,126.0,0.0,0.0,10.0,,,
2026-10-08 10:23:25.980502367+00:00,socialnetwork-home-timeline-redis-1,0.15,62.73630208,1.57,595000.0,1050000.0,35200000.0,0.0,6.0,,,
2026-10-08 10:23:25.980502367+00:00,socialnetwork-post-storage-memcached-1,0.15,8.786018303999999,0.22,6590000.0,82800000.0,0.0,0.0,10.0,,,
2026-10-08 10:23:25.980502367+00:00,socialnetwork-social-graph-redis-1,0.17,7.7542195199999995,0.19,10700.0,126.0,782000.0,0.0,6.0,,,
2026-10-08 10:23:25.980502367+00:00,socialnetwork-jaeger-agent-1,0.01,41.75429632,1.04,1810000.0,299000.0,33000000.0,0.0,8.0,,,
2026-10-08 10:23:25.980502367+00:00,socialnetwork-social-graph-mongodb-1,0.25,86.79063552,2.17,655000.0,1290000.0,25800000.0,86100000.0,34.0,,,
2026-10-08 10:23:25.980502367+00:00,socialnetwork-media-mongodb-1,0.26,63.82682112,1.6,10400.0,126.0,2020000.0,80400000.0,32.0,,,
2026-10-08 10:23:25.980502367+00:00,socialnetwork-user-mongodb-1,0.26,73.26400512000001,1.83,654000.0,1290000.0,12600000.0,86200000.0,34.0,,,
2026-10-08 10:23:25.980502367+00:00,socialnetwork-url-shorten-mongodb-1,0.29,64.4349952,1.61,654000.0,1290000.0,3340000.0,86200000.0,34.0,,,
2026-10-08 10:23:25.980502367+00:00,socialnetwork-post-storage-mongodb-1,0.28,72.12105728,1.8,654000.0,1330000.0,11600000.0,86500000.0,34.0,,,
2026-10-08 10:23:25.980502367+00:00,socialnetwork-user-timeline-mongodb-1,0.27,63.55419136,1.59,652000.0,1280000.0,3370000.0,86200000.0,34.0,,,
2026-10-08 10:23:35.982147694+00:00,socialnetwork-url-shorten-service-1,0.0,2.871001088,0.07,1300000.0,644000.0,971000.0,0.0,3.0,0.0,0.0,0.0
2026-10-08 10:23:35.982147694+00:00,socialnetwork-nginx-thrift-1,0.91,25.71108352,0.64,59400000.0,78700000.0,14100000.0,4100.0,5.0,0.0,0.0,0.0
2026-10-08 10:23:35.982147694+00:00,socialnetwork-media-frontend-1,0.0,23.530045440000002,0.59,10600.0,126.0,10100000.0,4100.0,17.0,0.0,0.0,0.0
2026-10-08 10:23:35.982147694+00:00,socialnetwork-compose-post-service-1,0.0,6.753878016,0.17,11900.0,126.0,6160000.0,0.0,2.0,0.0,0.0,0.0
2026-10-08 10:23:35.982147694+00:00,socialnetwork-post-storage-service-1,0.25,5.1485081600000004,0.13,67800000.0,48500000.0,0.0,0.0,5.0,1.0,1.0,0.0
2026-10-08 10:23:35.982147694+00:00,socialnetwork-media-service-1,0.0,2.0730347520000003,0.05,12200.0,126.0,1120000.0,0.0,2.0,0.0,0.0,0.0
2026-10-08 10:23:35.982147694+00:00,socialnetwork-user-service-1,0.0,7.118782464,0.18,1300000.0,644000.0,5540000.0,0.0,3.0,0.0,0.0,0.0
2026-10-08 10:23:35.982147694+00:00,socialnetwork-home-timeline-service-1,0.02,4.948230144,0.12,30500000.0,30300000.0,1890000.0,0.0,5.0,2.0,2.0,0.0
2026-10-08 10:23:35.982147694+00:00,socialnetwork-user-mention-service-1,0.0,2.780823552,0.07,11000.0,126.0,991000.0,0.0,2.0,0.0,0.0,0.0
2026-10-08 10:23:35.982147694+00:00,socialnetwork-unique-id-service-1,0.0,2.080374784,0.05,11700.0,126.0,967000.0,0.0,2.0,0.0,0.0,0.0
2026-10-08 10:23:35.982147694+00:00,socialnetwork-social-graph-service-1,0.0,3.375366144,0.08,1300000.0,644000.0,1710000.0,0.0,3.0,0.0,0.0,0.0
2026-10-08 10:23:35.982147694+00:00,socialnetwork-user-timeline-service-1,0.15,7.15128832,0.18,30700000.0,29800000.0,3620000.0,0.0,6.0,2.0,2.0,0.0
2026-10-08 10:23:35.982147694+00:00,socialnetwork-text-service-1,0.0,2.178940928,0.05,11400.0,126.0,1070000.0,0.0,2.0,0.0,0.0,0.0
2026-10-08 10:23:35.982147694+00:00,socialnetwork-url-shorten-memcached-1,0.01,8.974761983999999,0.22,11800.0,126.0,7470000.0,0.0,10.0,0.0,0.0,0.0
2026-10-08 10:23:35.982147694+00:00,socialnetwork-user-timeline-redis-1,0.18,6.51689984,0.16,591000.0,1050000.0,127000.0,0.0,6.0,0.0,0.0,0.0
2026-10-08 10:23:35.982147694+00:00,socialnetwork-media-memcached-1,0.01,2.1663580159999998,0.05,11200.0,126.0,0.0,0.0,10.0,0.0,0.0,0.0
2026-10-08 10:23:35.982147694+00:00,socialnetwork-user-memcached-1,0.01,2.174746624,0.05,11100.0,126.0,0.0,0.0,10.0,0.0,0.0,0.0
2026-10-08 10:23:35.982147694+00:00,socialnetwork-home-timeline-redis-1,0.16,62.99844608,1.58,599000.0,1050000.0,35200000.0,0.0,6.0,0.0,0.0,0.0
2026-10-08 10:23:35.982147694+00:00,socialnetwork-post-storage-memcached-1,0.22,9.043968,0.23,6630000.0,83400000.0,0.0,0.0,10.0,0.0,0.0,0.0
2026-10-08 10:23:35.982147694+00:00,socialnetwork-social-graph-redis-1,0.17,7.7542195199999995,0.19,10700.0,126.0,782000.0,0.0,6.0,0.0,0.0,0.0
2026-10-08 10:23:35.982147694+00:00,socialnetwork-jaeger-agent-1,0.03,41.75429632,1.04,1810000.0,300000.0,33000000.0,0.0,8.0,0.0,0.0,0.0
2026-10-08 10:23:35.982147694+00:00,socialnetwork-social-graph-mongodb-1,0.27,86.79063552,2.17,655000.0,1290000.0,25800000.0,86200000.0,34.0,1.0,0.0,0.0
2026-10-08 10:23:35.982147694+00:00,socialnetwork-media-mongodb-1,0.26,63.30253312,1.58,10400.0,126.0,2020000.0,80400000.0,32.0,1.0,0.0,0.0
2026-10-08 10:23:35.982147694+00:00,socialnetwork-user-mongodb-1,0.27,73.00186112,1.83,654000.0,1290000.0,12600000.0,86200000.0,34.0,1.0,0.0,0.0
2026-10-08 10:23:35.982147694+00:00,socialnetwork-url-shorten-mongodb-1,0.27,64.1728512,1.61,654000.0,1290000.0,3340000.0,86200000.0,34.0,1.0,0.0,0.0
2026-10-08 10:23:35.982147694+00:00,socialnetwork-post-storage-mongodb-1,0.28,71.60725504000001,1.79,654000.0,1330000.0,11600000.0,86600000.0,34.0,1.0,0.0,0.0
2026-10-08 10:23:35.982147694+00:00,socialnetwork-user-timeline-mongodb-1,0.27,63.55419136,1.59,652000.0,1280000.0,3370000.0,86200000.0,34.0,1.0,0.0,0.0
2026-10-08 10:23:45.992240429+00:00,socialnetwork-url-shorten-service-1,0.0,2.871001088,0.07,1300000.0,644000.0,971000.0,0.0,3.0,,,
2026-10-08 10:23:45.992240429+00:00,socialnetwork-nginx-thrift-1,0.91,25.71108352,0.64,59700000.0,79100000.0,14100000.0,4100.0,5.0,,,
2026-10-08 10:23:45.992240429+00:00,socialnetwork-media-frontend-1,0.0,23.530045440000002,0.59,10600.0,126.0,10100000.0,4100.0,17.0,,,
2026-10-08 10:23:45.992240429+00:00,socialnetwork-compose-post-service-1,0.0,6.753878016,0.17,11900.0,126.0,6160000.0,0.0,2.0,,,
2026-10-08 10:23:45.992240429+00:00,socialnetwork-post-storage-service-1,0.28,5.1894026239999995,0.13,68300000.0,48800000.0,0.0,0.0,5.0,,,
2026-10-08 10:23:45.992240429+00:00,socialnetwork-media-service-1,0.0,2.0730347520000003,0.05,12200.0,126.0,1120000.0,0.0,2.0,,,
2026-10-08 10:23:45.992240429+00:00,socialnetwork-user-service-1,0.0,7.118782464,0.18,1300000.0,644000.0,5540000.0,0.0,3.0,,,
2026-10-08 10:23:45.992240429+00:00,socialnetwork-home-timeline-service-1,0.08,4.911529984,0.12,30700000.0,30500000.0,1890000.0,0.0,4.0,,,
2026-10-08 10:23:45.992240429+00:00,socialnetwork-user-mention-service-1,0.0,2.780823552,0.07,11000.0,126.0,991000.0,0.0,2.0,,,
2026-10-08 10:23:45.992240429+00:00,socialnetwork-unique-id-service-1,0.0,2.080374784,0.05,11700.0,126.0,967000.0,0.0,2.0,,,
2026-10-08 10:23:45.992240429+00:00,socialnetwork-social-graph-service-1,0.0,3.375366144,0.08,1300000.0,644000.0,1710000.0,0.0,3.0,,,
2026-10-08 10:23:45.992240429+00:00,socialnetwork-user-timeline-service-1,0.08,6.905921536,0.17,30800000.0,30000000.0,3620000.0,0.0,6.0,,,
2026-10-08 10:23:45.992240429+00:00,socialnetwork-text-service-1,0.0,2.178940928,0.05,11400.0,126.0,1070000.0,0.0,2.0,,,
2026-10-08 10:23:45.992240429+00:00,socialnetwork-url-shorten-memcached-1,0.01,8.974761983999999,0.22,11800.0,126.0,7470000.0,0.0,10.0,,,
2026-10-08 10:23:45.992240429+00:00,socialnetwork-user-timeline-redis-1,0.17,6.512705536,0.16,594000.0,1050000.0,127000.0,0.0,6.0,,,
2026-10-08 10:23:45.992240429+00:00,socialnetwork-media-memcached-1,0.01,2.1663580159999998,0.05,11200.0,126.0,0.0,0.0,10.0,,,
2026-10-08 10:23:45.992240429+00:00,socialnetwork-user-memcached-1,0.01,2.174746624,0.05,11100.0,126.0,0.0,0.0,10.0,,,
2026-10-08 10:23:45.992240429+00:00,socialnetwork-home-timeline-redis-1,0.16,62.73630208,1.57,601000.0,1060000.0,35200000.0,0.0,6.0,,,
2026-10-08 10:23:45.992240429+00:00,socialnetwork-post-storage-memcached-1,0.21,8.790212608,0.22,6670000.0,83800000.0,0.0,0.0,10.0,,,
2026-10-08 10:23:45.992240429+00:00,socialnetwork-social-graph-redis-1,0.14,7.7542195199999995,0.19,10700.0,126.0,782000.0,0.0,6.0,,,
2026-10-08 10:23:45.992240429+00:00,socialnetwork-jaeger-agent-1,0.01,41.75429632,1.04,1830000.0,302000.0,33000000.0,0.0,8.0,,,
2026-10-08 10:23:45.992240429+00:00,socialnetwork-social-graph-mongodb-1,0.23,86.79063552,2.17,655000.0,1290000.0,25800000.0,86200000.0,34.0,,,
2026-10-08 10:23:45.992240429+00:00,socialnetwork-media-mongodb-1,0.24,63.56467712,1.59,10400.0,126.0,2020000.0,80400000.0,32.0,,,
2026-10-08 10:23:45.992240429+00:00,socialnetwork-user-mongodb-1,0.26,73.00186112,1.83,655000.0,1290000.0,12600000.0,86200000.0,34.0,,,
2026-10-08 10:23:45.992240429+00:00,socialnetwork-url-shorten-mongodb-1,0.22,64.1728512,1.61,654000.0,1290000.0,3340000.0,86200000.0,34.0,,,
2026-10-08 10:23:45.992240429+00:00,socialnetwork-post-storage-mongodb-1,0.29,71.86939904,1.8,654000.0,1330000.0,11600000.0,86600000.0,34.0,,,
2026-10-08 10:23:45.992240429+00:00,socialnetwork-user-timeline-mongodb-1,0.25,63.55419136,1.59,653000.0,1290000.0,3370000.0,86200000.0,34.0,,,
2026-10-08 10:23:55.998570442+00:00,socialnetwork-url-shorten-service-1,0.0,2.871001088,0.07,1300000.0,644000.0,971000.0,0.0,3.0,,,
2026-10-08 10:23:55.998570442+00:00,socialnetwork-nginx-thrift-1,0.9,25.71108352,0.64,60100000.0,79500000.0,14100000.0,4100.0,5.0,,,
2026-10-08 10:23:55.998570442+00:00,socialnetwork-media-frontend-1,0.0,23.530045440000002,0.59,10600.0,126.0,10100000.0,4100.0,17.0,,,
2026-10-08 10:23:55.998570442+00:00,socialnetwork-compose-post-service-1,0.0,6.753878016,0.17,11900.0,126.0,6160000.0,0.0,2.0,,,
2026-10-08 10:23:55.998570442+00:00,socialnetwork-post-storage-service-1,0.29,5.177868288,0.13,68800000.0,49200000.0,0.0,0.0,6.0,,,
2026-10-08 10:23:55.998570442+00:00,socialnetwork-media-service-1,0.0,2.0730347520000003,0.05,12200.0,126.0,1120000.0,0.0,2.0,,,
2026-10-08 10:23:55.998570442+00:00,socialnetwork-user-service-1,0.0,7.118782464,0.18,1300000.0,644000.0,5540000.0,0.0,3.0,,,
2026-10-08 10:23:55.998570442+00:00,socialnetwork-home-timeline-service-1,0.06,4.948230144,0.12,30800000.0,30600000.0,1890000.0,0.0,5.0,,,
2026-10-08 10:23:55.998570442+00:00,socialnetwork-user-mention-service-1,0.0,2.780823552,0.07,11000.0,126.0,991000.0,0.0,2.0,,,
2026-10-08 10:23:55.998570442+00:00,socialnetwork-unique-id-service-1,0.0,2.080374784,0.05,11700.0,126.0,967000.0,0.0,2.0,,,
2026-10-08 10:23:55.998570442+00:00,socialnetwork-social-graph-service-1,0.0,3.375366144,0.08,1300000.0,644000.0,1710000.0,0.0,3.0,,,
2026-10-08 10:23:55.998570442+00:00,socialnetwork-user-timeline-service-1,0.07,6.8692213760000005,0.17,31000000.0,30100000.0,3620000.0,0.0,5.0,,,
2026-10-08 10:23:55.998570442+00:00,socialnetwork-text-service-1,0.0,2.178940928,0.05,11400.0,126.0,1070000.0,0.0,2.0,,,
2026-10-08 10:23:55.998570442+00:00,socialnetwork-url-shorten-memcached-1,0.01,8.974761983999999,0.22,11800.0,126.0,7470000.0,0.0,10.0,,,
2026-10-08 10:23:55.998570442+00:00,socialnetwork-user-timeline-redis-1,0.19,6.51689984,0.16,597000.0,1060000.0,127000.0,0.0,6.0,,,
2026-10-08 10:23:55.998570442+00:00,socialnetwork-media-memcached-1,0.01,2.1663580159999998,0.05,11200.0,126.0,0.0,0.0,10.0,,,
2026-10-08 10:23:55.998570442+00:00,socialnetwork-user-memcached-1,0.01,2.174746624,0.05,11100.0,126.0,0.0,0.0,10.0,,,
2026-10-08 10:23:55.998570442+00:00,socialnetwork-home-timeline-redis-1,0.18,62.99844608,1.58,604000.0,1060000.0,35200000.0,0.0,6.0,,,
2026-10-08 10:23:55.998570442+00:00,socialnetwork-post-storage-memcached-1,0.16,9.306112,0.23,6710000.0,84300000.0,0.0,0.0,10.0,,,
2026-10-08 10:23:55.998570442+00:00,socialnetwork-social-graph-redis-1,0.16,7.7542195199999995,0.19,10700.0,126.0,782000.0,0.0,6.0,,,
2026-10-08 10:23:55.998570442+00:00,socialnetwork-jaeger-agent-1,0.01,41.75429632,1.04,1830000.0,303000.0,33000000.0,0.0,8.0,,,
2026-10-08 10:23:55.998570442+00:00,socialnetwork-social-graph-mongodb-1,0.24,86.79063552,2.17,655000.0,1290000.0,25800000.0,86200000.0,34.0,,,
2026-10-08 10:23:55.998570442+00:00,socialnetwork-media-mongodb-1,0.26,63.56467712,1.59,10400.0,126.0,2020000.0,80400000.0,32.0,,,
2026-10-08 10:23:55.998570442+00:00,socialnetwork-user-mongodb-1,0.26,73.00186112,1.83,655000.0,1290000.0,12600000.0,86200000.0,34.0,,,
2026-10-08 10:23:55.998570442+00:00,socialnetwork-url-shorten-mongodb-1,0.22,64.1728512,1.61,655000.0,1290000.0,3340000.0,86200000.0,34.0,,,
2026-10-08 10:23:55.998570442+00:00,socialnetwork-post-storage-mongodb-1,0.28,71.86939904,1.8,654000.0,1330000.0,11600000.0,86600000.0,34.0,,,
2026-10-08 10:23:55.998570442+00:00,socialnetwork-user-timeline-mongodb-1,0.25,63.55419136,1.59,653000.0,1290000.0,3370000.0,86200000.0,34.0,,,
2026-10-08 10:24:06.006643534+00:00,socialnetwork-url-shorten-service-1,0.0,2.871001088,0.07,1300000.0,644000.0,971000.0,0.0,3.0,0.0,0.0,0.0
2026-10-08 10:24:06.006643534+00:00,socialnetwork-nginx-thrift-1,0.92,25.7949696,0.65,60500000.0,80100000.0,14100000.0,4100.0,5.0,0.0,0.0,0.0
2026-10-08 10:24:06.006643534+00:00,socialnetwork-media-frontend-1,0.0,23.530045440000002,0.59,10600.0,126.0,10100000.0,4100.0,17.0,0.0,0.0,0.0
2026-10-08 10:24:06.006643534+00:00,socialnetwork-compose-post-service-1,0.0,6.753878016,0.17,11900.0,126.0,6160000.0,0.0,2.0,0.0,0.0,0.0
2026-10-08 10:24:06.006643534+00:00,socialnetwork-post-storage-service-1,0.25,4.890558464,0.12,69400000.0,49600000.0,0.0,0.0,5.0,2.0,2.0,0.0
2026-10-08 10:24:06.006643534+00:00,socialnetwork-media-service-1,0.0,2.0730347520000003,0.05,12200.0,126.0,1120000.0,0.0,2.0,0.0,0.0,0.0
2026-10-08 10:24:06.006643534+00:00,socialnetwork-user-service-1,0.0,7.118782464,0.18,1300000.0,644000.0,5540000.0,0.0,3.0,0.0,0.0,0.0
2026-10-08 10:24:06.006643534+00:00,socialnetwork-home-timeline-service-1,0.05,5.197791232,0.13,31000000.0,30800000.0,1890000.0,0.0,5.0,2.0,2.0,0.0
2026-10-08 10:24:06.006643534+00:00,socialnetwork-user-mention-service-1,0.0,2.780823552,0.07,11000.0,126.0,991000.0,0.0,2.0,0.0,0.0,0.0
2026-10-08 10:24:06.006643534+00:00,socialnetwork-unique-id-service-1,0.0,2.080374784,0.05,11700.0,126.0,967000.0,0.0,2.0,0.0,0.0,0.0
2026-10-08 10:24:06.006643534+00:00,socialnetwork-social-graph-service-1,0.0,3.375366144,0.08,1300000.0,644000.0,1710000.0,0.0,3.0,0.0,0.0,0.0
2026-10-08 10:24:06.006643534+00:00,socialnetwork-user-timeline-service-1,0.11,6.905921536,0.17,31200000.0,30300000.0,3620000.0,0.0,6.0,1.0,1.0,0.0
2026-10-08 10:24:06.006643534+00:00,socialnetwork-text-service-1,0.0,2.178940928,0.05,11400.0,126.0,1070000.0,0.0,2.0,0.0,0.0,0.0
2026-10-08 10:24:06.006643534+00:00,socialnetwork-url-shorten-memcached-1,0.01,8.974761983999999,0.22,11800.0,126.0,7470000.0,0.0,10.0,0.0,0.0,0.0
2026-10-08 10:24:06.006643534+00:00,socialnetwork-user-timeline-redis-1,0.17,6.51689984,0.16,600000.0,1070000.0,127000.0,0.0,6.0,0.0,0.0,0.0
2026-10-08 10:24:06.006643534+00:00,socialnetwork-media-memcached-1,0.01,2.1663580159999998,0.05,11200.0,126.0,0.0,0.0,10.0,0.0,0.0,0.0
2026-10-08 10:24:06.006643534+00:00,socialnetwork-user-memcached-1,0.01,2.174746624,0.05,11100.0,126.0,0.0,0.0,10.0,0.0,0.0,0.0
2026-10-08 10:24:06.006643534+00:00,socialnetwork-home-timeline-redis-1,0.15,62.99844608,1.58,608000.0,1070000.0,35200000.0,0.0,6.0,0.0,0.0,0.0
2026-10-08 10:24:06.006643534+00:00,socialnetwork-post-storage-memcached-1,0.17,8.790212608,0.22,6750000.0,84900000.0,0.0,0.0,10.0,0.0,0.0,0.0
2026-10-08 10:24:06.006643534+00:00,socialnetwork-social-graph-redis-1,0.17,7.7542195199999995,0.19,10700.0,126.0,782000.0,0.0,6.0,0.0,0.0,0.0
2026-10-08 10:24:06.006643534+00:00,socialnetwork-jaeger-agent-1,0.02,41.75429632,1.04,1850000.0,305000.0,33000000.0,0.0,8.0,0.0,0.0,0.0
2026-10-08 10:24:06.006643534+00:00,socialnetwork-social-graph-mongodb-1,0.29,86.79063552,2.17,656000.0,1290000.0,25800000.0,86200000.0,34.0,0.0,0.0,0.0
2026-10-08 10:24:06.006643534+00:00,socialnetwork-media-mongodb-1,0.26,63.30253312,1.58,10400.0,126.0,2020000.0,80400000.0,32.0,0.0,0.0,0.0
2026-10-08 10:24:06.006643534+00:00,socialnetwork-user-mongodb-1,0.29,73.26400512000001,1.83,655000.0,1290000.0,12600000.0,86200000.0,34.0,0.0,0.0,0.0
2026-10-08 10:24:06.006643534+00:00,socialnetwork-url-shorten-mongodb-1,0.25,64.1728512,1.61,655000.0,1290000.0,3340000.0,86200000.0,34.0,0.0,0.0,0.0
2026-10-08 10:24:06.006643534+00:00,socialnetwork-post-storage-mongodb-1,0.28,71.86939904,1.8,655000.0,1330000.0,11600000.0,86600000.0,34.0,0.0,0.0,0.0
2026-10-08 10:24:06.006643534+00:00,socialnetwork-user-timeline-mongodb-1,0.25,63.55419136,1.59,653000.0,1290000.0,3370000.0,86200000.0,34.0,0.0,0.0,0.0
2026-10-08 10:24:16.015979766+00:00,socialnetwork-url-shorten-service-1,0.0,2.871001088,0.07,1300000.0,645000.0,971000.0,0.0,3.0,,,
2026-10-08 10:24:16.015979766+00:00,socialnetwork-nginx-thrift-1,1.11,25.71108352,0.64,60800000.0,80500000.0,14100000.0,4100.0,5.0,,,
2026-10-08 10:24:16.015979766+00:00,socialnetwork-media-frontend-1,0.0,23.530045440000002,0.59,10600.0,126.0,10100000.0,4100.0,17.0,,,
2026-10-08 10:24:16.015979766+00:00,socialnetwork-compose-post-service-1,0.0,6.753878016,0.17,11900.0,126.0,6160000.0,0.0,2.0,,,
2026-10-08 10:24:16.015979766+00:00,socialnetwork-post-storage-service-1,0.3,5.419040768,0.14,69800000.0,50000000.0,0.0,0.0,6.0,,,
2026-10-08 10:24:16.015979766+00:00,socialnetwork-media-service-1,0.0,2.0730347520000003,0.05,12200.0,126.0,1120000.0,0.0,2.0,,,
2026-10-08 10:24:16.015979766+00:00,socialnetwork-user-service-1,0.0,7.118782464,0.18,1300000.0,645000.0,5540000.0,0.0,3.0,,,
2026-10-08 10:24:16.015979766+00:00,socialnetwork-home-timeline-service-1,0.06,5.2019855360000005,0.13,31200000.0,31000000.0,1890000.0,0.0,5.0,,,
2026-10-08 10:24:16.015979766+00:00,socialnetwork-user-mention-service-1,0.0,2.780823552,0.07,11000.0,126.0,991000.0,0.0,2.0,,,
2026-10-08 10:24:16.015979766+00:00,socialnetwork-unique-id-service-1,0.0,2.080374784,0.05,11700.0,126.0,967000.0,0.0,2.0,,,
2026-10-08 10:24:16.015979766+00:00,socialnetwork-social-graph-service-1,0.0,3.375366144,0.08,1300000.0,645000.0,1710000.0,0.0,3.0,,,
2026-10-08 10:24:16.015979766+00:00,socialnetwork-user-timeline-service-1,0.08,6.8692213760000005,0.17,31400000.0,30500000.0,3620000.0,0.0,5.0,,,
2026-10-08 10:24:16.015979766+00:00,socialnetwork-text-service-1,0.0,2.178940928,0.05,11400.0,126.0,1070000.0,0.0,2.0,,,
2026-10-08 10:24:16.015979766+00:00,socialnetwork-url-shorten-memcached-1,0.01,8.974761983999999,0.22,11800.0,126.0,7470000.0,0.0,10.0,,,
2026-10-08 10:24:16.015979766+00:00,socialnetwork-user-timeline-redis-1,0.17,6.25475584,0.16,603000.0,1070000.0,127000.0,0.0,6.0,,,
2026-10-08 10:24:16.015979766+00:00,socialnetwork-media-memcached-1,0.01,2.1663580159999998,0.05,11200.0,126.0,0.0,0.0,10.0,,,
2026-10-08 10:24:16.015979766+00:00,socialnetwork-user-memcached-1,0.01,2.174746624,0.05,11100.0,126.0,0.0,0.0,10.0,,,
2026-10-08 10:24:16.015979766+00:00,socialnetwork-home-timeline-redis-1,0.16,62.99844608,1.58,611000.0,1080000.0,35200000.0,0.0,6.0,,,
2026-10-08 10:24:16.015979766+00:00,socialnetwork-post-storage-memcached-1,0.16,9.035579392,0.23,6790000.0,85400000.0,0.0,0.0,10.0,,,
2026-10-08 10:24:16.015979766+00:00,socialnetwork-social-graph-redis-1,0.15,7.492075519999999,0.19,10700.0,126.0,782000.0,0.0,6.0,,,
2026-10-08 10:24:16.015979766+00:00,socialnetwork-jaeger-agent-1,0.01,41.75429632,1.04,1850000.0,306000.0,33000000.0,0.0,8.0,,,
2026-10-08 10:24:16.015979766+00:00,socialnetwork-social-graph-mongodb-1,0.24,86.79063552,2.17,656000.0,1290000.0,25800000.0,86200000.0,34.0,,,
2026-10-08 10:24:16.015979766+00:00,socialnetwork-media-mongodb-1,0.23,63.30253312,1.58,10400.0,126.0,2020000.0,80500000.0,32.0,,,
2026-10-08 10:24:16.015979766+00:00,socialnetwork-user-mongodb-1,0.24,73.00186112,1.83,655000.0,1290000.0,12600000.0,86200000.0,34.0,,,
2026-10-08 10:24:16.015979766+00:00,socialnetwork-url-shorten-mongodb-1,0.22,64.1728512,1.61,655000.0,1290000.0,3340000.0,86300000.0,34.0,,,
2026-10-08 10:24:16.015979766+00:00,socialnetwork-post-storage-mongodb-1,0.27,71.86939904,1.8,655000.0,1330000.0,11600000.0,86600000.0,34.0,,,
2026-10-08 10:24:16.015979766+00:00,socialnetwork-user-timeline-mongodb-1,0.26,63.81633536,1.6,653000.0,1290000.0,3370000.0,86300000.0,34.0,,,
2026-10-08 10:24:26.018535376+00:00,socialnetwork-url-shorten-service-1,0.0,2.871001088,0.07,1300000.0,645000.0,971000.0,0.0,3.0,,,
2026-10-08 10:24:26.018535376+00:00,socialnetwork-nginx-thrift-1,0.63,25.73205504,0.64,61200000.0,81000000.0,14100000.0,4100.0,5.0,,,
2026-10-08 10:24:26.018535376+00:00,socialnetwork-media-frontend-1,0.0,23.530045440000002,0.59,10600.0,126.0,10100000.0,4100.0,17.0,,,
2026-10-08 10:24:26.018535376+00:00,socialnetwork-compose-post-service-1,0.0,6.753878016,0.17,11900.0,126.0,6160000.0,0.0,2.0,,,
2026-10-08 10:24:26.018535376+00:00,socialnetwork-post-storage-service-1,0.22,4.92306432,0.12,70300000.0,50300000.0,0.0,0.0,6.0,,,
2026-10-08 10:24:26.018535376+00:00,socialnetwork-media-service-1,0.0,2.0730347520000003,0.05,12200.0,126.0,1120000.0,0.0,2.0,,,
2026-10-08 10:24:26.018535376+00:00,socialnetwork-user-service-1,0.0,7.118782464,0.18,1300000.0,645000.0,5540000.0,0.0,3.0,,,
2026-10-08 10:24:26.018535376+00:00,socialnetwork-home-timeline-service-1,0.05,5.173673984000001,0.13,31400000.0,31200000.0,1890000.0,0.0,4.0,,,
2026-10-08 10:24:26.018535376+00:00,socialnetwork-user-mention-service-1,0.0,2.780823552,0.07,11000.0,126.0,991000.0,0.0,2.0,,,
2026-10-08 10:24:26.018535376+00:00,socialnetwork-unique-id-service-1,0.0,2.080374784,0.05,11700.0,126.0,967000.0,0.0,2.0,,,
2026-10-08 10:24:26.018535376+00:00,socialnetwork-social-graph-service-1,0.0,3.375366144,0.08,1300000.0,645000.0,1710000.0,0.0,3.0,,,
2026-10-08 10:24:26.018535376+00:00,socialnetwork-user-timeline-service-1,0.04,6.87341568,0.17,31500000.0,30700000.0,3620000.0,0.0,5.0,,,
2026-10-08 10:24:26.018535376+00:00,socialnetwork-text-service-1,0.0,2.178940928,0.05,11400.0,126.0,1070000.0,0.0,2.0,,,
2026-10-08 10:24:26.018535376+00:00,socialnetwork-url-shorten-memcached-1,0.01,8.974761983999999,0.22,11800.0,126.0,7470000.0,0.0,10.0,,,
2026-10-08 10:24:26.018535376+00:00,socialnetwork-user-timeline-redis-1,0.17,6.51689984,0.16,606000.0,1080000.0,127000.0,0.0,6.0,,,
2026-10-08 10:24:26.018535376+00:00,socialnetwork-media-memcached-1,0.01,2.1663580159999998,0.05,11200.0,126.0,0.0,0.0,10.0,,,
2026-10-08 10:24:26.018535376+00:00,socialnetwork-user-memcached-1,0.01,2.174746624,0.05,11100.0,126.0,0.0,0.0,10.0,,,
2026-10-08 10:24:26.018535376+00:00,socialnetwork-home-timeline-redis-1,0.16,62.99844608,1.58,614000.0,1080000.0,35200000.0,0.0,6.0,,,
2026-10-08 10:24:26.018535376+00:00,socialnetwork-post-storage-memcached-1,0.18,9.310306304,0.23,6820000.0,85800000.0,0.0,0.0,10.0,,,
2026-10-08 10:24:26.018535376+00:00,socialnetwork-social-graph-redis-1,0.15,7.492075519999999,0.19,10700.0,126.0,782000.0,0.0,6.0,,,
2026-10-08 10:24:26.018535376+00:00,socialnetwork-jaeger-agent-1,0.01,41.75429632,1.04,1870000.0,309000.0,33000000.0,0.0,8.0,,,
2026-10-08 10:24:26.018535376+00:00,socialnetwork-social-graph-mongodb-1,0.21,86.79063552,2.17,656000.0,1290000.0,25800000.0,86300000.0,34.0,,,
2026-10-08 10:24:26.018535376+00:00,socialnetwork-media-mongodb-1,0.22,63.30253312,1.58,10400.0,126.0,2020000.0,80500000.0,32.0,,,
2026-10-08 10:24:26.018535376+00:00,socialnetwork-user-mongodb-1,0.23,73.00186112,1.83,655000.0,1290000.0,12600000.0,86300000.0,34.0,,,
2026-10-08 10:24:26.018535376+00:00,socialnetwork-url-shorten-mongodb-1,0.2,64.1728512,1.61,655000.0,1290000.0,3340000.0,86300000.0,34.0,,,
2026-10-08 10:24:26.018535376+00:00,socialnetwork-post-storage-mongodb-1,0.25,71.60725504000001,1.79,655000.0,1330000.0,11600000.0,86700000.0,34.0,,,
2026-10-08 10:24:26.018535376+00:00,socialnetwork-user-timeline-mongodb-1,0.22,63.55419136,1.59,653000.0,1290000.0,3370000.0,86300000.0,34.0,,,
2026-10-08 10:24:36.019940853+00:00,socialnetwork-url-shorten-service-1,0.0,2.871001088,0.07,1300000.0,645000.0,971000.0,0.0,3.0,0.0,0.0,0.0
2026-10-08 10:24:36.019940853+00:00,socialnetwork-nginx-thrift-1,1.01,25.71108352,0.64,61500000.0,81500000.0,14100000.0,4100.0,5.0,0.0,0.0,0.0
2026-10-08 10:24:36.019940853+00:00,socialnetwork-media-frontend-1,0.0,23.530045440000002,0.59,10600.0,126.0,10100000.0,4100.0,17.0,0.0,0.0,0.0
2026-10-08 10:24:36.019940853+00:00,socialnetwork-compose-post-service-1,0.0,6.753878016,0.17,11900.0,126.0,6160000.0,0.0,2.0,0.0,0.0,0.0
2026-10-08 10:24:36.019940853+00:00,socialnetwork-post-storage-service-1,0.27,4.956618752000001,0.12,70900000.0,50700000.0,0.0,0.0,7.0,1.0,1.0,0.0
2026-10-08 10:24:36.019940853+00:00,socialnetwork-media-service-1,0.0,2.0730347520000003,0.05,12200.0,126.0,1120000.0,0.0,2.0,0.0,0.0,0.0
2026-10-08 10:24:36.019940853+00:00,socialnetwork-user-service-1,0.0,7.118782464,0.18,1300000.0,645000.0,5540000.0,0.0,3.0,0.0,0.0,0.0
2026-10-08 10:24:36.019940853+00:00,socialnetwork-home-timeline-service-1,0.06,4.915724288,0.12,31600000.0,31400000.0,1890000.0,0.0,4.0,2.0,2.0,0.0
2026-10-08 10:24:36.019940853+00:00,socialnetwork-user-mention-service-1,0.0,2.780823552,0.07,11000.0,126.0,991000.0,0.0,2.0,0.0,0.0,0.0
2026-10-08 10:24:36.019940853+00:00,socialnetwork-unique-id-service-1,0.0,2.080374784,0.05,11700.0,126.0,967000.0,0.0,2.0,0.0,0.0,0.0
2026-10-08 10:24:36.019940853+00:00,socialnetwork-social-graph-service-1,0.0,3.375366144,0.08,1300000.0,645000.0,1710000.0,0.0,3.0,0.0,0.0,0.0
2026-10-08 10:24:36.019940853+00:00,socialnetwork-user-timeline-service-1,0.13,7.168065536,0.18,31700000.0,30800000.0,3620000.0,0.0,6.0,2.0,2.0,0.0
2026-10-08 10:24:36.019940853+00:00,socialnetwork-text-service-1,0.0,2.178940928,0.05,11400.0,126.0,1070000.0,0.0,2.0,0.0,0.0,0.0
2026-10-08 10:24:36.019940853+00:00,socialnetwork-url-shorten-memcached-1,0.01,8.974761983999999,0.22,11800.0,126.0,7470000.0,0.0,10.0,0.0,0.0,0.0
2026-10-08 10:24:36.019940853+00:00,socialnetwork-user-timeline-redis-1,0.18,6.25475584,0.16,609000.0,1080000.0,127000.0,0.0,6.0,0.0,0.0,0.0
2026-10-08 10:24:36.019940853+00:00,socialnetwork-media-memcached-1,0.01,2.1663580159999998,0.05,11200.0,126.0,0.0,0.0,10.0,0.0,0.0,0.0
2026-10-08 10:24:36.019940853+00:00,socialnetwork-user-memcached-1,0.01,2.174746624,0.05,11100.0,126.0,0.0,0.0,10.0,0.0,0.0,0.0
2026-10-08 10:24:36.019940853+00:00,socialnetwork-home-timeline-redis-1,0.12,62.99844608,1.58,617000.0,1090000.0,35200000.0,0.0,6.0,0.0,0.0,0.0
2026-10-08 10:24:36.019940853+00:00,socialnetwork-post-storage-memcached-1,0.19,8.790212608,0.22,6860000.0,86400000.0,0.0,0.0,10.0,0.0,0.0,0.0
2026-10-08 10:24:36.019940853+00:00,socialnetwork-social-graph-redis-1,0.15,7.492075519999999,0.19,10700.0,126.0,782000.0,0.0,6.0,0.0,0.0,0.0
2026-10-08 10:24:36.019940853+00:00,socialnetwork-jaeger-agent-1,0.02,41.75429632,1.04,1870000.0,310000.0,33000000.0,0.0,8.0,0.0,0.0,0.0
2026-10-08 10:24:36.019940853+00:00,socialnetwork-social-graph-mongodb-1,0.26,86.79063552,2.17,656000.0,1290000.0,25800000.0,86300000.0,34.0,1.0,0.0,0.0
2026-10-08 10:24:36.019940853+00:00,socialnetwork-media-mongodb-1,0.26,63.30253312,1.58,10400.0,126.0,2020000.0,80500000.0,32.0,1.0,0.0,0.0
2026-10-08 10:24:36.019940853+00:00,socialnetwork-user-mongodb-1,0.28,73.26400512000001,1.83,656000.0,1290000.0,12600000.0,86300000.0,34.0,1.0,0.0,0.0
2026-10-08 10:24:36.019940853+00:00,socialnetwork-url-shorten-mongodb-1,0.25,64.1728512,1.61,655000.0,1290000.0,3340000.0,86300000.0,34.0,1.0,0.0,0.0
2026-10-08 10:24:36.019940853+00:00,socialnetwork-post-storage-mongodb-1,0.29,71.86939904,1.8,655000.0,1330000.0,11600000.0,86700000.0,34.0,1.0,0.0,0.0
2026-10-08 10:24:36.019940853+00:00,socialnetwork-user-timeline-mongodb-1,0.32,64.07847936,1.6,654000.0,1290000.0,3370000.0,86300000.0,34.0,1.0,0.0,0.0
2026-10-08 10:24:46.030571938+00:00,socialnetwork-url-shorten-service-1,0.0,2.871001088,0.07,1300000.0,645000.0,971000.0,0.0,3.0,,,
2026-10-08 10:24:46.030571938+00:00,socialnetwork-nginx-thrift-1,0.85,25.98371328,0.65,61900000.0,81900000.0,14100000.0,4100.0,5.0,,,
2026-10-08 10:24:46.030571938+00:00,socialnetwork-media-frontend-1,0.0,23.530045440000002,0.59,10600.0,126.0,10100000.0,4100.0,17.0,,,
2026-10-08 10:24:46.030571938+00:00,socialnetwork-compose-post-service-1,0.0,6.753878016,0.17,11900.0,126.0,6160000.0,0.0,2.0,,,
2026-10-08 10:24:46.030571938+00:00,socialnetwork-post-storage-service-1,0.28,4.92306432,0.12,71400000.0,51000000.0,0.0,0.0,6.0,,,
2026-10-08 10:24:46.030571938+00:00,socialnetwork-media-service-1,0.0,2.0730347520000003,0.05,12200.0,126.0,1120000.0,0.0,2.0,,,
2026-10-08 10:24:46.030571938+00:00,socialnetwork-user-service-1,0.0,7.118782464,0.18,1300000.0,645000.0,5540000.0,0.0,3.0,,,
2026-10-08 10:24:46.030571938+00:00,socialnetwork-home-timeline-service-1,0.07,4.989124608,0.12,31800000.0,31500000.0,1890000.0,0.0,6.0,,,
2026-10-08 10:24:46.030571938+00:00,socialnetwork-user-mention-service-1,0.0,2.780823552,0.07,11000.0,126.0,991000.0,0.0,2.0,,,
2026-10-08 10:24:46.030571938+00:00,socialnetwork-unique-id-service-1,0.0,2.080374784,0.05,11700.0,126.0,967000.0,0.0,2.0,,,
2026-10-08 10:24:46.030571938+00:00,socialnetwork-social-graph-service-1,0.0,3.375366144,0.08,1300000.0,645000.0,1710000.0,0.0,3.0,,,
2026-10-08 10:24:46.030571938+00:00,socialnetwork-user-timeline-service-1,0.07,6.938427392,0.17,31900000.0,31000000.0,3620000.0,0.0,7.0,,,
2026-10-08 10:24:46.030571938+00:00,socialnetwork-text-service-1,0.0,2.178940928,0.05,11400.0,126.0,1070000.0,0.0,2.0,,,
2026-10-08 10:24:46.030571938+00:00,socialnetwork-url-shorten-memcached-1,0.01,8.974761983999999,0.22,11800.0,126.0,7470000.0,0.0,10.0,,,
2026-10-08 10:24:46.030571938+00:00,socialnetwork-user-timeline-redis-1,0.17,6.25475584,0.16,612000.0,1090000.0,127000.0,0.0,6.0,,,
2026-10-08 10:24:46.030571938+00:00,socialnetwork-media-memcached-1,0.01,2.1663580159999998,0.05,11200.0,126.0,0.0,0.0,10.0,,,
2026-10-08 10:24:46.030571938+00:00,socialnetwork-user-memcached-1,0.01,2.174746624,0.05,11100.0,126.0,0.0,0.0,10.0,,,
2026-10-08 10:24:46.030571938+00:00,socialnetwork-home-timeline-redis-1,0.18,63.25010432,1.58,620000.0,1090000.0,35200000.0,0.0,6.0,,,
2026-10-08 10:24:46.030571938+00:00,socialnetwork-post-storage-memcached-1,0.2,9.027190784,0.23,6900000.0,86800000.0,0.0,0.0,10.0,,,
2026-10-08 10:24:46.030571938+00:00,socialnetwork-social-graph-redis-1,0.16,7.7542195199999995,0.19,10700.0,126.0,782000.0,0.0,6.0,,,
2026-10-08 10:24:46.030571938+00:00,socialnetwork-jaeger-agent-1,0.01,41.75429632,1.04,1880000.0,312000.0,33000000.0,0.0,8.0,,,
2026-10-08 10:24:46.030571938+00:00,socialnetwork-social-graph-mongodb-1,0.23,86.79063552,2.17,656000.0,1290000.0,25800000.0,86300000.0,34.0,,,
2026-10-08 10:24:46.030571938+00:00,socialnetwork-media-mongodb-1,0.22,63.30253312,1.58,10400.0,126.0,2020000.0,80600000.0,32.0,,,
2026-10-08 10:24:46.030571938+00:00,socialnetwork-user-mongodb-1,0.22,73.00186112,1.83,656000.0,1290000.0,12600000.0,86300000.0,34.0,,,
2026-10-08 10:24:46.030571938+00:00,socialnetwork-url-shorten-mongodb-1,0.2,64.1728512,1.61,656000.0,1290000.0,3340000.0,86400000.0,34.0,,,
2026-10-08 10:24:46.030571938+00:00,socialnetwork-post-storage-mongodb-1,0.24,71.86939904,1.8,655000.0,1330000.0,11600000.0,86700000.0,34.0,,,
2026-10-08 10:24:46.030571938+00:00,socialnetwork-user-timeline-mongodb-1,0.25,63.55419136,1.59,654000.0,1290000.0,3370000.0,86400000.0,34.0,,,
2026-10-08 10:24:56.042834282+00:00,socialnetwork-url-shorten-service-1,0.0,2.871001088,0.07,1300000.0,645000.0,971000.0,0.0,3.0,,,
2026-10-08 10:24:56.042834282+00:00,socialnetwork-nginx-thrift-1,0.9,25.73205504,0.64,62200000.0,82400000.0,14100000.0,4100.0,5.0,,,
2026-10-08 10:24:56.042834282+00:00,socialnetwork-media-frontend-1,0.0,23.530045440000002,0.59,10600.0,126.0,10100000.0,4100.0,17.0,,,
2026-10-08 10:24:56.042834282+00:00,socialnetwork-compose-post-service-1,0.0,6.753878016,0.17,11900.0,126.0,6160000.0,0.0,2.0,,,
2026-10-08 10:24:56.042834282+00:00,socialnetwork-post-storage-service-1,0.27,5.398069248,0.14,71900000.0,51400000.0,0.0,0.0,5.0,,,
2026-10-08 10:24:56.042834282+00:00,socialnetwork-media-service-1,0.0,2.0730347520000003,0.05,12200.0,126.0,1120000.0,0.0,2.0,,,
2026-10-08 10:24:56.042834282+00:00,socialnetwork-user-service-1,0.0,7.118782464,0.18,1300000.0,645000.0,5540000.0,0.0,3.0,,,
2026-10-08 10:24:56.042834282+00:00,socialnetwork-home-timeline-service-1,0.09,4.94403584,0.12,31900000.0,31700000.0,1890000.0,0.0,5.0,,,
2026-10-08 10:24:56.042834282+00:00,socialnetwork-user-mention-service-1,0.0,2.780823552,0.07,11000.0,126.0,991000.0,0.0,2.0,,,
2026-10-08 10:24:56.042834282+00:00,socialnetwork-unique-id-service-1,0.0,2.080374784,0.05,11700.0,126.0,967000.0,0.0,2.0,,,
2026-10-08 10:24:56.042834282+00:00,socialnetwork-social-graph-service-1,0.0,3.375366144,0.08,1300000.0,645000.0,1710000.0,0.0,3.0,,,
2026-10-08 10:24:56.042834282+00:00,socialnetwork-user-timeline-service-1,0.06,7.1596769280000006,0.18,32000000.0,31200000.0,3620000.0,0.0,6.0,,,
2026-10-08 10:24:56.042834282+00:00,socialnetwork-text-service-1,0.0,2.178940928,0.05,11400.0,126.0,1070000.0,0.0,2.0,,,
2026-10-08 10:24:56.042834282+00:00,socialnetwork-url-shorten-memcached-1,0.01,8.974761983999999,0.22,11800.0,126.0,7470000.0,0.0,10.0,,,
2026-10-08 10:24:56.042834282+00:00,socialnetwork-user-timeline-redis-1,0.14,6.25475584,0.16,615000.0,1090000.0,127000.0,0.0,6.0,,,
2026-10-08 10:24:56.042834282+00:00,socialnetwork-media-memcached-1,0.01,2.1663580159999998,0.05,11200.0,126.0,0.0,0.0,10.0,,,
2026-10-08 10:24:56.042834282+00:00,socialnetwork-user-memcached-1,0.01,2.174746624,0.05,11100.0,126.0,0.0,0.0,10.0,,,
2026-10-08 10:24:56.042834282+00:00,socialnetwork-home-timeline-redis-1,0.18,62.98796032,1.58,623000.0,1100000.0,35200000.0,0.0,6.0,,,
2026-10-08 10:24:56.042834282+00:00,socialnetwork-post-storage-memcached-1,0.22,9.301917696,0.23,6940000.0,87300000.0,0.0,0.0,10.0,,,
2026-10-08 10:24:56.042834282+00:00,socialnetwork-social-graph-redis-1,0.15,7.7542195199999995,0.19,10700.0,126.0,782000.0,0.0,6.0,,,
2026-10-08 10:24:56.042834282+00:00,socialnetwork-jaeger-agent-1,0.01,41.75429632,1.04,1890000.0,312000.0,33000000.0,0.0,8.0,,,
2026-10-08 10:24:56.042834282+00:00,socialnetwork-social-graph-mongodb-1,0.23,86.79063552,2.17,657000.0,1290000.0,25800000.0,86300000.0,34.0,,,
2026-10-08 10:24:56.042834282+00:00,socialnetwork-media-mongodb-1,0.25,63.30253312,1.58,10400.0,126.0,2020000.0,80600000.0,32.0,,,
2026-10-08 10:24:56.042834282+00:00,socialnetwork-user-mongodb-1,0.24,73.00186112,1.83,656000.0,1290000.0,12600000.0,86400000.0,34.0,,,
2026-10-08 10:24:56.042834282+00:00,socialnetwork-url-shorten-mongodb-1,0.25,64.1728512,1.61,656000.0,1290000.0,3340000.0,86400000.0,34.0,,,
2026-10-08 10:24:56.042834282+00:00,socialnetwork-post-storage-mongodb-1,0.25,71.60725504000001,1.79,656000.0,1330000.0,11600000.0,86800000.0,34.0,,,
2026-10-08 10:24:56.042834282+00:00,socialnetwork-user-timeline-mongodb-1,0.27,63.81633536,1.6,654000.0,1290000.0,3370000.0,86400000.0,34.0,,,
2026-10-08 10:25:06.044578552+00:00,socialnetwork-url-shorten-service-1,0.0,2.871001088,0.07,1300000.0,646000.0,971000.0,0.0,3.0,0.0,0.0,0.0
2026-10-08 10:25:06.044578552+00:00,socialnetwork-nginx-thrift-1,0.81,25.75302656,0.64,62600000.0,82900000.0,14100000.0,4100.0,5.0,0.0,0.0,0.0
2026-10-08 10:25:06.044578552+00:00,socialnetwork-media-frontend-1,0.0,23.530045440000002,0.59,10600.0,126.0,10100000.0,4100.0,17.0,0.0,0.0,0.0
2026-10-08 10:25:06.044578552+00:00,socialnetwork-compose-post-service-1,0.0,6.753878016,0.17,11900.0,126.0,6160000.0,0.0,2.0,0.0,0.0,0.0
2026-10-08 10:25:06.044578552+00:00,socialnetwork-post-storage-service-1,0.12,4.890558464,0.12,72400000.0,51800000.0,0.0,0.0,5.0,2.0,2.0,0.0
2026-10-08 10:25:06.044578552+00:00,socialnetwork-media-service-1,0.0,2.0730347520000003,0.05,12200.0,126.0,1120000.0,0.0,2.0,0.0,0.0,0.0
2026-10-08 10:25:06.044578552+00:00,socialnetwork-user-service-1,0.0,7.118782464,0.18,1300000.0,646000.0,5540000.0,0.0,3.0,0.0,0.0,0.0
2026-10-08 10:25:06.044578552+00:00,socialnetwork-home-timeline-service-1,0.06,5.173673984000001,0.13,32100000.0,31900000.0,1890000.0,0.0,4.0,2.0,2.0,0.0
2026-10-08 10:25:06.044578552+00:00,socialnetwork-user-mention-service-1,0.0,2.780823552,0.07,11000.0,126.0,991000.0,0.0,2.0,0.0,0.0,0.0
2026-10-08 10:25:06.044578552+00:00,socialnetwork-unique-id-service-1,0.0,2.080374784,0.05,11700.0,126.0,967000.0,0.0,2.0,0.0,0.0,0.0
2026-10-08 10:25:06.044578552+00:00,socialnetwork-social-graph-service-1,0.0,3.375366144,0.08,1300000.0,646000.0,1710000.0,0.0,3.0,0.0,0.0,0.0
2026-10-08 10:25:06.044578552+00:00,socialnetwork-user-timeline-service-1,0.08,7.131365376,0.18,32200000.000000004,31400000.0,3620000.0,0.0,5.0,1.0,1.0,0.0
2026-10-08 10:25:06.044578552+00:00,socialnetwork-text-service-1,0.0,2.178940928,0.05,11400.0,126.0,1070000.0,0.0,2.0,0.0,0.0,0.0
2026-10-08 10:25:06.044578552+00:00,socialnetwork-url-shorten-memcached-1,0.01,8.974761983999999,0.22,11800.0,126.0,7470000.0,0.0,10.0,0.0,0.0,0.0
2026-10-08 10:25:06.044578552+00:00,socialnetwork-user-timeline-redis-1,0.16,6.25475584,0.16,618000.0,1100000.0,127000.0,0.0,6.0,0.0,0.0,0.0
2026-10-08 10:25:06.044578552+00:00,socialnetwork-media-memcached-1,0.01,2.1663580159999998,0.05,11200.0,126.0,0.0,0.0,10.0,0.0,0.0,0.0
2026-10-08 10:25:06.044578552+00:00,socialnetwork-user-memcached-1,0.01,2.174746624,0.05,11100.0,126.0,0.0,0.0,10.0,0.0,0.0,0.0
2026-10-08 10:25:06.044578552+00:00,socialnetwork-home-timeline-redis-1,0.16,62.99844608,1.58,626000.0,1100000.0,35200000.0,0.0,6.0,0.0,0.0,0.0
2026-10-08 10:25:06.044578552+00:00,socialnetwork-post-storage-memcached-1,0.2,8.790212608,0.22,6980000.0,87800000.0,0.0,0.0,10.0,0.0,0.0,0.0
2026-10-08 10:25:06.044578552+00:00,socialnetwork-social-graph-redis-1,0.15,7.492075519999999,0.19,10700.0,126.0,782000.0,0.0,6.0,0.0,0.0,0.0
2026-10-08 10:25:06.044578552+00:00,socialnetwork-jaeger-agent-1,0.02,41.75429632,1.04,1910000.0,315000.0,33000000.0,0.0,8.0,0.0,0.0,0.0
2026-10-08 10:25:06.044578552+00:00,socialnetwork-social-graph-mongodb-1,0.29,86.79063552,2.17,657000.0,1290000.0,25800000.0,86400000.0,34.0,0.0,0.0,0.0
2026-10-08 10:25:06.044578552+00:00,socialnetwork-media-mongodb-1,0.25,63.56467712,1.59,10400.0,126.0,2020000.0,80600000.0,32.0,0.0,0.0,0.0
2026-10-08 10:25:06.044578552+00:00,socialnetwork-user-mongodb-1,0.28,73.26400512000001,1.83,656000.0,1290000.0,12600000.0,86400000.0,34.0,0.0,0.0,0.0
2026-10-08 10:25:06.044578552+00:00,socialnetwork-url-shorten-mongodb-1,0.26,64.69713920000001,1.62,656000.0,1290000.0,3340000.0,86400000.0,34.0,0.0,0.0,0.0
2026-10-08 10:25:06.044578552+00:00,socialnetwork-post-storage-mongodb-1,0.29,71.60725504000001,1.79,656000.0,1330000.0,11600000.0,86800000.0,34.0,0.0,0.0,0.0
2026-10-08 10:25:06.044578552+00:00,socialnetwork-user-timeline-mongodb-1,0.25,63.55419136,1.59,654000.0,1290000.0,3370000.0,86400000.0,34.0,0.0,0.0,0.0
2026-10-08 10:25:16.048792362+00:00,socialnetwork-url-shorten-service-1,0.0,2.871001088,0.07,1300000.0,646000.0,971000.0,0.0,3.0,,,
2026-10-08 10:25:16.048792362+00:00,socialnetwork-nginx-thrift-1,0.85,25.71108352,0.64,62900000.0,83300000.0,14100000.0,4100.0,5.0,,,
2026-10-08 10:25:16.048792362+00:00,socialnetwork-media-frontend-1,0.0,23.530045440000002,0.59,10600.0,126.0,10100000.0,4100.0,17.0,,,
2026-10-08 10:25:16.048792362+00:00,socialnetwork-compose-post-service-1,0.0,6.753878016,0.17,11900.0,126.0,6160000.0,0.0,2.0,,,
2026-10-08 10:25:16.048792362+00:00,socialnetwork-post-storage-service-1,0.27,5.18520832,0.13,72900000.0,52100000.0,0.0,0.0,6.0,,,
2026-10-08 10:25:16.048792362+00:00,socialnetwork-media-service-1,0.0,2.0730347520000003,0.05,12200.0,126.0,1120000.0,0.0,2.0,,,
2026-10-08 10:25:16.048792362+00:00,socialnetwork-user-service-1,0.0,7.118782464,0.18,1300000.0,646000.0,5540000.0,0.0,3.0,,,
2026-10-08 10:25:16.048792362+00:00,socialnetwork-home-timeline-service-1,0.0,4.911529984,0.12,32299999.999999996,32100000.0,1890000.0,0.0,4.0,,,
2026-10-08 10:25:16.048792362+00:00,socialnetwork-user-mention-service-1,0.0,2.780823552,0.07,11000.0,126.0,991000.0,0.0,2.0,,,
2026-10-08 10:25:16.048792362+00:00,socialnetwork-unique-id-service-1,0.0,2.080374784,0.05,11700.0,126.0,967000.0,0.0,2.0,,,
2026-10-08 10:25:16.048792362+00:00,socialnetwork-social-graph-service-1,0.0,3.375366144,0.08,1300000.0,646000.0,1710000.0,0.0,3.0,,,
2026-10-08 10:25:16.048792362+00:00,socialnetwork-user-timeline-service-1,0.15,6.905921536,0.17,32400000.0,31500000.0,3620000.0,0.0,6.0,,,
2026-10-08 10:25:16.048792362+00:00,socialnetwork-text-service-1,0.0,2.178940928,0.05,11400.0,126.0,1070000.0,0.0,2.0,,,
2026-10-08 10:25:16.048792362+00:00,socialnetwork-url-shorten-memcached-1,0.01,8.974761983999999,0.22,11800.0,126.0,7470000.0,0.0,10.0,,,
2026-10-08 10:25:16.048792362+00:00,socialnetwork-user-timeline-redis-1,0.14,6.51689984,0.16,621000.0,1110000.0,127000.0,0.0,6.0,,,
2026-10-08 10:25:16.048792362+00:00,socialnetwork-media-memcached-1,0.01,2.1663580159999998,0.05,11200.0,126.0,0.0,0.0,10.0,,,
2026-10-08 10:25:16.048792362+00:00,socialnetwork-user-memcached-1,0.01,2.174746624,0.05,11100.0,126.0,0.0,0.0,10.0,,,
2026-10-08 10:25:16.048792362+00:00,socialnetwork-home-timeline-redis-1,0.17,62.73630208,1.57,628000.0,1110000.0,35200000.0,0.0,6.0,,,
2026-10-08 10:25:16.048792362+00:00,socialnetwork-post-storage-memcached-1,0.2,8.786018303999999,0.22,7010000.0,88300000.0,0.0,0.0,10.0,,,
2026-10-08 10:25:16.048792362+00:00,socialnetwork-social-graph-redis-1,0.12,7.7542195199999995,0.19,10700.0,126.0,782000.0,0.0,6.0,,,
2026-10-08 10:25:16.048792362+00:00,socialnetwork-jaeger-agent-1,0.01,41.75429632,1.04,1910000.0,315000.0,33000000.0,0.0,8.0,,,
2026-10-08 10:25:16.048792362+00:00,socialnetwork-social-graph-mongodb-1,0.21,87.05277952,2.18,657000.0,1290000.0,25800000.0,86400000.0,34.0,,,
2026-10-08 10:25:16.048792362+00:00,socialnetwork-media-mongodb-1,0.22,63.30253312,1.58,10400.0,126.0,2020000.0,80600000.0,32.0,,,
2026-10-08 10:25:16.048792362+00:00,socialnetwork-user-mongodb-1,0.21,73.26400512000001,1.83,656000.0,1290000.0,12600000.0,86400000.0,34.0,,,
2026-10-08 10:25:16.048792362+00:00,socialnetwork-url-shorten-mongodb-1,0.2,64.4349952,1.61,656000.0,1290000.0,3340000.0,86400000.0,34.0,,,
2026-10-08 10:25:16.048792362+00:00,socialnetwork-post-storage-mongodb-1,0.27,71.86939904,1.8,656000.0,1330000.0,11600000.0,86800000.0,34.0,,,
2026-10-08 10:25:16.048792362+00:00,socialnetwork-user-timeline-mongodb-1,0.24,63.55419136,1.59,654000.0,1290000.0,3370000.0,86400000.0,34.0,,,
2026-10-08 10:25:26.059606791+00:00,socialnetwork-url-shorten-service-1,0.0,2.871001088,0.07,1300000.0,646000.0,971000.0,0.0,3.0,,,
2026-10-08 10:25:26.059606791+00:00,socialnetwork-nginx-thrift-1,1.07,25.952256,0.65,63300000.0,83800000.0,14100000.0,4100.0,5.0,,,
2026-10-08 10:25:26.059606791+00:00,socialnetwork-media-frontend-1,0.0,23.530045440000002,0.59,10600.0,126.0,10100000.0,4100.0,17.0,,,
2026-10-08 10:25:26.059606791+00:00,socialnetwork-compose-post-service-1,0.0,6.753878016,0.17,11900.0,126.0,6160000.0,0.0,2.0,,,
2026-10-08 10:25:26.059606791+00:00,socialnetwork-post-storage-service-1,0.32,4.972347392,0.12,73400000.0,52500000.0,0.0,0.0,7.0,,,
2026-10-08 10:25:26.059606791+00:00,socialnetwork-media-service-1,0.0,2.0730347520000003,0.05,12200.0,126.0,1120000.0,0.0,2.0,,,
2026-10-08 10:25:26.059606791+00:00,socialnetwork-user-service-1,0.0,7.118782464,0.18,1300000.0,646000.0,5540000.0,0.0,3.0,,,
2026-10-08 10:25:26.059606791+00:00,socialnetwork-home-timeline-service-1,0.13,4.984930304,0.12,32500000.0,32299999.999999996,1890000.0,0.0,6.0,,,
2026-10-08 10:25:26.059606791+00:00,socialnetwork-user-mention-service-1,0.0,2.780823552,0.07,11000.0,126.0,991000.0,0.0,2.0,,,
2026-10-08 10:25:26.059606791+00:00,socialnetwork-unique-id-service-1,0.0,2.080374784,0.05,11700.0,126.0,967000.0,0.0,2.0,,,
2026-10-08 10:25:26.059606791+00:00,socialnetwork-social-graph-service-1,0.0,3.375366144,0.08,1300000.0,646000.0,1710000.0,0.0,3.0,,,
2026-10-08 10:25:26.059606791+00:00,socialnetwork-user-timeline-service-1,0.0,6.901727232,0.17,32500000.0,31700000.0,3620000.0,0.0,6.0,,,
2026-10-08 10:25:26.059606791+00:00,socialnetwork-text-service-1,0.0,2.178940928,0.05,11400.0,126.0,1070000.0,0.0,2.0,,,
2026-10-08 10:25:26.059606791+00:00,socialnetwork-url-shorten-memcached-1,0.02,8.974761983999999,0.22,11800.0,126.0,7470000.0,0.0,10.0,,,
2026-10-08 10:25:26.059606791+00:00,socialnetwork-user-timeline-redis-1,0.18,6.51689984,0.16,623000.0,1110000.0,127000.0,0.0,6.0,,,
2026-10-08 10:25:26.059606791+00:00,socialnetwork-media-memcached-1,0.01,2.1663580159999998,0.05,11200.0,126.0,0.0,0.0,10.0,,,
2026-10-08 10:25:26.059606791+00:00,socialnetwork-user-memcached-1,0.01,2.174746624,0.05,11100.0,126.0,0.0,0.0,10.0,,,
2026-10-08 10:25:26.059606791+00:00,socialnetwork-home-timeline-redis-1,0.14,62.73630208,1.57,632000.0,1120000.0,35200000.0,0.0,6.0,,,
2026-10-08 10:25:26.059606791+00:00,socialnetwork-post-storage-memcached-1,0.19,9.043968,0.23,7050000.0,88800000.0,0.0,0.0,10.0,,,
2026-10-08 10:25:26.059606791+00:00,socialnetwork-social-graph-redis-1,0.14,7.7542195199999995,0.19,10700.0,126.0,782000.0,0.0,6.0,,,
2026-10-08 10:25:26.059606791+00:00,socialnetwork-jaeger-agent-1,0.01,41.75429632,1.04,1940000.0,318000.0,33000000.0,0.0,8.0,,,
2026-10-08 10:25:26.059606791+00:00,socialnetwork-social-graph-mongodb-1,0.26,86.79063552,2.17,657000.0,1290000.0,25800000.0,86500000.0,34.0,,,
2026-10-08 10:25:26.059606791+00:00,socialnetwork-media-mongodb-1,0.28,63.56467712,1.59,10400.0,126.0,2020000.0,80700000.0,32.0,,,
2026-10-08 10:25:26.059606791+00:00,socialnetwork-user-mongodb-1,0.27,73.00186112,1.83,657000.0,1290000.0,12600000.0,86500000.0,34.0,,,
2026-10-08 10:25:26.059606791+00:00,socialnetwork-url-shorten-mongodb-1,0.25,64.1728512,1.61,656000.0,1290000.0,3340000.0,86500000.0,34.0,,,
2026-10-08 10:25:26.059606791+00:00,socialnetwork-post-storage-mongodb-1,0.3,71.8798848,1.8,656000.0,1330000.0,11600000.0,86900000.0,34.0,,,
2026-10-08 10:25:26.059606791+00:00,socialnetwork-user-timeline-mongodb-1,0.27,63.55419136,1.59,654000.0,1290000.0,3370000.0,86500000.0,34.0,,,
